;EU Natural Gas
13-oct-2023;53,982
12-oct-2023;53,002
11-oct-2023;46,068
10-oct-2023;49,455
09-oct-2023;43,953
06-oct-2023;38,231
05-oct-2023;36,207
04-oct-2023;38,441
03-oct-2023;36,987
02-oct-2023;39,335
29-sept-2023;41,859
28-sept-2023;39,736
27-sept-2023;39,296
26-sept-2023;40,322
25-sept-2023;44,442
22-sept-2023;39,791
21-sept-2023;39,105
20-sept-2023;37,284
19-sept-2023;36,782
18-sept-2023;34,475
15-sept-2023;36,483
14-sept-2023;35,521
13-sept-2023;36,817
12-sept-2023;34,701
11-sept-2023;35,848
08-sept-2023;34,508
07-sept-2023;32,755
06-sept-2023;31,075
05-sept-2023;34,449
04-sept-2023;33,571
01-sept-2023;35,617
31-aug-2023;35,029
30-aug-2023;35,992
29-aug-2023;35,195
28-aug-2023;38,414
25-aug-2023;34,777
24-aug-2023;31,938
23-aug-2023;36,786
22-aug-2023;42,908
21-aug-2023;40,782
18-aug-2023;36,410
17-aug-2023;36,825
16-aug-2023;37,784
15-aug-2023;38,813
14-aug-2023;34,434
11-aug-2023;35,300
10-aug-2023;37,056
09-aug-2023;39,823
08-aug-2023;31,066
07-aug-2023;30,487
04-aug-2023;28,853
03-aug-2023;30,473
02-aug-2023;28,742
01-aug-2023;27,123
31-iul-2023;28,366
28-iul-2023;25,841
27-iul-2023;28,434
26-iul-2023;29,275
25-iul-2023;32,648
24-iul-2023;30,557
21-iul-2023;28,164
20-iul-2023;28,018
19-iul-2023;26,963
18-iul-2023;27,069
17-iul-2023;25,101
14-iul-2023;25,957
13-iul-2023;26,607
12-iul-2023;26,639
11-iul-2023;29,061
10-iul-2023;30,227
07-iul-2023;33,478
06-iul-2023;32,348
05-iul-2023;34,373
04-iul-2023;35,410
03-iul-2023;33,929
30-iun-2023;37,103
29-iun-2023;35,180
28-iun-2023;34,125
27-iun-2023;34,506
26-iun-2023;31,975
23-iun-2023;32,507
22-iun-2023;34,097
21-iun-2023;36,743
20-iun-2023;38,708
19-iun-2023;34,898
16-iun-2023;35,008
15-iun-2023;41,145
14-iun-2023;38,312
13-iun-2023;36,051
12-iun-2023;31,036
09-iun-2023;32,049
08-iun-2023;26,945
07-iun-2023;26,331
06-iun-2023;24,860
05-iun-2023;28,478
02-iun-2023;23,689
01-iun-2023;23,103
31-mai-2023;26,852
30-mai-2023;24,681
29-mai-2023;24,562
26-mai-2023;24,520
25-mai-2023;25,452
24-mai-2023;27,785
23-mai-2023;29,127
22-mai-2023;29,711
19-mai-2023;30,176
18-mai-2023;29,785
17-mai-2023;31,953
16-mai-2023;31,821
15-mai-2023;32,314
12-mai-2023;32,767
11-mai-2023;34,993
10-mai-2023;34,993
09-mai-2023;35,950
08-mai-2023;36,874
05-mai-2023;36,574
04-mai-2023;35,653
03-mai-2023;36,782
02-mai-2023;37,529
01-mai-2023;38,834
28-apr-2023;38,538
27-apr-2023;39,039
26-apr-2023;38,551
25-apr-2023;39,833
24-apr-2023;39,925
21-apr-2023;40,164
20-apr-2023;40,565
19-apr-2023;40,298
18-apr-2023;42,722
17-apr-2023;41,127
14-apr-2023;41,149
13-apr-2023;42,093
12-apr-2023;42,880
11-apr-2023;43,692
10-apr-2023;43,125
06-apr-2023;43,125
05-apr-2023;44,575
04-apr-2023;46,568
03-apr-2023;51,367
31-mar-2023;47,843
30-mar-2023;43,609
29-mar-2023;42,803
28-mar-2023;42,752
27-mar-2023;42,528
24-mar-2023;41,094
23-mar-2023;43,186
22-mar-2023;39,974
21-mar-2023;42,400
20-mar-2023;39,325
17-mar-2023;42,857
16-mar-2023;44,341
15-mar-2023;42,905
14-mar-2023;44,185
13-mar-2023;49,584
10-mar-2023;52,857
09-mar-2023;43,599
08-mar-2023;42,339
07-mar-2023;43,370
06-mar-2023;42,149
03-mar-2023;44,980
02-mar-2023;46,815
01-mar-2023;47,084
28-feb-2023;46,665
27-feb-2023;47,299
24-feb-2023;51,013
23-feb-2023;50,780
22-feb-2023;50,568
21-feb-2023;48,542
20-feb-2023;49,874
17-feb-2023;49,047
16-feb-2023;52,011
15-feb-2023;54,716
14-feb-2023;52,386
13-feb-2023;51,707
10-feb-2023;53,947
09-feb-2023;52,734
08-feb-2023;53,687
07-feb-2023;55,403
06-feb-2023;58,109
03-feb-2023;57,889
02-feb-2023;57,040
01-feb-2023;59,527
31-ian-2023;57,352
30-ian-2023;55,156
27-ian-2023;55,425
26-ian-2023;54,815
25-ian-2023;56,660
24-ian-2023;58,269
23-ian-2023;65,999
20-ian-2023;66,898
19-ian-2023;60,717
18-ian-2023;61,709
17-ian-2023;60,061
16-ian-2023;55,454
13-ian-2023;64,812
12-ian-2023;66,809
11-ian-2023;65,346
10-ian-2023;70,071
09-ian-2023;74,302
06-ian-2023;69,534
05-ian-2023;72,422
04-ian-2023;65,022
03-ian-2023;72,314
02-ian-2023;77,017
30-dec-2022;76,315
29-dec-2022;83,830
28-dec-2022;81,351
27-dec-2022;80,043
23-dec-2022;82,977
22-dec-2022;91,938
21-dec-2022;97,752
20-dec-2022;105,688
19-dec-2022;108,543
16-dec-2022;115,451
15-dec-2022;134,767
14-dec-2022;131,511
13-dec-2022;137,529
12-dec-2022;136,590
09-dec-2022;139,113
08-dec-2022;138,893
07-dec-2022;149,245
06-dec-2022;138,488
05-dec-2022;134,699
02-dec-2022;135,562
01-dec-2022;139,258
30-nov-2022;146,397
29-nov-2022;132,286
28-nov-2022;123,282
25-nov-2022;124,370
24-nov-2022;123,785
23-nov-2022;129,620
22-nov-2022;119,639
21-nov-2022;116,128
18-nov-2022;115,509
17-nov-2022;112,556
16-nov-2022;113,900
15-nov-2022;124,104
14-nov-2022;113,704
11-nov-2022;97,853
10-nov-2022;113,452
09-nov-2022;113,144
08-nov-2022;118,147
07-nov-2022;109,683
04-nov-2022;114,786
03-nov-2022;125,445
02-nov-2022;125,863
01-nov-2022;116,193
31-oct-2022;123,352
28-oct-2022;112,244
27-oct-2022;107,384
26-oct-2022;104,320
25-oct-2022;99,794
24-oct-2022;99,170
21-oct-2022;113,576
20-oct-2022;127,147
19-oct-2022;112,510
18-oct-2022;113,222
17-oct-2022;127,978
14-oct-2022;141,997
13-oct-2022;153,809
12-oct-2022;160,190
11-oct-2022;156,781
10-oct-2022;154,118
07-oct-2022;156,207
06-oct-2022;175,712
05-oct-2022;173,693
04-oct-2022;161,950
03-oct-2022;169,912
30-sept-2022;188,800
29-sept-2022;187,665
28-sept-2022;207,187
27-sept-2022;186,099
26-sept-2022;173,834
23-sept-2022;185,495
22-sept-2022;187,468
21-sept-2022;189,781
20-sept-2022;194,259
19-sept-2022;182,262
16-sept-2022;187,793
15-sept-2022;214,283
14-sept-2022;217,882
13-sept-2022;198,612
12-sept-2022;190,588
09-sept-2022;207,091
08-sept-2022;220,541
07-sept-2022;213,883
06-sept-2022;239,842
05-sept-2022;245,926
02-sept-2022;214,665
01-sept-2022;243,004
31-aug-2022;239,907
30-aug-2022;252,937
29-aug-2022;272,603
26-aug-2022;339,196
25-aug-2022;321,414
24-aug-2022;292,150
23-aug-2022;269,049
22-aug-2022;276,748
19-aug-2022;244,550
18-aug-2022;241,004
17-aug-2022;225,835
16-aug-2022;225,914
15-aug-2022;220,110
12-aug-2022;206,108
11-aug-2022;208,110
10-aug-2022;205,367
09-aug-2022;192,184
08-aug-2022;193,055
05-aug-2022;196,320
04-aug-2022;199,248
03-aug-2022;199,195
02-aug-2022;205,174
01-aug-2022;200,794
29-iul-2022;190,915
28-iul-2022;198,930
27-iul-2022;205,225
26-iul-2022;199,918
25-iul-2022;176,616
22-iul-2022;159,864
21-iul-2022;155,600
20-iul-2022;155,038
19-iul-2022;154,457
18-iul-2022;157,258
15-iul-2022;159,567
14-iul-2022;175,033
13-iul-2022;180,505
12-iul-2022;172,609
11-iul-2022;164,520
08-iul-2022;175,212
07-iul-2022;183,183
06-iul-2022;170,999
05-iul-2022;165,073
04-iul-2022;162,940
01-iul-2022;147,784
30-iun-2022;144,514
29-iun-2022;139,588
28-iun-2022;129,176
27-iun-2022;129,459
24-iun-2022;128,505
23-iun-2022;133,347
22-iun-2022;127,171
21-iun-2022;125,560
20-iun-2022;120,627
17-iun-2022;117,738
16-iun-2022;124,364
15-iun-2022;120,332
14-iun-2022;97,040
13-iun-2022;83,402
10-iun-2022;82,464
09-iun-2022;84,880
08-iun-2022;79,407
07-iun-2022;79,608
06-iun-2022;82,558
03-iun-2022;83,101
02-iun-2022;83,945
01-iun-2022;85,551
31-mai-2022;94,004
30-mai-2022;87,987
27-mai-2022;86,875
26-mai-2022;85,971
25-mai-2022;88,078
24-mai-2022;84,507
23-mai-2022;83,288
20-mai-2022;87,902
19-mai-2022;91,024
18-mai-2022;94,538
17-mai-2022;94,175
16-mai-2022;92,860
13-mai-2022;96,881
12-mai-2022;106,701
11-mai-2022;94,012
10-mai-2022;98,801
09-mai-2022;93,787
06-mai-2022;101,708
05-mai-2022;106,508
04-mai-2022;103,821
03-mai-2022;99,426
02-mai-2022;97,051
29-apr-2022;99,450
28-apr-2022;100,142
27-apr-2022;107,427
26-apr-2022;103,208
25-apr-2022;92,837
22-apr-2022;94,875
21-apr-2022;100,061
20-apr-2022;94,231
19-apr-2022;93,768
18-apr-2022;95,620
14-apr-2022;95,620
13-apr-2022;105,324
12-apr-2022;102,219
11-apr-2022;100,137
08-apr-2022;103,882
07-apr-2022;104,564
06-apr-2022;106,791
05-apr-2022;108,564
04-apr-2022;109,523
01-apr-2022;112,150
31-mar-2022;125,906
30-mar-2022;118,970
29-mar-2022;108,381
28-mar-2022;102,545
25-mar-2022;101,269
24-mar-2022;111,608
23-mar-2022;117,001
22-mar-2022;98,747
21-mar-2022;96,302
18-mar-2022;105,044
17-mar-2022;105,088
16-mar-2022;102,623
15-mar-2022;115,439
14-mar-2022;114,522
11-mar-2022;131,229
10-mar-2022;126,399
09-mar-2022;155,880
08-mar-2022;214,554
07-mar-2022;227,201
04-mar-2022;192,550
03-mar-2022;160,823
02-mar-2022;165,543
01-mar-2022;121,674
28-feb-2022;98,595
25-feb-2022;94,422
24-feb-2022;134,316
23-feb-2022;88,891
22-feb-2022;79,789
21-feb-2022;72,564
18-feb-2022;73,762
17-feb-2022;74,914
16-feb-2022;69,795
15-feb-2022;70,919
14-feb-2022;80,771
11-feb-2022;77,426
10-feb-2022;74,353
09-feb-2022;74,417
08-feb-2022;77,300
07-feb-2022;79,595
04-feb-2022;82,652
03-feb-2022;80,223
02-feb-2022;77,351
01-feb-2022;76,167
31-ian-2022;84,672
28-ian-2022;92,062
27-ian-2022;92,301
26-ian-2022;91,837
25-ian-2022;93,582
24-ian-2022;93,000
21-ian-2022;78,980
20-ian-2022;75,203
19-ian-2022;75,602
18-ian-2022;78,334
17-ian-2022;77,012
14-ian-2022;86,970
13-ian-2022;85,460
12-ian-2022;75,153
11-ian-2022;78,736
10-ian-2022;84,607
07-ian-2022;88,174
06-ian-2022;96,502
05-ian-2022;91,522
04-ian-2022;88,741
03-ian-2022;80,434
31-dec-2021;70,343
30-dec-2021;87,027
29-dec-2021;96,476
28-dec-2021;106,590
27-dec-2021;106,893
24-dec-2021;110,469
23-dec-2021;132,579
22-dec-2021;172,875
21-dec-2021;180,267
20-dec-2021;146,926
17-dec-2021;136,913
16-dec-2021;142,765
15-dec-2021;132,284
14-dec-2021;128,301
13-dec-2021;116,084
10-dec-2021;105,776
09-dec-2021;100,445
08-dec-2021;101,502
07-dec-2021;95,883
06-dec-2021;89,928
03-dec-2021;89,478
02-dec-2021;94,830
01-dec-2021;95,675
30-nov-2021;92,513
29-nov-2021;93,146
26-nov-2021;87,772
25-nov-2021;93,194
24-nov-2021;93,984
23-nov-2021;90,927
22-nov-2021;84,017
19-nov-2021;87,125
18-nov-2021;95,167
17-nov-2021;95,004
16-nov-2021;94,189
15-nov-2021;79,947
12-nov-2021;75,675
11-nov-2021;74,790
10-nov-2021;70,123
09-nov-2021;72,587
08-nov-2021;79,074
05-nov-2021;74,027
04-nov-2021;73,376
03-nov-2021;76,542
02-nov-2021;67,606
01-nov-2021;65,619
29-oct-2021;64,864
28-oct-2021;77,032
27-oct-2021;86,819
26-oct-2021;88,493
25-oct-2021;88,643
22-oct-2021;87,338
21-oct-2021;88,463
20-oct-2021;93,451
19-oct-2021;89,932
18-oct-2021;93,933
15-oct-2021;93,648
14-oct-2021;102,172
13-oct-2021;93,616
12-oct-2021;85,698
11-oct-2021;85,216
08-oct-2021;87,606
07-oct-2021;96,584
06-oct-2021;108,191
05-oct-2021;116,020
04-oct-2021;96,652
01-oct-2021;93,625
30-sept-2021;97,774
29-sept-2021;86,609
28-sept-2021;78,565
27-sept-2021;76,507
24-sept-2021;70,240
23-sept-2021;69,684
22-sept-2021;71,692
21-sept-2021;73,782
20-sept-2021;75,317
17-sept-2021;65,103
16-sept-2021;63,251
15-sept-2021;70,707
14-sept-2021;65,764
13-sept-2021;61,279
10-sept-2021;57,916
09-sept-2021;56,581
08-sept-2021;55,288
07-sept-2021;53,908
06-sept-2021;52,874
03-sept-2021;51,505
02-sept-2021;51,916
01-sept-2021;50,232
31-aug-2021;50,338
30-aug-2021;49,679
27-aug-2021;47,806
26-aug-2021;45,788
25-aug-2021;45,285
24-aug-2021;44,870
23-aug-2021;41,680
20-aug-2021;41,944
19-aug-2021;40,395
18-aug-2021;45,385
17-aug-2021;46,949
16-aug-2021;47,988
13-aug-2021;44,628
12-aug-2021;45,871
11-aug-2021;45,986
10-aug-2021;44,655
09-aug-2021;42,786
06-aug-2021;43,118
05-aug-2021;42,899
04-aug-2021;42,253
03-aug-2021;41,243
02-aug-2021;42,153
30-iul-2021;40,756
29-iul-2021;41,154
28-iul-2021;39,698
27-iul-2021;37,590
26-iul-2021;36,914
23-iul-2021;35,523
22-iul-2021;36,129
21-iul-2021;35,949
20-iul-2021;35,165
19-iul-2021;35,649
16-iul-2021;34,842
15-iul-2021;33,797
14-iul-2021;34,775
13-iul-2021;35,463
12-iul-2021;34,649
09-iul-2021;36,632
08-iul-2021;33,312
07-iul-2021;32,338
06-iul-2021;34,105
05-iul-2021;37,945
02-iul-2021;35,827
01-iul-2021;36,143
30-iun-2021;34,622
29-iun-2021;33,486
28-iun-2021;32,289
25-iun-2021;32,383
24-iun-2021;32,016
23-iun-2021;31,547
22-iun-2021;30,737
21-iun-2021;29,616
18-iun-2021;29,404
17-iun-2021;28,312
16-iun-2021;28,030
15-iun-2021;28,133
14-iun-2021;28,810
11-iun-2021;27,845
10-iun-2021;28,687
09-iun-2021;28,298
08-iun-2021;27,802
07-iun-2021;26,492
04-iun-2021;25,795
03-iun-2021;25,707
02-iun-2021;25,723
01-iun-2021;25,975
31-mai-2021;25,123
28-mai-2021;24,931
27-mai-2021;25,199
26-mai-2021;26,427
25-mai-2021;26,188
24-mai-2021;24,761
21-mai-2021;24,794
20-mai-2021;24,685
19-mai-2021;22,663
18-mai-2021;24,811
17-mai-2021;26,310
14-mai-2021;26,830
13-mai-2021;26,251
12-mai-2021;26,420
11-mai-2021;25,803
10-mai-2021;25,192
07-mai-2021;23,941
06-mai-2021;24,330
05-mai-2021;23,962
04-mai-2021;23,048
03-mai-2021;23,813
30-apr-2021;23,285
29-apr-2021;22,501
28-apr-2021;21,554
27-apr-2021;21,403
26-apr-2021;20,001
23-apr-2021;20,046
22-apr-2021;21,368
21-apr-2021;21,109
20-apr-2021;21,066
19-apr-2021;20,941
16-apr-2021;20,538
15-apr-2021;20,260
14-apr-2021;19,682
13-apr-2021;19,512
12-apr-2021;19,650
09-apr-2021;18,938
08-apr-2021;18,991
07-apr-2021;19,287
06-apr-2021;19,781
05-apr-2021;19,172
01-apr-2021;19,172
31-mar-2021;18,994
30-mar-2021;18,804
29-mar-2021;18,443
26-mar-2021;18,699
25-mar-2021;18,367
24-mar-2021;18,589
23-mar-2021;18,390
22-mar-2021;18,046
19-mar-2021;17,266
18-mar-2021;17,761
17-mar-2021;17,972
16-mar-2021;17,658
15-mar-2021;17,932
12-mar-2021;18,448
11-mar-2021;18,127
10-mar-2021;17,632
09-mar-2021;16,925
08-mar-2021;16,151
05-mar-2021;16,367
04-mar-2021;15,932
03-mar-2021;15,527
02-mar-2021;15,869
01-mar-2021;16,082
26-feb-2021;15,694
25-feb-2021;15,935
24-feb-2021;16,381
23-feb-2021;16,248
22-feb-2021;15,960
19-feb-2021;16,554
18-feb-2021;17,329
17-feb-2021;16,540
16-feb-2021;16,715
15-feb-2021;16,540
12-feb-2021;17,618
11-feb-2021;17,373
10-feb-2021;18,558
09-feb-2021;19,045
08-feb-2021;20,179
05-feb-2021;18,380
04-feb-2021;18,120
03-feb-2021;17,854
02-feb-2021;18,251
01-feb-2021;18,139
29-ian-2021;19,819
28-ian-2021;20,908
27-ian-2021;19,701
26-ian-2021;19,509
25-ian-2021;20,162
22-ian-2021;21,483
21-ian-2021;20,063
20-ian-2021;20,260
19-ian-2021;20,327
18-ian-2021;19,026
15-ian-2021;20,200
14-ian-2021;21,333
13-ian-2021;21,500
12-ian-2021;26,155
11-ian-2021;22,124
08-ian-2021;20,118
07-ian-2021;19,303
06-ian-2021;17,564
05-ian-2021;18,007
04-ian-2021;19,844
31-dec-2020;19,123
30-dec-2020;19,001
29-dec-2020;18,774
28-dec-2020;19,152
24-dec-2020;17,649
23-dec-2020;17,507
22-dec-2020;17,636
21-dec-2020;16,795
18-dec-2020;15,886
17-dec-2020;15,941
16-dec-2020;16,381
15-dec-2020;17,225
14-dec-2020;16,607
11-dec-2020;15,959
10-dec-2020;15,539
09-dec-2020;14,733
08-dec-2020;14,447
07-dec-2020;14,357
04-dec-2020;14,643
03-dec-2020;14,143
02-dec-2020;14,905
01-dec-2020;14,912
30-nov-2020;15,138
27-nov-2020;14,485
26-nov-2020;13,914
25-nov-2020;13,932
24-nov-2020;13,902
23-nov-2020;13,537
20-nov-2020;12,894
19-nov-2020;13,022
18-nov-2020;13,682
17-nov-2020;13,968
16-nov-2020;14,494
13-nov-2020;14,239
12-nov-2020;14,001
11-nov-2020;14,096
10-nov-2020;14,035
09-nov-2020;13,854
06-nov-2020;13,902
05-nov-2020;14,456
04-nov-2020;13,883
03-nov-2020;13,665
02-nov-2020;13,656
30-oct-2020;14,061
29-oct-2020;14,216
28-oct-2020;14,487
27-oct-2020;14,743
26-oct-2020;14,866
23-oct-2020;15,410
22-oct-2020;15,257
21-oct-2020;14,867
20-oct-2020;14,895
19-oct-2020;14,718
16-oct-2020;14,499
15-oct-2020;14,239
14-oct-2020;13,872
13-oct-2020;13,596
12-oct-2020;13,838
09-oct-2020;13,753
08-oct-2020;13,900
07-oct-2020;13,709
06-oct-2020;13,307
05-oct-2020;13,419
02-oct-2020;13,026
01-oct-2020;13,181
30-sept-2020;13,286
29-sept-2020;12,280
28-sept-2020;12,352
25-sept-2020;11,666
24-sept-2020;11,634
23-sept-2020;12,019
22-sept-2020;11,704
21-sept-2020;11,497
18-sept-2020;11,475
17-sept-2020;11,121
16-sept-2020;11,318
15-sept-2020;10,896
14-sept-2020;10,707
11-sept-2020;10,497
10-sept-2020;10,516
09-sept-2020;10,734
08-sept-2020;10,802
07-sept-2020;11,232
04-sept-2020;11,682
03-sept-2020;11,733
02-sept-2020;11,110
01-sept-2020;11,297
31-aug-2020;11,239
28-aug-2020;11,169
27-aug-2020;8,872
26-aug-2020;9,149
25-aug-2020;8,867
24-aug-2020;8,361
21-aug-2020;7,622
20-aug-2020;8,150
19-aug-2020;8,353
18-aug-2020;8,549
17-aug-2020;8,181
14-aug-2020;8,019
13-aug-2020;7,312
12-aug-2020;7,172
11-aug-2020;7,416
10-aug-2020;7,589
07-aug-2020;7,931
06-aug-2020;7,940
05-aug-2020;7,320
04-aug-2020;7,355
03-aug-2020;6,802
31-iul-2020;6,023
30-iul-2020;5,223
29-iul-2020;5,177
28-iul-2020;4,958
27-iul-2020;4,787
24-iul-2020;5,011
23-iul-2020;4,984
22-iul-2020;4,829
21-iul-2020;4,792
20-iul-2020;4,732
17-iul-2020;5,114
16-iul-2020;5,058
15-iul-2020;5,226
14-iul-2020;5,085
13-iul-2020;5,110
10-iul-2020;5,475
09-iul-2020;5,757
08-iul-2020;5,937
07-iul-2020;6,124
06-iul-2020;6,096
03-iul-2020;6,031
02-iul-2020;5,944
01-iul-2020;5,863
30-iun-2020;6,163
29-iun-2020;5,839
26-iun-2020;5,105
25-iun-2020;5,256
24-iun-2020;5,663
23-iun-2020;5,829
22-iun-2020;5,495
19-iun-2020;5,615
18-iun-2020;5,451
17-iun-2020;5,209
16-iun-2020;5,261
15-iun-2020;5,516
12-iun-2020;5,273
11-iun-2020;4,988
10-iun-2020;4,802
09-iun-2020;4,806
08-iun-2020;5,249
05-iun-2020;5,708
04-iun-2020;5,392
03-iun-2020;5,331
02-iun-2020;4,852
01-iun-2020;4,053
29-mai-2020;4,385
28-mai-2020;3,509
27-mai-2020;3,695
26-mai-2020;4,123
25-mai-2020;4,794
22-mai-2020;3,889
21-mai-2020;3,824
20-mai-2020;4,462
19-mai-2020;4,612
18-mai-2020;4,922
15-mai-2020;5,218
14-mai-2020;5,265
13-mai-2020;5,119
12-mai-2020;5,313
11-mai-2020;5,707
08-mai-2020;5,831
07-mai-2020;5,847
06-mai-2020;5,763
05-mai-2020;5,674
04-mai-2020;5,740
01-mai-2020;5,843
30-apr-2020;6,221
29-apr-2020;6,014
28-apr-2020;6,147
27-apr-2020;5,941
24-apr-2020;5,770
23-apr-2020;6,057
22-apr-2020;6,226
21-apr-2020;6,315
20-apr-2020;6,618
17-apr-2020;6,994
16-apr-2020;6,907
15-apr-2020;6,649
14-apr-2020;6,874
13-apr-2020;7,279
09-apr-2020;7,279
08-apr-2020;7,259
07-apr-2020;7,283
06-apr-2020;7,287
03-apr-2020;6,922
02-apr-2020;6,935
01-apr-2020;6,824
31-mar-2020;6,902
30-mar-2020;6,897
27-mar-2020;7,218
26-mar-2020;7,575
25-mar-2020;7,744
24-mar-2020;7,908
23-mar-2020;7,849
20-mar-2020;8,293
19-mar-2020;8,544
18-mar-2020;8,265
17-mar-2020;8,470
16-mar-2020;8,741
13-mar-2020;9,285
12-mar-2020;9,324
11-mar-2020;9,369
10-mar-2020;8,993
09-mar-2020;8,627
06-mar-2020;8,647
05-mar-2020;8,849
04-mar-2020;8,912
03-mar-2020;9,169
02-mar-2020;8,887
28-feb-2020;8,874
27-feb-2020;8,871
26-feb-2020;9,071
25-feb-2020;9,007
24-feb-2020;9,044
21-feb-2020;9,410
20-feb-2020;9,567
19-feb-2020;9,572
18-feb-2020;9,380
17-feb-2020;9,312
14-feb-2020;8,879
13-feb-2020;8,889
12-feb-2020;8,722
11-feb-2020;8,557
10-feb-2020;8,643
07-feb-2020;9,068
06-feb-2020;9,149
05-feb-2020;9,313
04-feb-2020;9,366
03-feb-2020;9,211
31-ian-2020;9,755
30-ian-2020;9,781
29-ian-2020;10,150
28-ian-2020;10,792
27-ian-2020;10,526
24-ian-2020;10,455
23-ian-2020;10,428
22-ian-2020;10,455
21-ian-2020;10,777
20-ian-2020;10,566
17-ian-2020;10,929
16-ian-2020;11,117
15-ian-2020;11,179
14-ian-2020;11,303
13-ian-2020;12,054
10-ian-2020;11,940
09-ian-2020;12,179
08-ian-2020;11,964
07-ian-2020;11,929
06-ian-2020;12,280
03-ian-2020;12,985
02-ian-2020;12,073
31-dec-2019;12,051
30-dec-2019;12,293
27-dec-2019;12,767
26-dec-2019;12,607
24-dec-2019;12,607
23-dec-2019;13,027
20-dec-2019;14,235
19-dec-2019;15,007
18-dec-2019;14,951
17-dec-2019;14,461
16-dec-2019;13,890
13-dec-2019;13,804
12-dec-2019;14,768
11-dec-2019;14,047
10-dec-2019;14,532
09-dec-2019;14,888
06-dec-2019;15,141
05-dec-2019;15,415
04-dec-2019;15,882
03-dec-2019;15,771
02-dec-2019;15,810
29-nov-2019;16,330
28-nov-2019;15,649
27-nov-2019;15,980
26-nov-2019;15,849
25-nov-2019;16,237
22-nov-2019;16,048
21-nov-2019;15,624
20-nov-2019;15,588
19-nov-2019;15,292
18-nov-2019;15,229
15-nov-2019;15,713
14-nov-2019;15,669
13-nov-2019;15,451
12-nov-2019;15,546
11-nov-2019;15,845
08-nov-2019;15,942
07-nov-2019;16,118
06-nov-2019;16,281
05-nov-2019;16,789
04-nov-2019;16,478
01-nov-2019;16,177
31-oct-2019;16,133
30-oct-2019;13,779
29-oct-2019;13,833
28-oct-2019;14,391
25-oct-2019;15,235
24-oct-2019;15,656
23-oct-2019;15,415
22-oct-2019;15,596
21-oct-2019;15,610
18-oct-2019;15,967
17-oct-2019;16,027
16-oct-2019;16,073
15-oct-2019;16,065
14-oct-2019;16,040
11-oct-2019;16,136
10-oct-2019;15,850
09-oct-2019;15,573
08-oct-2019;15,640
07-oct-2019;15,507
04-oct-2019;15,769
03-oct-2019;16,008
02-oct-2019;16,004
01-oct-2019;16,762
30-sept-2019;16,392
27-sept-2019;11,939
26-sept-2019;12,044
25-sept-2019;11,949
24-sept-2019;12,339
23-sept-2019;12,243
20-sept-2019;12,711
19-sept-2019;12,255
18-sept-2019;12,434
17-sept-2019;13,441
16-sept-2019;15,334
13-sept-2019;14,711
12-sept-2019;14,463
11-sept-2019;14,355
10-sept-2019;14,404
09-sept-2019;12,236
06-sept-2019;12,351
05-sept-2019;12,236
04-sept-2019;11,958
03-sept-2019;12,098
02-sept-2019;11,848
30-aug-2019;12,797
29-aug-2019;10,716
28-aug-2019;10,236
27-aug-2019;10,070
26-aug-2019;10,313
23-aug-2019;10,583
22-aug-2019;10,991
21-aug-2019;11,414
20-aug-2019;11,217
19-aug-2019;10,786
16-aug-2019;10,955
15-aug-2019;11,223
14-aug-2019;11,180
13-aug-2019;11,859
12-aug-2019;11,420
09-aug-2019;12,024
08-aug-2019;12,075
07-aug-2019;11,412
06-aug-2019;10,952
05-aug-2019;11,465
02-aug-2019;12,013
01-aug-2019;12,361
31-iul-2019;10,998
30-iul-2019;9,791
29-iul-2019;9,811
26-iul-2019;9,964
25-iul-2019;10,023
24-iul-2019;10,073
23-iul-2019;10,749
22-iul-2019;10,160
19-iul-2019;10,813
18-iul-2019;10,736
17-iul-2019;10,988
16-iul-2019;11,415
15-iul-2019;12,893
12-iul-2019;13,278
11-iul-2019;13,129
10-iul-2019;12,133
09-iul-2019;11,758
08-iul-2019;11,878
05-iul-2019;11,216
04-iul-2019;10,546
03-iul-2019;10,294
02-iul-2019;10,227
01-iul-2019;10,365
28-iun-2019;10,117
27-iun-2019;9,376
26-iun-2019;9,620
25-iun-2019;9,847
24-iun-2019;10,198
21-iun-2019;10,355
20-iun-2019;10,148
19-iun-2019;10,484
18-iun-2019;11,034
17-iun-2019;11,572
14-iun-2019;11,319
13-iun-2019;11,395
12-iun-2019;11,142
11-iun-2019;11,202
10-iun-2019;11,804
07-iun-2019;11,520
06-iun-2019;11,103
05-iun-2019;11,601
04-iun-2019;11,910
03-iun-2019;11,100
31-mai-2019;11,205
30-mai-2019;11,476
29-mai-2019;12,223
28-mai-2019;12,518
27-mai-2019;12,162
24-mai-2019;12,249
23-mai-2019;12,595
22-mai-2019;12,649
21-mai-2019;12,705
20-mai-2019;12,903
17-mai-2019;12,856
16-mai-2019;13,385
15-mai-2019;13,856
14-mai-2019;13,783
13-mai-2019;13,761
10-mai-2019;13,997
09-mai-2019;14,457
08-mai-2019;14,322
07-mai-2019;14,155
06-mai-2019;14,335
03-mai-2019;14,566
02-mai-2019;14,366
01-mai-2019;14,056
30-apr-2019;14,389
29-apr-2019;14,525
26-apr-2019;14,423
25-apr-2019;14,535
24-apr-2019;14,264
23-apr-2019;14,422
22-apr-2019;14,462
18-apr-2019;14,462
17-apr-2019;15,195
16-apr-2019;14,836
15-apr-2019;15,012
12-apr-2019;15,853
11-apr-2019;15,995
10-apr-2019;15,730
09-apr-2019;16,757
08-apr-2019;15,964
05-apr-2019;16,633
04-apr-2019;14,807
03-apr-2019;14,189
02-apr-2019;13,457
01-apr-2019;13,844
29-mar-2019;14,213
28-mar-2019;14,428
27-mar-2019;14,994
26-mar-2019;14,384
25-mar-2019;14,185
22-mar-2019;14,454
21-mar-2019;14,563
20-mar-2019;15,213
19-mar-2019;15,003
18-mar-2019;14,980
15-mar-2019;15,252
14-mar-2019;15,603
13-mar-2019;15,725
12-mar-2019;16,209
11-mar-2019;16,623
08-mar-2019;16,729
07-mar-2019;16,868
06-mar-2019;16,851
05-mar-2019;17,181
04-mar-2019;17,400
01-mar-2019;17,321
28-feb-2019;17,814
27-feb-2019;17,617
26-feb-2019;17,044
25-feb-2019;16,946
22-feb-2019;17,231
21-feb-2019;17,521
20-feb-2019;18,144
19-feb-2019;17,703
18-feb-2019;17,429
15-feb-2019;18,100
14-feb-2019;17,755
13-feb-2019;18,022
12-feb-2019;17,785
11-feb-2019;18,053
08-feb-2019;18,264
07-feb-2019;18,912
06-feb-2019;18,916
05-feb-2019;19,138
04-feb-2019;19,355
01-feb-2019;19,299
31-ian-2019;19,852
30-ian-2019;20,181
29-ian-2019;20,586
28-ian-2019;20,552
25-ian-2019;20,889
24-ian-2019;21,279
23-ian-2019;22,191
22-ian-2019;21,813
21-ian-2019;21,774
18-ian-2019;22,604
17-ian-2019;22,994
16-ian-2019;22,005
15-ian-2019;21,999
14-ian-2019;21,675
11-ian-2019;22,255
10-ian-2019;21,674
09-ian-2019;21,719
08-ian-2019;22,092
07-ian-2019;21,531
04-ian-2019;22,930
03-ian-2019;22,256
02-ian-2019;22,473
31-dec-2018;21,982
28-dec-2018;22,810
27-dec-2018;23,320
26-dec-2018;24,247
24-dec-2018;24,247
21-dec-2018;24,900
20-dec-2018;24,605
19-dec-2018;24,210
18-dec-2018;23,732
17-dec-2018;24,681
14-dec-2018;24,646
13-dec-2018;24,226
12-dec-2018;23,920
11-dec-2018;23,621
10-dec-2018;23,250
07-dec-2018;23,143
06-dec-2018;23,166
05-dec-2018;23,822
04-dec-2018;24,417
03-dec-2018;25,083
30-nov-2018;24,691
29-nov-2018;24,633
28-nov-2018;24,302
27-nov-2018;25,159
26-nov-2018;24,543
23-nov-2018;24,819
22-nov-2018;24,710
21-nov-2018;24,500
20-nov-2018;24,352
19-nov-2018;24,152
16-nov-2018;25,956
15-nov-2018;26,677
14-nov-2018;26,278
13-nov-2018;26,519
12-nov-2018;25,955
09-nov-2018;24,326
08-nov-2018;24,429
07-nov-2018;24,420
06-nov-2018;23,896
05-nov-2018;23,808
02-nov-2018;24,283
01-nov-2018;23,649
31-oct-2018;24,333
30-oct-2018;23,873
29-oct-2018;24,578
26-oct-2018;24,281
25-oct-2018;24,866
24-oct-2018;25,261
23-oct-2018;25,667
22-oct-2018;26,114
19-oct-2018;26,858
18-oct-2018;26,025
17-oct-2018;25,942
16-oct-2018;26,328
15-oct-2018;26,625
12-oct-2018;26,628
11-oct-2018;25,759
10-oct-2018;26,220
09-oct-2018;26,835
08-oct-2018;27,218
05-oct-2018;27,902
04-oct-2018;27,471
03-oct-2018;27,114
02-oct-2018;27,257
01-oct-2018;27,443
28-sept-2018;27,329
27-sept-2018;27,577
26-sept-2018;28,262
25-sept-2018;29,232
24-sept-2018;29,244
21-sept-2018;28,724
20-sept-2018;28,591
19-sept-2018;28,322
18-sept-2018;27,410
17-sept-2018;28,077
14-sept-2018;26,929
13-sept-2018;26,808
12-sept-2018;27,494
11-sept-2018;28,782
10-sept-2018;29,125
07-sept-2018;27,989
06-sept-2018;27,454
05-sept-2018;27,019
04-sept-2018;26,712
03-sept-2018;26,239
31-aug-2018;25,837
30-aug-2018;26,130
29-aug-2018;25,868
28-aug-2018;25,360
27-aug-2018;25,411
24-aug-2018;24,975
23-aug-2018;24,760
22-aug-2018;24,448
21-aug-2018;24,406
20-aug-2018;24,179
17-aug-2018;24,153
16-aug-2018;23,833
15-aug-2018;23,519
14-aug-2018;23,724
13-aug-2018;23,500
10-aug-2018;22,881
09-aug-2018;22,713
08-aug-2018;22,599
07-aug-2018;22,611
06-aug-2018;22,500
03-aug-2018;22,261
02-aug-2018;21,936
01-aug-2018;21,932
31-iul-2018;22,113
30-iul-2018;22,059
27-iul-2018;21,892
26-iul-2018;22,113
25-iul-2018;22,172
24-iul-2018;22,097
23-iul-2018;22,028
20-iul-2018;21,874
19-iul-2018;22,153
18-iul-2018;22,138
17-iul-2018;21,852
16-iul-2018;22,022
13-iul-2018;22,264
12-iul-2018;21,971
11-iul-2018;22,580
10-iul-2018;22,731
09-iul-2018;22,732
06-iul-2018;22,356
05-iul-2018;22,463
04-iul-2018;22,251
03-iul-2018;22,282
02-iul-2018;22,200
29-iun-2018;21,870
28-iun-2018;21,960
27-iun-2018;22,039
26-iun-2018;21,461
25-iun-2018;21,594
22-iun-2018;21,682
21-iun-2018;21,572
20-iun-2018;21,492
19-iun-2018;21,702
18-iun-2018;22,175
15-iun-2018;21,760
14-iun-2018;22,488
13-iun-2018;22,389
12-iun-2018;21,790
11-iun-2018;21,339
08-iun-2018;21,536
07-iun-2018;21,650
06-iun-2018;21,311
05-iun-2018;21,475
04-iun-2018;21,947
01-iun-2018;21,755
31-mai-2018;22,600
30-mai-2018;23,087
29-mai-2018;22,790
28-mai-2018;21,956
25-mai-2018;21,918
24-mai-2018;22,743
23-mai-2018;22,754
22-mai-2018;22,968
21-mai-2018;22,316
18-mai-2018;22,053
17-mai-2018;22,242
16-mai-2018;21,575
15-mai-2018;21,692
14-mai-2018;21,597
11-mai-2018;21,242
10-mai-2018;20,890
09-mai-2018;20,837
08-mai-2018;20,677
07-mai-2018;20,650
04-mai-2018;20,400
03-mai-2018;19,896
02-mai-2018;19,876
01-mai-2018;20,160
30-apr-2018;20,604
27-apr-2018;20,248
26-apr-2018;20,168
25-apr-2018;19,871
24-apr-2018;19,684
23-apr-2018;19,942
20-apr-2018;19,774
19-apr-2018;19,764
18-apr-2018;19,350
17-apr-2018;19,084
16-apr-2018;19,440
13-apr-2018;19,600
12-apr-2018;19,222
11-apr-2018;19,295
10-apr-2018;18,855
09-apr-2018;18,639
06-apr-2018;18,159
05-apr-2018;18,155
04-apr-2018;18,193
03-apr-2018;18,050
02-apr-2018;18,206
29-mar-2018;18,206
28-mar-2018;18,393
27-mar-2018;18,493
26-mar-2018;17,979
23-mar-2018;18,453
22-mar-2018;19,019
21-mar-2018;19,375
20-mar-2018;19,163
19-mar-2018;18,737
16-mar-2018;18,679
15-mar-2018;18,920
14-mar-2018;18,411
13-mar-2018;19,595
12-mar-2018;19,825
09-mar-2018;18,937
08-mar-2018;18,280
07-mar-2018;17,803
06-mar-2018;17,811
05-mar-2018;17,540
02-mar-2018;17,925
01-mar-2018;17,542
28-feb-2018;17,350
27-feb-2018;19,185
26-feb-2018;18,602
23-feb-2018;20,710
22-feb-2018;19,928
21-feb-2018;19,806
20-feb-2018;19,888
19-feb-2018;19,181
16-feb-2018;18,204
15-feb-2018;17,775
14-feb-2018;18,153
13-feb-2018;18,310
12-feb-2018;17,955
09-feb-2018;17,901
08-feb-2018;17,898
07-feb-2018;18,262
06-feb-2018;17,857
05-feb-2018;17,624
02-feb-2018;18,185
01-feb-2018;18,250
31-ian-2018;17,950
30-ian-2018;17,351
29-ian-2018;17,486
26-ian-2018;17,853
25-ian-2018;17,781
24-ian-2018;17,862
23-ian-2018;18,234
22-ian-2018;18,539
19-ian-2018;18,177
18-ian-2018;18,300
17-ian-2018;18,465
16-ian-2018;18,999
15-ian-2018;19,175
12-ian-2018;19,854
11-ian-2018;19,332
10-ian-2018;19,512
09-ian-2018;19,446
08-ian-2018;19,059
05-ian-2018;18,927
04-ian-2018;19,200
03-ian-2018;19,310
02-ian-2018;19,428
29-dec-2017;19,625
28-dec-2017;19,711
27-dec-2017;19,167
26-dec-2017;19,675
22-dec-2017;19,675
21-dec-2017;20,016
20-dec-2017;20,336
19-dec-2017;20,122
18-dec-2017;20,475
15-dec-2017;21,036
14-dec-2017;21,303
13-dec-2017;20,648
12-dec-2017;21,764
11-dec-2017;20,985
08-dec-2017;20,950
07-dec-2017;21,375
06-dec-2017;21,175
05-dec-2017;21,355
04-dec-2017;21,303
01-dec-2017;20,852
30-nov-2017;20,304
29-nov-2017;20,339
28-nov-2017;20,236
27-nov-2017;20,608
24-nov-2017;20,441
23-nov-2017;19,943
22-nov-2017;19,588
21-nov-2017;19,746
20-nov-2017;19,389
17-nov-2017;18,850
16-nov-2017;19,185
15-nov-2017;18,895
14-nov-2017;19,250
13-nov-2017;19,835
10-nov-2017;19,633
09-nov-2017;19,418
08-nov-2017;19,251
07-nov-2017;19,220
06-nov-2017;18,856
03-nov-2017;18,215
02-nov-2017;18,450
01-nov-2017;18,436
31-oct-2017;18,211
30-oct-2017;17,612
27-oct-2017;17,620
26-oct-2017;17,600
25-oct-2017;17,730
24-oct-2017;17,573
23-oct-2017;17,723
20-oct-2017;17,769
19-oct-2017;18,100
18-oct-2017;18,305
17-oct-2017;18,082
16-oct-2017;18,131
13-oct-2017;17,940
12-oct-2017;17,872
11-oct-2017;18,038
10-oct-2017;18,100
09-oct-2017;18,227
06-oct-2017;18,049
05-oct-2017;18,079
04-oct-2017;17,958
03-oct-2017;17,927
02-oct-2017;17,633
29-sept-2017;17,382
28-sept-2017;17,608
27-sept-2017;17,496
26-sept-2017;17,360
25-sept-2017;17,406
22-sept-2017;16,647
21-sept-2017;16,750
20-sept-2017;16,925
19-sept-2017;17,127
18-sept-2017;17,103
15-sept-2017;17,198
14-sept-2017;17,585
13-sept-2017;17,292
12-sept-2017;17,152
11-sept-2017;17,193
08-sept-2017;16,787
07-sept-2017;16,799
06-sept-2017;16,827
05-sept-2017;16,847
04-sept-2017;16,449
01-sept-2017;16,412
31-aug-2017;16,451
30-aug-2017;16,519
29-aug-2017;16,471
28-aug-2017;16,305
25-aug-2017;16,303
24-aug-2017;16,348
23-aug-2017;16,360
22-aug-2017;16,153
21-aug-2017;16,182
18-aug-2017;16,098
17-aug-2017;16,198
16-aug-2017;16,098
15-aug-2017;15,577
14-aug-2017;15,875
11-aug-2017;16,014
10-aug-2017;15,775
09-aug-2017;15,571
08-aug-2017;15,173
07-aug-2017;15,349
04-aug-2017;15,000
03-aug-2017;14,790
02-aug-2017;14,742
01-aug-2017;14,675
31-iul-2017;14,966
28-iul-2017;14,983
27-iul-2017;15,129
26-iul-2017;15,177
25-iul-2017;14,828
24-iul-2017;14,723
21-iul-2017;14,884
20-iul-2017;14,948
19-iul-2017;14,775
18-iul-2017;14,740
17-iul-2017;14,871
14-iul-2017;14,635
13-iul-2017;14,600
12-iul-2017;14,469
11-iul-2017;14,461
10-iul-2017;14,597
07-iul-2017;14,776
06-iul-2017;15,003
05-iul-2017;14,949
04-iul-2017;14,954
03-iul-2017;15,124
30-iun-2017;14,840
29-iun-2017;14,975
28-iun-2017;15,127
27-iun-2017;15,011
26-iun-2017;14,799
23-iun-2017;14,625
22-iun-2017;14,619
21-iun-2017;14,733
20-iun-2017;14,794
19-iun-2017;14,755
16-iun-2017;14,599
15-iun-2017;14,583
14-iun-2017;14,700
13-iun-2017;14,671
12-iun-2017;14,794
09-iun-2017;15,002
08-iun-2017;15,285
07-iun-2017;14,925
06-iun-2017;14,846
05-iun-2017;15,025
02-iun-2017;14,943
01-iun-2017;15,100
31-mai-2017;15,295
30-mai-2017;15,650
29-mai-2017;15,425
26-mai-2017;15,350
25-mai-2017;15,377
24-mai-2017;15,549
23-mai-2017;15,634
22-mai-2017;15,501
19-mai-2017;15,500
18-mai-2017;15,722
17-mai-2017;15,578
16-mai-2017;15,345
15-mai-2017;15,490
12-mai-2017;15,350
11-mai-2017;15,400
10-mai-2017;15,542
09-mai-2017;15,420
08-mai-2017;15,457
05-mai-2017;15,822
04-mai-2017;15,900
03-mai-2017;16,327
02-mai-2017;16,448
01-mai-2017;16,175
28-apr-2017;16,182
27-apr-2017;16,049
26-apr-2017;16,062
25-apr-2017;15,774
24-apr-2017;16,125
21-apr-2017;16,321
20-apr-2017;16,043
19-apr-2017;16,164
18-apr-2017;16,234
17-apr-2017;15,650
13-apr-2017;15,650
12-apr-2017;15,635
11-apr-2017;15,500
10-apr-2017;15,514
07-apr-2017;15,835
06-apr-2017;16,150
05-apr-2017;16,223
04-apr-2017;16,133
03-apr-2017;15,991
31-mar-2017;15,801
30-mar-2017;15,937
29-mar-2017;15,576
28-mar-2017;15,074
27-mar-2017;14,937
24-mar-2017;15,247
23-mar-2017;15,579
22-mar-2017;15,600
21-mar-2017;15,636
20-mar-2017;15,775
17-mar-2017;15,983
16-mar-2017;15,979
15-mar-2017;16,095
14-mar-2017;15,925
13-mar-2017;15,825
10-mar-2017;16,150
09-mar-2017;16,121
08-mar-2017;16,245
07-mar-2017;16,503
06-mar-2017;16,614
03-mar-2017;16,766
02-mar-2017;16,760
01-mar-2017;17,112
28-feb-2017;16,896
27-feb-2017;17,281
24-feb-2017;17,798
23-feb-2017;18,302
22-feb-2017;18,046
21-feb-2017;18,121
20-feb-2017;18,569
17-feb-2017;18,476
16-feb-2017;19,010
15-feb-2017;18,850
14-feb-2017;18,731
13-feb-2017;19,050
10-feb-2017;19,772
09-feb-2017;20,188
08-feb-2017;20,291
07-feb-2017;21,270
06-feb-2017;21,942
03-feb-2017;22,243
02-feb-2017;21,750
01-feb-2017;21,515
31-ian-2017;20,749
30-ian-2017;20,400
27-ian-2017;19,500
26-ian-2017;19,846
25-ian-2017;20,023
24-ian-2017;20,703
23-ian-2017;21,128
20-ian-2017;20,493
19-ian-2017;19,909
18-ian-2017;19,619
17-ian-2017;19,465
16-ian-2017;19,002
13-ian-2017;20,008
12-ian-2017;20,319
11-ian-2017;20,501
10-ian-2017;19,806
09-ian-2017;19,137
06-ian-2017;18,543
05-ian-2017;18,860
04-ian-2017;18,843
03-ian-2017;18,385
02-ian-2017;19,202
30-dec-2016;19,541
29-dec-2016;18,996
28-dec-2016;18,774
27-dec-2016;18,334
23-dec-2016;18,081
22-dec-2016;18,061
21-dec-2016;17,630
20-dec-2016;17,499
19-dec-2016;17,350
16-dec-2016;17,499
15-dec-2016;17,170
14-dec-2016;17,124
13-dec-2016;17,133
12-dec-2016;17,100
09-dec-2016;16,492
08-dec-2016;16,404
07-dec-2016;16,250
06-dec-2016;16,316
05-dec-2016;16,967
02-dec-2016;17,540
01-dec-2016;18,090
30-nov-2016;18,213
29-nov-2016;17,971
28-nov-2016;17,961
25-nov-2016;17,703
24-nov-2016;17,844
23-nov-2016;17,805
22-nov-2016;17,629
21-nov-2016;17,370
18-nov-2016;17,898
17-nov-2016;17,638
16-nov-2016;17,630
15-nov-2016;17,850
14-nov-2016;17,589
11-nov-2016;18,062
10-nov-2016;18,071
09-nov-2016;17,914
08-nov-2016;17,646
07-nov-2016;17,988
04-nov-2016;18,338
03-nov-2016;18,868
02-nov-2016;18,955
01-nov-2016;18,447
31-oct-2016;17,791
28-oct-2016;17,250
27-oct-2016;17,434
26-oct-2016;17,132
25-oct-2016;17,587
24-oct-2016;17,295
21-oct-2016;16,775
20-oct-2016;16,902
19-oct-2016;16,746
18-oct-2016;16,760
17-oct-2016;16,290
14-oct-2016;16,147
13-oct-2016;15,725
12-oct-2016;15,397
11-oct-2016;15,459
10-oct-2016;15,818
07-oct-2016;16,075
06-oct-2016;16,438
05-oct-2016;16,128
04-oct-2016;15,975
03-oct-2016;15,598
30-sept-2016;15,350
29-sept-2016;13,950
28-sept-2016;13,900
27-sept-2016;13,300
26-sept-2016;13,898
23-sept-2016;14,010
22-sept-2016;13,553
21-sept-2016;13,267
20-sept-2016;13,029
19-sept-2016;13,377
16-sept-2016;12,778
15-sept-2016;12,482
14-sept-2016;11,947
13-sept-2016;12,006
12-sept-2016;11,829
09-sept-2016;11,900
08-sept-2016;11,971
07-sept-2016;12,000
06-sept-2016;12,375
05-sept-2016;12,521
02-sept-2016;12,720
01-sept-2016;12,620
31-aug-2016;12,673
30-aug-2016;11,544
29-aug-2016;11,800
26-aug-2016;11,438
25-aug-2016;11,103
24-aug-2016;11,127
23-aug-2016;11,688
22-aug-2016;11,276
19-aug-2016;10,613
18-aug-2016;12,024
17-aug-2016;12,101
16-aug-2016;11,884
15-aug-2016;11,670
12-aug-2016;12,273
11-aug-2016;12,800
10-aug-2016;12,895
09-aug-2016;12,856
08-aug-2016;13,074
05-aug-2016;13,350
04-aug-2016;13,650
03-aug-2016;13,702
02-aug-2016;13,803
01-aug-2016;14,050
29-iul-2016;14,458
28-iul-2016;14,152
27-iul-2016;14,450
26-iul-2016;14,594
25-iul-2016;14,843
22-iul-2016;14,850
21-iul-2016;14,983
20-iul-2016;14,723
19-iul-2016;14,413
18-iul-2016;14,289
15-iul-2016;14,219
14-iul-2016;14,307
13-iul-2016;14,225
12-iul-2016;14,303
11-iul-2016;14,114
08-iul-2016;14,137
07-iul-2016;14,387
06-iul-2016;14,162
05-iul-2016;14,240
04-iul-2016;14,539
01-iul-2016;14,280
30-iun-2016;14,375
29-iun-2016;14,428
28-iun-2016;14,153
27-iun-2016;14,302
24-iun-2016;14,900
23-iun-2016;15,171
22-iun-2016;15,260
21-iun-2016;14,884
20-iun-2016;15,144
17-iun-2016;14,518
16-iun-2016;14,176
15-iun-2016;14,200
14-iun-2016;14,020
13-iun-2016;13,850
10-iun-2016;13,987
09-iun-2016;14,193
08-iun-2016;14,400
07-iun-2016;14,620
06-iun-2016;14,496
03-iun-2016;14,268
02-iun-2016;14,393
01-iun-2016;14,073
31-mai-2016;14,238
30-mai-2016;13,910
27-mai-2016;13,817
26-mai-2016;13,486
25-mai-2016;13,296
24-mai-2016;12,999
23-mai-2016;12,918
20-mai-2016;13,028
19-mai-2016;12,951
18-mai-2016;13,096
17-mai-2016;13,144
16-mai-2016;13,094
13-mai-2016;12,854
12-mai-2016;12,914
11-mai-2016;13,011
10-mai-2016;12,919
09-mai-2016;13,123
06-mai-2016;12,875
05-mai-2016;12,834
04-mai-2016;12,425
03-mai-2016;12,148
02-mai-2016;12,275
29-apr-2016;12,779
28-apr-2016;12,643
27-apr-2016;13,980
26-apr-2016;13,980
25-apr-2016;12,969
22-apr-2016;13,080
21-apr-2016;12,500
20-apr-2016;11,799
19-apr-2016;11,663
18-apr-2016;11,343
15-apr-2016;11,210
14-apr-2016;11,225
13-apr-2016;11,322
12-apr-2016;11,260
11-apr-2016;11,188
08-apr-2016;11,226
07-apr-2016;11,150
06-apr-2016;11,400
05-apr-2016;11,237
04-apr-2016;11,375
01-apr-2016;11,639
31-mar-2016;11,937
30-mar-2016;12,073
29-mar-2016;12,044
28-mar-2016;12,042
24-mar-2016;12,042
23-mar-2016;11,958
22-mar-2016;11,921
21-mar-2016;11,927
18-mar-2016;12,121
17-mar-2016;12,056
16-mar-2016;11,995
15-mar-2016;12,044
14-mar-2016;12,020
11-mar-2016;12,000
10-mar-2016;11,877
09-mar-2016;12,074
08-mar-2016;11,942
07-mar-2016;11,825
04-mar-2016;11,852
03-mar-2016;12,036
02-mar-2016;12,214
01-mar-2016;12,172
29-feb-2016;12,193
26-feb-2016;12,164
25-feb-2016;11,904
24-feb-2016;12,051
23-feb-2016;12,309
22-feb-2016;12,381
19-feb-2016;11,995
18-feb-2016;12,139
17-feb-2016;11,886
16-feb-2016;11,726
15-feb-2016;11,965
12-feb-2016;12,082
11-feb-2016;11,859
10-feb-2016;11,981
09-feb-2016;12,156
08-feb-2016;12,240
05-feb-2016;12,272
04-feb-2016;12,406
03-feb-2016;12,924
02-feb-2016;12,780
01-feb-2016;12,803
29-ian-2016;13,376
28-ian-2016;13,669
27-ian-2016;13,284
26-ian-2016;12,892
25-ian-2016;12,757
22-ian-2016;13,458
21-ian-2016;12,577
20-ian-2016;12,797
19-ian-2016;13,350
18-ian-2016;13,390
15-ian-2016;13,321
14-ian-2016;13,757
13-ian-2016;14,172
12-ian-2016;14,048
11-ian-2016;14,642
08-ian-2016;14,766
07-ian-2016;15,528
06-ian-2016;15,126
05-ian-2016;14,784
04-ian-2016;14,605
31-dec-2015;14,786
30-dec-2015;14,911
29-dec-2015;15,393
28-dec-2015;14,830
24-dec-2015;14,457
23-dec-2015;14,566
22-dec-2015;14,944
21-dec-2015;15,086
18-dec-2015;15,394
17-dec-2015;15,603
16-dec-2015;15,730
15-dec-2015;16,094
14-dec-2015;15,872
11-dec-2015;16,289
10-dec-2015;16,506
09-dec-2015;16,586
08-dec-2015;16,840
07-dec-2015;16,836
04-dec-2015;17,453
03-dec-2015;17,354
02-dec-2015;17,850
01-dec-2015;18,218
30-nov-2015;18,025
27-nov-2015;17,542
26-nov-2015;17,606
25-nov-2015;17,561
24-nov-2015;17,423
23-nov-2015;17,192
20-nov-2015;17,221
19-nov-2015;17,360
18-nov-2015;17,345
17-nov-2015;17,624
16-nov-2015;17,225
13-nov-2015;17,001
12-nov-2015;16,899
11-nov-2015;17,074
10-nov-2015;17,251
09-nov-2015;17,458
06-nov-2015;17,871
05-nov-2015;17,707
04-nov-2015;17,950
03-nov-2015;17,876
02-nov-2015;17,831
30-oct-2015;17,989
29-oct-2015;18,150
28-oct-2015;18,125
27-oct-2015;18,090
26-oct-2015;18,050
23-oct-2015;18,276
22-oct-2015;18,144
21-oct-2015;18,065
20-oct-2015;18,187
19-oct-2015;18,411
16-oct-2015;18,198
15-oct-2015;18,173
14-oct-2015;18,028
13-oct-2015;18,176
12-oct-2015;18,449
09-oct-2015;18,754
08-oct-2015;18,800
07-oct-2015;18,746
06-oct-2015;18,859
05-oct-2015;18,381
02-oct-2015;18,177
01-oct-2015;18,396
30-sept-2015;18,667
29-sept-2015;18,482
28-sept-2015;18,496
25-sept-2015;18,753
24-sept-2015;18,587
23-sept-2015;18,880
22-sept-2015;18,953
21-sept-2015;18,782
18-sept-2015;18,927
17-sept-2015;19,057
16-sept-2015;19,261
15-sept-2015;19,040
14-sept-2015;19,172
11-sept-2015;19,278
10-sept-2015;19,321
09-sept-2015;19,388
08-sept-2015;19,343
07-sept-2015;19,345
04-sept-2015;19,425
03-sept-2015;19,704
02-sept-2015;19,501
01-sept-2015;19,384
31-aug-2015;19,250
28-aug-2015;18,973
27-aug-2015;18,973
26-aug-2015;18,628
25-aug-2015;18,729
24-aug-2015;18,358
21-aug-2015;18,900
20-aug-2015;18,943
19-aug-2015;19,204
18-aug-2015;19,393
17-aug-2015;19,317
14-aug-2015;19,454
13-aug-2015;19,466
12-aug-2015;19,585
11-aug-2015;19,969
10-aug-2015;19,979
07-aug-2015;20,024
06-aug-2015;20,277
05-aug-2015;20,216
04-aug-2015;20,296
03-aug-2015;20,358
31-iul-2015;20,510
30-iul-2015;20,882
29-iul-2015;20,725
28-iul-2015;20,709
27-iul-2015;20,483
24-iul-2015;20,449
23-iul-2015;20,575
22-iul-2015;20,655
21-iul-2015;20,864
20-iul-2015;20,991
17-iul-2015;20,945
16-iul-2015;21,073
15-iul-2015;20,916
14-iul-2015;20,836
13-iul-2015;20,980
10-iul-2015;20,872
09-iul-2015;20,735
08-iul-2015;20,462
07-iul-2015;20,666
06-iul-2015;20,721
03-iul-2015;20,823
02-iul-2015;20,876
01-iul-2015;20,674
30-iun-2015;20,454
29-iun-2015;20,398
26-iun-2015;20,447
25-iun-2015;20,462
24-iun-2015;20,631
23-iun-2015;20,736
22-iun-2015;20,711
19-iun-2015;20,287
18-iun-2015;20,119
17-iun-2015;20,077
16-iun-2015;20,214
15-iun-2015;20,043
12-iun-2015;20,045
11-iun-2015;20,054
10-iun-2015;20,400
09-iun-2015;20,338
08-iun-2015;20,350
05-iun-2015;20,106
04-iun-2015;19,978
03-iun-2015;20,152
02-iun-2015;20,170
01-iun-2015;20,142
29-mai-2015;20,244
28-mai-2015;20,557
27-mai-2015;20,492
26-mai-2015;20,485
25-mai-2015;20,380
22-mai-2015;20,380
21-mai-2015;20,413
20-mai-2015;20,447
19-mai-2015;20,356
18-mai-2015;20,308
15-mai-2015;20,484
14-mai-2015;20,450
13-mai-2015;20,751
12-mai-2015;20,799
11-mai-2015;20,900
08-mai-2015;20,295
07-mai-2015;20,129
06-mai-2015;20,347
05-mai-2015;20,427
04-mai-2015;20,163
01-mai-2015;20,163
30-apr-2015;20,478
29-apr-2015;20,946
28-apr-2015;20,887
27-apr-2015;21,003
24-apr-2015;21,138
23-apr-2015;21,007
22-apr-2015;21,311
21-apr-2015;21,399
20-apr-2015;21,130
17-apr-2015;21,147
16-apr-2015;21,553
15-apr-2015;21,806
14-apr-2015;21,621
13-apr-2015;21,975
10-apr-2015;21,703
09-apr-2015;21,841
08-apr-2015;21,641
07-apr-2015;21,488
06-apr-2015;21,877
02-apr-2015;21,877
01-apr-2015;21,931
31-mar-2015;21,567
30-mar-2015;21,773
27-mar-2015;21,809
26-mar-2015;21,707
25-mar-2015;21,111
24-mar-2015;21,186
23-mar-2015;20,932
20-mar-2015;21,067
19-mar-2015;21,237
18-mar-2015;21,306
17-mar-2015;21,145
16-mar-2015;21,365
13-mar-2015;21,628
12-mar-2015;21,876
11-mar-2015;22,120
10-mar-2015;21,586
09-mar-2015;21,674
06-mar-2015;20,999
05-mar-2015;21,434
04-mar-2015;22,127
03-mar-2015;21,902
02-mar-2015;22,400
27-feb-2015;23,056
26-feb-2015;23,756
25-feb-2015;23,016
24-feb-2015;22,308
23-feb-2015;21,877
20-feb-2015;22,203
19-feb-2015;21,877
18-feb-2015;22,654
17-feb-2015;22,684
16-feb-2015;22,807
13-feb-2015;23,550
12-feb-2015;24,102
11-feb-2015;22,878
10-feb-2015;22,344
09-feb-2015;21,601
06-feb-2015;21,009
05-feb-2015;21,374
04-feb-2015;20,406
03-feb-2015;20,112
02-feb-2015;20,287
30-ian-2015;20,265
29-ian-2015;20,700
28-ian-2015;20,214
27-ian-2015;19,919
26-ian-2015;19,612
23-ian-2015;19,467
22-ian-2015;19,549
21-ian-2015;19,525
20-ian-2015;19,249
19-ian-2015;19,275
16-ian-2015;19,820
15-ian-2015;20,250
14-ian-2015;20,592
13-ian-2015;20,451
12-ian-2015;19,760
09-ian-2015;19,560
08-ian-2015;19,591
07-ian-2015;19,594
06-ian-2015;19,538
05-ian-2015;20,145
02-ian-2015;20,448
31-dec-2014;21,296
30-dec-2014;21,208
29-dec-2014;21,673
26-dec-2014;22,595
24-dec-2014;22,595
23-dec-2014;22,348
22-dec-2014;22,194
19-dec-2014;22,382
18-dec-2014;22,667
17-dec-2014;22,414
16-dec-2014;22,471
15-dec-2014;22,358
12-dec-2014;22,734
11-dec-2014;22,792
10-dec-2014;23,106
09-dec-2014;23,141
08-dec-2014;23,027
05-dec-2014;23,296
04-dec-2014;23,468
03-dec-2014;23,667
02-dec-2014;23,740
01-dec-2014;24,020
28-nov-2014;24,207
27-nov-2014;24,358
26-nov-2014;24,550
25-nov-2014;24,642
24-nov-2014;23,786
21-nov-2014;23,394
20-nov-2014;23,078
19-nov-2014;22,897
18-nov-2014;22,815
17-nov-2014;22,791
14-nov-2014;22,276
13-nov-2014;22,525
12-nov-2014;22,933
11-nov-2014;22,941
10-nov-2014;23,274
07-nov-2014;23,221
06-nov-2014;22,861
05-nov-2014;22,796
04-nov-2014;22,835
03-nov-2014;23,200
31-oct-2014;22,852
30-oct-2014;22,431
29-oct-2014;22,848
28-oct-2014;22,681
27-oct-2014;22,351
24-oct-2014;22,496
23-oct-2014;22,576
22-oct-2014;22,753
21-oct-2014;22,478
20-oct-2014;22,458
17-oct-2014;22,626
16-oct-2014;22,944
15-oct-2014;22,600
14-oct-2014;22,716
13-oct-2014;22,690
10-oct-2014;23,153
09-oct-2014;23,450
08-oct-2014;23,470
07-oct-2014;23,228
06-oct-2014;23,301
03-oct-2014;23,548
02-oct-2014;23,999
01-oct-2014;24,493
30-sept-2014;24,067
29-sept-2014;22,131
26-sept-2014;22,003
25-sept-2014;22,222
24-sept-2014;21,810
23-sept-2014;21,601
22-sept-2014;22,071
19-sept-2014;22,264
18-sept-2014;22,272
17-sept-2014;21,984
16-sept-2014;21,951
15-sept-2014;22,095
12-sept-2014;21,404
11-sept-2014;21,542
10-sept-2014;21,398
09-sept-2014;21,287
08-sept-2014;21,645
05-sept-2014;21,810
04-sept-2014;22,018
03-sept-2014;21,701
02-sept-2014;22,118
01-sept-2014;22,807
29-aug-2014;22,030
28-aug-2014;19,011
27-aug-2014;18,078
26-aug-2014;18,060
25-aug-2014;18,300
22-aug-2014;18,007
21-aug-2014;17,293
20-aug-2014;17,311
19-aug-2014;17,938
18-aug-2014;18,252
15-aug-2014;19,032
14-aug-2014;18,408
13-aug-2014;17,963
12-aug-2014;17,831
11-aug-2014;17,986
08-aug-2014;18,264
07-aug-2014;18,320
06-aug-2014;18,193
05-aug-2014;17,592
04-aug-2014;17,489
01-aug-2014;18,018
31-iul-2014;18,528
30-iul-2014;17,570
29-iul-2014;18,116
28-iul-2014;18,847
25-iul-2014;18,169
24-iul-2014;17,111
23-iul-2014;16,678
22-iul-2014;16,300
21-iul-2014;16,322
18-iul-2014;16,789
17-iul-2014;16,508
16-iul-2014;16,056
15-iul-2014;15,899
14-iul-2014;16,075
11-iul-2014;15,369
10-iul-2014;15,415
09-iul-2014;15,500
08-iul-2014;15,626
07-iul-2014;15,454
04-iul-2014;15,847
03-iul-2014;16,479
02-iul-2014;16,712
01-iul-2014;16,878
30-iun-2014;17,291
27-iun-2014;17,220
26-iun-2014;17,205
25-iun-2014;17,375
24-iun-2014;17,327
23-iun-2014;17,278
20-iun-2014;17,462
19-iun-2014;17,398
18-iun-2014;17,491
17-iun-2014;17,756
16-iun-2014;18,389
13-iun-2014;18,179
12-iun-2014;17,445
11-iun-2014;17,371
10-iun-2014;17,235
09-iun-2014;17,303
06-iun-2014;16,940
05-iun-2014;17,411
04-iun-2014;17,656
03-iun-2014;18,231
02-iun-2014;18,322
30-mai-2014;19,022
29-mai-2014;18,817
28-mai-2014;18,894
27-mai-2014;19,200
26-mai-2014;19,593
23-mai-2014;19,593
22-mai-2014;19,469
21-mai-2014;19,492
20-mai-2014;19,359
19-mai-2014;19,333
16-mai-2014;19,306
15-mai-2014;19,582
14-mai-2014;19,597
13-mai-2014;19,750
12-mai-2014;19,894
09-mai-2014;19,846
08-mai-2014;19,645
07-mai-2014;19,079
06-mai-2014;19,541
05-mai-2014;20,150
02-mai-2014;20,105
01-mai-2014;19,497
30-apr-2014;19,704
29-apr-2014;19,575
28-apr-2014;19,967
25-apr-2014;19,998
24-apr-2014;20,040
23-apr-2014;20,095
22-apr-2014;20,285
21-apr-2014;20,973
17-apr-2014;20,973
16-apr-2014;21,771
15-apr-2014;21,694
14-apr-2014;21,828
11-apr-2014;21,377
10-apr-2014;21,120
09-apr-2014;21,080
08-apr-2014;20,725
07-apr-2014;21,025
04-apr-2014;20,022
03-apr-2014;20,011
02-apr-2014;20,001
01-apr-2014;20,831
31-mar-2014;21,168
28-mar-2014;21,624
27-mar-2014;21,949
26-mar-2014;22,211
25-mar-2014;22,056
24-mar-2014;22,189
21-mar-2014;22,553
20-mar-2014;22,747
19-mar-2014;22,934
18-mar-2014;23,371
17-mar-2014;23,531
14-mar-2014;23,876
13-mar-2014;23,710
12-mar-2014;23,589
11-mar-2014;23,482
10-mar-2014;23,649
07-mar-2014;24,230
06-mar-2014;24,060
05-mar-2014;23,806
04-mar-2014;23,871
03-mar-2014;25,277
28-feb-2014;23,094
27-feb-2014;23,229
26-feb-2014;22,800
25-feb-2014;22,934
24-feb-2014;22,954
21-feb-2014;23,614
20-feb-2014;23,831
19-feb-2014;23,850
18-feb-2014;24,171
17-feb-2014;24,051
14-feb-2014;24,025
13-feb-2014;24,352
12-feb-2014;24,820
11-feb-2014;24,575
10-feb-2014;24,598
07-feb-2014;24,750
06-feb-2014;24,845
05-feb-2014;24,400
04-feb-2014;24,610
03-feb-2014;24,650
31-ian-2014;25,053
30-ian-2014;25,401
29-ian-2014;25,608
28-ian-2014;25,930
27-ian-2014;25,905
24-ian-2014;26,625
23-ian-2014;26,463
22-ian-2014;26,475
21-ian-2014;26,613
20-ian-2014;26,500
17-ian-2014;26,459
16-ian-2014;26,666
15-ian-2014;26,510
14-ian-2014;26,406
13-ian-2014;26,401
10-ian-2014;26,905
09-ian-2014;27,368
08-ian-2014;27,430
07-ian-2014;27,149
06-ian-2014;27,372
03-ian-2014;27,213
02-ian-2014;27,302
31-dec-2013;27,550
30-dec-2013;27,289
27-dec-2013;27,700
26-dec-2013;27,779
24-dec-2013;27,779
23-dec-2013;27,749
20-dec-2013;27,870
19-dec-2013;27,792
18-dec-2013;27,780
17-dec-2013;27,779
16-dec-2013;27,771
13-dec-2013;27,696
12-dec-2013;27,674
11-dec-2013;27,825
10-dec-2013;27,908
09-dec-2013;27,989
06-dec-2013;28,244
05-dec-2013;28,547
04-dec-2013;28,849
03-dec-2013;29,291
02-dec-2013;28,572
29-nov-2013;28,279
28-nov-2013;28,236
27-nov-2013;27,931
26-nov-2013;27,750
25-nov-2013;27,725
22-nov-2013;27,763
21-nov-2013;27,769
20-nov-2013;27,748
19-nov-2013;28,041
18-nov-2013;28,196
15-nov-2013;28,246
14-nov-2013;27,938
13-nov-2013;27,788
12-nov-2013;27,650
11-nov-2013;27,606
08-nov-2013;27,377
07-nov-2013;27,267
06-nov-2013;27,400
05-nov-2013;27,488
04-nov-2013;27,181
01-nov-2013;26,981
31-oct-2013;27,075
30-oct-2013;26,469
29-oct-2013;26,499
28-oct-2013;26,738
25-oct-2013;26,838
24-oct-2013;26,925
23-oct-2013;26,913
22-oct-2013;26,839
21-oct-2013;26,950
18-oct-2013;26,983
17-oct-2013;26,975
16-oct-2013;27,000
15-oct-2013;27,142
14-oct-2013;27,151
11-oct-2013;27,150
10-oct-2013;27,150
09-oct-2013;27,288
08-oct-2013;27,250
07-oct-2013;27,250
04-oct-2013;26,907
03-oct-2013;26,846
02-oct-2013;27,000
01-oct-2013;27,100
30-sept-2013;27,044
27-sept-2013;26,500
26-sept-2013;26,388
25-sept-2013;26,344
24-sept-2013;26,269
23-sept-2013;26,450
20-sept-2013;26,575
19-sept-2013;26,540
18-sept-2013;26,502
17-sept-2013;26,496
16-sept-2013;26,839
13-sept-2013;26,778
12-sept-2013;26,999
11-sept-2013;26,769
10-sept-2013;26,696
09-sept-2013;26,702
06-sept-2013;26,567
05-sept-2013;26,460
04-sept-2013;26,355
03-sept-2013;26,347
02-sept-2013;26,301
30-aug-2013;26,109
29-aug-2013;25,600
28-aug-2013;25,553
27-aug-2013;25,450
26-aug-2013;25,400
23-aug-2013;25,531
22-aug-2013;25,675
21-aug-2013;25,600
20-aug-2013;25,600
19-aug-2013;25,563
16-aug-2013;25,622
15-aug-2013;25,775
14-aug-2013;25,813
13-aug-2013;25,613
12-aug-2013;25,588
09-aug-2013;25,963
08-aug-2013;25,925
07-aug-2013;25,925
06-aug-2013;25,819
05-aug-2013;25,738
02-aug-2013;25,725
01-aug-2013;25,859
31-iul-2013;26,090
30-iul-2013;26,056
29-iul-2013;26,138
26-iul-2013;26,138
25-iul-2013;26,148
24-iul-2013;26,138
23-iul-2013;26,196
22-iul-2013;26,150
19-iul-2013;26,175
18-iul-2013;26,188
17-iul-2013;26,058
16-iul-2013;25,963
15-iul-2013;26,079
12-iul-2013;26,200
11-iul-2013;26,250
10-iul-2013;26,275
09-iul-2013;26,175
08-iul-2013;26,138
05-iul-2013;26,125
04-iul-2013;26,238
03-iul-2013;26,388
02-iul-2013;26,250
01-iul-2013;26,238
28-iun-2013;26,250
27-iun-2013;25,881
26-iun-2013;25,961
25-iun-2013;25,925
24-iun-2013;25,820
21-iun-2013;25,849
20-iun-2013;25,913
19-iun-2013;25,963
18-iun-2013;25,904
17-iun-2013;26,337
14-iun-2013;26,317
13-iun-2013;26,084
12-iun-2013;26,014
11-iun-2013;25,815
10-iun-2013;25,871
07-iun-2013;25,925
06-iun-2013;26,002
05-iun-2013;26,100
04-iun-2013;26,046
03-iun-2013;26,148
31-mai-2013;26,320
30-mai-2013;26,450
29-mai-2013;26,563
28-mai-2013;26,475
27-mai-2013;26,500
24-mai-2013;26,463
23-mai-2013;26,775
22-mai-2013;26,700
21-mai-2013;26,875
20-mai-2013;26,838
17-mai-2013;26,556
16-mai-2013;26,481
15-mai-2013;26,394
14-mai-2013;26,225
13-mai-2013;26,200
10-mai-2013;26,150
09-mai-2013;26,363
08-mai-2013;26,388
07-mai-2013;26,625
06-mai-2013;26,450
03-mai-2013;26,450
02-mai-2013;26,292
30-apr-2013;26,413
29-apr-2013;26,488
26-apr-2013;26,400
25-apr-2013;26,638
24-apr-2013;26,450
23-apr-2013;26,338
22-apr-2013;26,363
19-apr-2013;26,600
18-apr-2013;26,684
17-apr-2013;26,792
16-apr-2013;27,125
15-apr-2013;27,225
12-apr-2013;27,188
11-apr-2013;27,248
10-apr-2013;27,038
09-apr-2013;27,019
08-apr-2013;26,994
05-apr-2013;27,250
04-apr-2013;27,300
03-apr-2013;27,213
02-apr-2013;26,950
28-mar-2013;27,300
27-mar-2013;28,325
26-mar-2013;28,705
25-mar-2013;28,534
22-mar-2013;27,050
21-mar-2013;27,017
20-mar-2013;26,888
19-mar-2013;26,700
18-mar-2013;26,414
15-mar-2013;26,182
14-mar-2013;26,283
13-mar-2013;26,450
12-mar-2013;26,494
11-mar-2013;26,419
08-mar-2013;26,325
07-mar-2013;26,468
06-mar-2013;26,425
05-mar-2013;26,488
04-mar-2013;26,225
01-mar-2013;26,038
28-feb-2013;26,213
27-feb-2013;25,958
26-feb-2013;25,853
25-feb-2013;25,700
22-feb-2013;25,808
21-feb-2013;25,575
20-feb-2013;25,336
19-feb-2013;25,475
18-feb-2013;25,575
15-feb-2013;25,623
14-feb-2013;25,892
13-feb-2013;25,691
12-feb-2013;25,725
11-feb-2013;25,602
08-feb-2013;26,038
07-feb-2013;25,800
06-feb-2013;25,600
05-feb-2013;25,900
04-feb-2013;26,000
01-feb-2013;25,825
31-ian-2013;25,571
30-ian-2013;25,675
29-ian-2013;25,738
28-ian-2013;26,067
25-ian-2013;26,050
24-ian-2013;25,850
23-ian-2013;26,325
22-ian-2013;26,338
21-ian-2013;26,038
18-ian-2013;26,638
17-ian-2013;27,075
16-ian-2013;27,000
15-ian-2013;26,545
14-ian-2013;26,775
11-ian-2013;27,000
10-ian-2013;27,134
09-ian-2013;27,675
08-ian-2013;27,388
07-ian-2013;27,600
04-ian-2013;27,187
03-ian-2013;27,026
02-ian-2013;26,625
28-dec-2012;26,371
27-dec-2012;26,482
21-dec-2012;27,199
20-dec-2012;27,263
19-dec-2012;27,470
18-dec-2012;27,365
17-dec-2012;27,388
14-dec-2012;27,456
13-dec-2012;27,421
12-dec-2012;27,517
11-dec-2012;27,477
10-dec-2012;27,752
07-dec-2012;28,188
06-dec-2012;28,214
05-dec-2012;28,427
04-dec-2012;28,100
03-dec-2012;28,009
30-nov-2012;27,650
29-nov-2012;27,350
28-nov-2012;27,500
27-nov-2012;27,463
26-nov-2012;27,419
23-nov-2012;27,788
22-nov-2012;27,670
21-nov-2012;27,700
20-nov-2012;27,488
19-nov-2012;27,631
16-nov-2012;27,638
15-nov-2012;27,500
14-nov-2012;27,150
13-nov-2012;27,341
12-nov-2012;27,300
09-nov-2012;27,175
08-nov-2012;27,100
07-nov-2012;27,125
06-nov-2012;27,171
05-nov-2012;26,906
02-nov-2012;27,200
01-nov-2012;27,275
31-oct-2012;27,275
30-oct-2012;27,650
29-oct-2012;27,681
26-oct-2012;27,913
25-oct-2012;27,225
24-oct-2012;27,475
23-oct-2012;27,645
22-oct-2012;27,688
19-oct-2012;27,273
18-oct-2012;26,775
17-oct-2012;26,550
16-oct-2012;26,475
15-oct-2012;26,300
12-oct-2012;26,492
11-oct-2012;26,525
10-oct-2012;26,825
09-oct-2012;26,675
08-oct-2012;26,850
05-oct-2012;26,669
04-oct-2012;26,363
03-oct-2012;26,350
02-oct-2012;26,356
01-oct-2012;26,396
28-sept-2012;26,475
27-sept-2012;25,567
26-sept-2012;25,500
25-sept-2012;25,542
24-sept-2012;25,300
21-sept-2012;25,749
20-sept-2012;25,383
19-sept-2012;25,153
18-sept-2012;25,289
17-sept-2012;25,458
14-sept-2012;25,550
13-sept-2012;25,550
12-sept-2012;25,300
11-sept-2012;25,192
10-sept-2012;25,392
07-sept-2012;25,650
06-sept-2012;26,000
05-sept-2012;25,792
04-sept-2012;25,769
03-sept-2012;26,204
31-aug-2012;25,487
30-aug-2012;24,883
29-aug-2012;24,775
28-aug-2012;24,750
27-aug-2012;24,975
24-aug-2012;24,975
23-aug-2012;25,067
22-aug-2012;25,100
21-aug-2012;25,200
20-aug-2012;25,108
17-aug-2012;24,825
16-aug-2012;24,484
15-aug-2012;24,741
14-aug-2012;25,000
13-aug-2012;24,900
10-aug-2012;24,725
09-aug-2012;24,788
08-aug-2012;24,450
07-aug-2012;24,050
06-aug-2012;23,738
03-aug-2012;23,900
02-aug-2012;23,900
01-aug-2012;24,175
31-iul-2012;24,100
30-iul-2012;23,800
27-iul-2012;23,825
26-iul-2012;24,000
25-iul-2012;23,813
24-iul-2012;23,775
23-iul-2012;23,692
20-iul-2012;24,000
19-iul-2012;23,750
18-iul-2012;23,850
17-iul-2012;24,000
16-iul-2012;24,053
13-iul-2012;24,250
12-iul-2012;24,100
11-iul-2012;24,100
10-iul-2012;24,350
09-iul-2012;25,200
06-iul-2012;24,663
05-iul-2012;24,950
04-iul-2012;24,450
03-iul-2012;24,475
02-iul-2012;24,038
29-iun-2012;23,950
28-iun-2012;23,767
27-iun-2012;23,960
26-iun-2012;23,702
25-iun-2012;23,450
22-iun-2012;23,539
21-iun-2012;23,350
20-iun-2012;23,250
19-iun-2012;23,241
18-iun-2012;23,360
15-iun-2012;23,528
14-iun-2012;23,358
13-iun-2012;23,457
12-iun-2012;23,595
11-iun-2012;23,643
08-iun-2012;23,589
07-iun-2012;23,709
06-iun-2012;23,708
05-iun-2012;23,410
04-iun-2012;23,410
01-iun-2012;23,380
31-mai-2012;23,668
30-mai-2012;23,400
29-mai-2012;24,004
28-mai-2012;24,000
25-mai-2012;23,408
24-mai-2012;23,433
23-mai-2012;23,321
22-mai-2012;23,483
21-mai-2012;23,400
18-mai-2012;23,538
17-mai-2012;23,875
16-mai-2012;24,254
15-mai-2012;24,419
14-mai-2012;24,463
11-mai-2012;24,624
10-mai-2012;24,825
09-mai-2012;24,842
08-mai-2012;24,400
07-mai-2012;24,800
04-mai-2012;24,800
03-mai-2012;24,594
02-mai-2012;24,967
30-apr-2012;25,200
27-apr-2012;24,267
26-apr-2012;24,017
25-apr-2012;24,000
24-apr-2012;24,088
23-apr-2012;24,381
20-apr-2012;24,569
19-apr-2012;24,383
18-apr-2012;24,400
17-apr-2012;24,488
16-apr-2012;24,458
13-apr-2012;24,975
12-apr-2012;24,925
11-apr-2012;24,506
10-apr-2012;24,383
05-apr-2012;24,417
04-apr-2012;24,517
03-apr-2012;24,703
02-apr-2012;24,725
30-mar-2012;25,238
29-mar-2012;24,825
28-mar-2012;24,775
27-mar-2012;24,515
26-mar-2012;24,300
23-mar-2012;24,185
22-mar-2012;24,463
21-mar-2012;24,905
20-mar-2012;25,323
19-mar-2012;25,415
16-mar-2012;24,806
15-mar-2012;24,688
14-mar-2012;24,953
13-mar-2012;24,322
12-mar-2012;24,313
09-mar-2012;24,788
08-mar-2012;24,553
07-mar-2012;23,826
06-mar-2012;23,538
05-mar-2012;23,741
02-mar-2012;24,121
01-mar-2012;24,339
29-feb-2012;24,370
28-feb-2012;24,569
27-feb-2012;25,083
24-feb-2012;24,125
23-feb-2012;24,054
22-feb-2012;24,050
21-feb-2012;23,551
20-feb-2012;23,338
17-feb-2012;23,638
16-feb-2012;23,700
15-feb-2012;23,525
14-feb-2012;22,708
13-feb-2012;22,767
10-feb-2012;23,608
09-feb-2012;23,825
08-feb-2012;24,042
07-feb-2012;24,677
06-feb-2012;24,392
03-feb-2012;24,225
02-feb-2012;23,900
01-feb-2012;23,403
31-ian-2012;23,013
30-ian-2012;24,000
27-ian-2012;22,756
26-ian-2012;21,833
25-ian-2012;22,308
24-ian-2012;22,175
23-ian-2012;21,871
20-ian-2012;21,781
19-ian-2012;21,094
18-ian-2012;21,130
17-ian-2012;21,150
16-ian-2012;21,600
13-ian-2012;22,050
12-ian-2012;22,300
11-ian-2012;22,525
10-ian-2012;22,350
09-ian-2012;22,450
06-ian-2012;21,675
05-ian-2012;21,860
04-ian-2012;21,760
03-ian-2012;21,750
02-ian-2012;22,363
30-dec-2011;22,363
29-dec-2011;22,075
28-dec-2011;22,535
27-dec-2011;22,973
23-dec-2011;22,973
22-dec-2011;23,218
21-dec-2011;23,130
20-dec-2011;23,250
19-dec-2011;22,939
16-dec-2011;23,171
15-dec-2011;23,352
14-dec-2011;23,520
13-dec-2011;23,694
12-dec-2011;23,661
09-dec-2011;23,930
08-dec-2011;23,489
07-dec-2011;23,149
06-dec-2011;22,800
05-dec-2011;22,993
02-dec-2011;23,269
01-dec-2011;23,342
30-nov-2011;23,951
29-nov-2011;23,500
28-nov-2011;23,783
25-nov-2011;23,960
24-nov-2011;24,050
23-nov-2011;24,270
22-nov-2011;24,400
21-nov-2011;24,400
18-nov-2011;24,330
17-nov-2011;24,550
16-nov-2011;24,830
15-nov-2011;24,650
14-nov-2011;24,630
11-nov-2011;24,810
10-nov-2011;25,200
09-nov-2011;25,090
08-nov-2011;25,631
07-nov-2011;26,025
04-nov-2011;25,396
03-nov-2011;25,300
02-nov-2011;25,204
01-nov-2011;25,500
31-oct-2011;25,621
28-oct-2011;24,625
27-oct-2011;24,752
26-oct-2011;24,571
25-oct-2011;25,025
24-oct-2011;25,200
21-oct-2011;25,520
20-oct-2011;24,963
19-oct-2011;25,128
18-oct-2011;25,271
17-oct-2011;25,658
14-oct-2011;25,575
13-oct-2011;25,488
12-oct-2011;26,281
11-oct-2011;26,225
10-oct-2011;25,900
07-oct-2011;25,800
06-oct-2011;26,223
05-oct-2011;26,716
04-oct-2011;26,546
03-oct-2011;26,383
30-sept-2011;26,678
29-sept-2011;24,560
28-sept-2011;24,721
27-sept-2011;24,380
26-sept-2011;24,060
23-sept-2011;25,100
22-sept-2011;24,990
21-sept-2011;25,450
20-sept-2011;25,520
19-sept-2011;25,385
16-sept-2011;25,422
15-sept-2011;25,805
14-sept-2011;25,686
13-sept-2011;26,210
12-sept-2011;26,430
09-sept-2011;26,700
08-sept-2011;27,027
07-sept-2011;26,550
06-sept-2011;26,450
05-sept-2011;26,100
02-sept-2011;26,048
01-sept-2011;26,554
31-aug-2011;26,825
30-aug-2011;24,558
29-aug-2011;23,788
26-aug-2011;23,788
25-aug-2011;22,975
24-aug-2011;23,364
23-aug-2011;22,818
22-aug-2011;22,380
19-aug-2011;22,158
18-aug-2011;22,291
17-aug-2011;22,130
16-aug-2011;21,750
15-aug-2011;21,950
12-aug-2011;22,000
11-aug-2011;21,875
10-aug-2011;21,740
09-aug-2011;21,680
08-aug-2011;21,600
05-aug-2011;21,358
04-aug-2011;21,525
03-aug-2011;21,550
02-aug-2011;21,800
01-aug-2011;21,920
29-iul-2011;22,229
28-iul-2011;21,329
27-iul-2011;21,225
26-iul-2011;21,407
25-iul-2011;21,588
22-iul-2011;21,750
21-iul-2011;21,881
20-iul-2011;21,888
19-iul-2011;21,900
18-iul-2011;21,923
15-iul-2011;21,850
14-iul-2011;21,810
13-iul-2011;21,950
12-iul-2011;21,911
11-iul-2011;21,858
08-iul-2011;22,100
07-iul-2011;22,188
06-iul-2011;21,975
05-iul-2011;21,950
04-iul-2011;21,930
01-iul-2011;22,000
30-iun-2011;22,333
29-iun-2011;22,285
28-iun-2011;22,142
27-iun-2011;22,022
24-iun-2011;22,294
23-iun-2011;22,421
22-iun-2011;22,669
21-iun-2011;22,682
20-iun-2011;22,725
17-iun-2011;22,898
16-iun-2011;22,919
15-iun-2011;23,115
14-iun-2011;23,229
13-iun-2011;23,184
10-iun-2011;22,975
09-iun-2011;22,946
08-iun-2011;22,940
07-iun-2011;22,966
06-iun-2011;22,924
03-iun-2011;23,075
02-iun-2011;23,019
01-iun-2011;23,234
31-mai-2011;23,718
30-mai-2011;23,698
27-mai-2011;23,275
26-mai-2011;23,215
25-mai-2011;23,225
24-mai-2011;23,125
23-mai-2011;23,250
20-mai-2011;23,175
19-mai-2011;23,090
18-mai-2011;23,060
17-mai-2011;23,073
16-mai-2011;22,988
13-mai-2011;22,900
12-mai-2011;23,082
11-mai-2011;23,357
10-mai-2011;23,107
09-mai-2011;22,571
06-mai-2011;22,075
05-mai-2011;21,896
04-mai-2011;21,933
03-mai-2011;22,170
02-mai-2011;23,136
29-apr-2011;23,092
28-apr-2011;23,175
27-apr-2011;22,313
26-apr-2011;21,829
21-apr-2011;22,844
20-apr-2011;23,029
19-apr-2011;22,984
18-apr-2011;23,015
15-apr-2011;23,209
14-apr-2011;23,250
13-apr-2011;23,465
12-apr-2011;23,742
11-apr-2011;23,859
08-apr-2011;23,944
07-apr-2011;23,725
06-apr-2011;24,000
05-apr-2011;24,357
04-apr-2011;24,848
01-apr-2011;24,859
31-mar-2011;24,774
30-mar-2011;23,575
29-mar-2011;24,085
28-mar-2011;24,538
25-mar-2011;24,444
24-mar-2011;24,757
23-mar-2011;24,683
22-mar-2011;24,435
21-mar-2011;23,965
18-mar-2011;24,468
17-mar-2011;25,194
16-mar-2011;25,865
15-mar-2011;25,675
14-mar-2011;25,267
11-mar-2011;23,847
10-mar-2011;23,173
09-mar-2011;23,438
08-mar-2011;23,204
07-mar-2011;23,702
04-mar-2011;22,854
03-mar-2011;22,738
02-mar-2011;22,650
01-mar-2011;22,278
28-feb-2011;22,183
25-feb-2011;21,784
24-feb-2011;21,965
23-feb-2011;22,015
22-feb-2011;22,010
21-feb-2011;21,595
18-feb-2011;21,189
17-feb-2011;21,360
16-feb-2011;21,132
15-feb-2011;21,375
14-feb-2011;21,400
11-feb-2011;21,560
10-feb-2011;21,238
09-feb-2011;21,213
08-feb-2011;21,476
07-feb-2011;21,850
04-feb-2011;22,263
03-feb-2011;22,080
02-feb-2011;21,750
01-feb-2011;21,179
31-ian-2011;20,838
28-ian-2011;21,257
27-ian-2011;21,580
26-ian-2011;21,660
25-ian-2011;21,515
24-ian-2011;22,050
21-ian-2011;22,330
20-ian-2011;22,542
19-ian-2011;22,594
18-ian-2011;22,550
17-ian-2011;22,496
14-ian-2011;22,312
13-ian-2011;22,750
12-ian-2011;22,951
11-ian-2011;22,625
10-ian-2011;22,442
07-ian-2011;22,788
06-ian-2011;22,748
05-ian-2011;22,582
04-ian-2011;22,938
03-ian-2011;24,084
29-dec-2010;24,163
28-dec-2010;22,810
27-dec-2010;22,810
23-dec-2010;22,810
22-dec-2010;22,838
21-dec-2010;22,772
20-dec-2010;23,129
17-dec-2010;23,372
16-dec-2010;23,142
15-dec-2010;22,385
14-dec-2010;22,255
13-dec-2010;23,274
10-dec-2010;23,688
09-dec-2010;23,727
08-dec-2010;24,062
07-dec-2010;23,425
06-dec-2010;23,888
03-dec-2010;23,428
02-dec-2010;22,525
01-dec-2010;22,654
30-nov-2010;21,759
29-nov-2010;21,815
26-nov-2010;20,869
25-nov-2010;20,782
24-nov-2010;20,922
23-nov-2010;20,560
22-nov-2010;20,778
19-nov-2010;19,525
18-nov-2010;19,500
17-nov-2010;19,355
16-nov-2010;19,408
15-nov-2010;19,371
12-nov-2010;18,775
11-nov-2010;18,616
10-nov-2010;18,493
09-nov-2010;18,369
08-nov-2010;18,359
05-nov-2010;18,654
04-nov-2010;18,774
03-nov-2010;18,900
02-nov-2010;18,675
01-nov-2010;18,674
29-oct-2010;18,807
28-oct-2010;18,933
27-oct-2010;19,079
26-oct-2010;19,074
25-oct-2010;18,768
22-oct-2010;18,684
21-oct-2010;18,673
20-oct-2010;18,783
19-oct-2010;18,673
18-oct-2010;18,975
15-oct-2010;18,990
14-oct-2010;18,970
13-oct-2010;18,821
12-oct-2010;19,000
11-oct-2010;18,960
08-oct-2010;18,663
07-oct-2010;18,729
06-oct-2010;18,890
05-oct-2010;18,950
04-oct-2010;18,741
01-oct-2010;18,930
30-sept-2010;19,200
29-sept-2010;19,125
28-sept-2010;18,990
27-sept-2010;18,516
24-sept-2010;18,680
23-sept-2010;18,410
22-sept-2010;18,240
21-sept-2010;18,121
20-sept-2010;18,260
17-sept-2010;18,411
16-sept-2010;18,410
15-sept-2010;18,549
14-sept-2010;18,567
13-sept-2010;18,651
10-sept-2010;18,591
09-sept-2010;18,809
08-sept-2010;18,550
07-sept-2010;18,260
06-sept-2010;18,335
03-sept-2010;18,800
02-sept-2010;18,333
01-sept-2010;18,210
31-aug-2010;18,407
30-aug-2010;18,063
27-aug-2010;17,895
26-aug-2010;17,944
25-aug-2010;17,720
24-aug-2010;17,716
23-aug-2010;18,371
20-aug-2010;18,212
19-aug-2010;17,946
18-aug-2010;17,649
17-aug-2010;18,081
16-aug-2010;18,113
13-aug-2010;18,550
12-aug-2010;18,607
11-aug-2010;18,815
10-aug-2010;18,840
09-aug-2010;18,815
06-aug-2010;18,730
05-aug-2010;19,063
04-aug-2010;19,153
03-aug-2010;18,775
02-aug-2010;18,900
30-iul-2010;18,497
29-iul-2010;17,890
28-iul-2010;17,295
27-iul-2010;17,125
26-iul-2010;17,853
23-iul-2010;18,021
22-iul-2010;17,745
21-iul-2010;17,051
20-iul-2010;18,229
19-iul-2010;18,855
16-iul-2010;19,385
15-iul-2010;19,874
14-iul-2010;20,013
13-iul-2010;20,817
12-iul-2010;20,995
09-iul-2010;21,145
08-iul-2010;21,164
07-iul-2010;20,725
06-iul-2010;21,238
05-iul-2010;21,018
02-iul-2010;20,625
01-iul-2010;20,634
30-iun-2010;20,232
29-iun-2010;19,865
28-iun-2010;19,178
25-iun-2010;18,996
24-iun-2010;19,235
23-iun-2010;19,385
22-iun-2010;19,432
21-iun-2010;19,780
18-iun-2010;19,805
17-iun-2010;19,863
16-iun-2010;19,663
15-iun-2010;19,923
14-iun-2010;18,855
11-iun-2010;18,280
10-iun-2010;18,505
09-iun-2010;19,010
08-iun-2010;19,063
07-iun-2010;18,000
04-iun-2010;17,452
03-iun-2010;16,615
02-iun-2010;16,650
01-iun-2010;16,384
31-mai-2010;16,342
28-mai-2010;16,328
27-mai-2010;16,345
26-mai-2010;16,900
25-mai-2010;16,700
21-mai-2010;16,480
20-mai-2010;16,303
19-mai-2010;16,300
18-mai-2010;16,437
17-mai-2010;15,854
14-mai-2010;16,042
12-mai-2010;15,940
11-mai-2010;16,069
10-mai-2010;16,296
07-mai-2010;16,770
06-mai-2010;16,245
04-mai-2010;15,696
03-mai-2010;15,134
28-apr-2010;14,300
27-apr-2010;15,196
26-apr-2010;13,748
23-apr-2010;12,618
22-apr-2010;12,573
21-apr-2010;12,788
20-apr-2010;12,408
19-apr-2010;12,405
16-apr-2010;12,517
15-apr-2010;12,930
14-apr-2010;13,157
13-apr-2010;12,610
12-apr-2010;12,805
09-apr-2010;12,735
08-apr-2010;12,129
07-apr-2010;12,177
06-apr-2010;12,049
01-apr-2010;11,555
31-mar-2010;11,849
30-mar-2010;12,271
29-mar-2010;11,957
26-mar-2010;11,913
25-mar-2010;11,619
24-mar-2010;11,595
23-mar-2010;11,454
22-mar-2010;11,244
19-mar-2010;11,145
18-mar-2010;11,138
17-mar-2010;11,309
16-mar-2010;11,482
15-mar-2010;11,559
12-mar-2010;11,367
11-mar-2010;11,414
10-mar-2010;11,482
09-mar-2010;11,375
08-mar-2010;11,430
05-mar-2010;11,389
04-mar-2010;11,532
03-mar-2010;11,871
02-mar-2010;12,052
01-mar-2010;12,240
26-feb-2010;12,216
25-feb-2010;12,730
24-feb-2010;12,774
23-feb-2010;12,420
22-feb-2010;12,350
19-feb-2010;12,592
18-feb-2010;12,945
17-feb-2010;13,275
16-feb-2010;13,775
15-feb-2010;13,405
12-feb-2010;13,320
11-feb-2010;13,357
10-feb-2010;13,141
09-feb-2010;13,719
08-feb-2010;14,000
05-feb-2010;13,992
04-feb-2010;13,747
03-feb-2010;13,575
02-feb-2010;13,537
01-feb-2010;13,553
29-ian-2010;14,847
28-ian-2010;15,550
27-ian-2010;15,373
26-ian-2010;14,771
25-ian-2010;14,156
22-ian-2010;13,400
21-ian-2010;13,310
20-ian-2010;13,439
19-ian-2010;13,190
18-ian-2010;12,745
15-ian-2010;12,535
14-ian-2010;13,019
13-ian-2010;12,646
12-ian-2010;12,958
11-ian-2010;13,494
08-ian-2010;13,334
07-ian-2010;14,036
06-ian-2010;13,915
05-ian-2010;13,975
04-ian-2010;13,805
