;BRENT_OIL
13-oct-2023;90,89
12-oct-2023;86,00
11-oct-2023;85,82
10-oct-2023;87,65
09-oct-2023;88,15
06-oct-2023;84,58
05-oct-2023;84,07
04-oct-2023;85,81
03-oct-2023;90,92
02-oct-2023;90,71
29-sept-2023;95,31
28-sept-2023;95,38
27-sept-2023;96,55
26-sept-2023;93,96
25-sept-2023;93,29
22-sept-2023;93,27
21-sept-2023;93,30
20-sept-2023;93,53
19-sept-2023;94,34
18-sept-2023;94,43
15-sept-2023;93,93
14-sept-2023;93,70
13-sept-2023;91,88
12-sept-2023;92,06
11-sept-2023;90,64
08-sept-2023;90,65
07-sept-2023;89,92
06-sept-2023;90,60
05-sept-2023;90,04
04-sept-2023;89,00
01-sept-2023;88,55
31-aug-2023;86,86
30-aug-2023;85,86
29-aug-2023;85,49
28-aug-2023;84,42
25-aug-2023;84,48
24-aug-2023;83,36
23-aug-2023;83,21
22-aug-2023;84,03
21-aug-2023;84,46
18-aug-2023;84,80
17-aug-2023;84,12
16-aug-2023;83,45
14-aug-2023;86,21
11-aug-2023;86,81
10-aug-2023;86,40
09-aug-2023;87,55
08-aug-2023;86,17
07-aug-2023;85,34
04-aug-2023;86,24
03-aug-2023;85,14
02-aug-2023;83,20
01-aug-2023;84,91
31-iul-2023;85,56
28-iul-2023;84,99
27-iul-2023;84,24
26-iul-2023;82,92
25-iul-2023;83,64
24-iul-2023;82,74
21-iul-2023;81,07
20-iul-2023;79,64
19-iul-2023;79,46
18-iul-2023;79,63
17-iul-2023;78,50
14-iul-2023;79,87
13-iul-2023;81,36
12-iul-2023;80,11
11-iul-2023;79,40
10-iul-2023;77,69
07-iul-2023;78,47
06-iul-2023;76,52
05-iul-2023;76,65
04-iul-2023;76,25
03-iul-2023;74,65
30-iun-2023;74,90
29-iun-2023;74,34
28-iun-2023;74,03
27-iun-2023;72,26
26-iun-2023;74,18
23-iun-2023;73,85
22-iun-2023;74,14
21-iun-2023;77,12
20-iun-2023;75,90
19-iun-2023;76,09
16-iun-2023;76,61
15-iun-2023;75,67
14-iun-2023;73,20
13-iun-2023;74,29
12-iun-2023;71,84
09-iun-2023;74,79
08-iun-2023;75,96
07-iun-2023;76,95
06-iun-2023;76,29
02-iun-2023;76,13
31-mai-2023;72,66
30-mai-2023;73,54
29-mai-2023;77,07
26-mai-2023;76,95
25-mai-2023;76,26
24-mai-2023;78,36
23-mai-2023;76,84
22-mai-2023;75,99
19-mai-2023;75,58
18-mai-2023;75,86
17-mai-2023;76,96
16-mai-2023;74,91
15-mai-2023;75,23
12-mai-2023;74,17
11-mai-2023;74,98
10-mai-2023;76,41
09-mai-2023;77,44
08-mai-2023;77,01
05-mai-2023;75,30
04-mai-2023;72,50
03-mai-2023;72,33
02-mai-2023;75,32
28-apr-2023;79,54
27-apr-2023;78,37
26-apr-2023;77,69
25-apr-2023;80,77
24-apr-2023;82,73
21-apr-2023;81,66
20-apr-2023;81,10
19-apr-2023;83,12
18-apr-2023;84,77
17-apr-2023;84,76
14-apr-2023;86,31
13-apr-2023;86,09
12-apr-2023;87,33
11-apr-2023;85,61
10-apr-2023;84,18
06-apr-2023;85,12
05-apr-2023;84,99
04-apr-2023;84,94
03-apr-2023;84,93
31-mar-2023;79,77
30-mar-2023;79,27
29-mar-2023;78,28
28-mar-2023;78,65
27-mar-2023;78,12
24-mar-2023;74,99
23-mar-2023;75,91
22-mar-2023;76,69
21-mar-2023;75,32
20-mar-2023;73,79
17-mar-2023;72,97
16-mar-2023;74,70
15-mar-2023;73,69
14-mar-2023;77,45
13-mar-2023;80,77
10-mar-2023;82,78
09-mar-2023;81,59
08-mar-2023;82,66
07-mar-2023;83,29
06-mar-2023;86,18
03-mar-2023;85,83
02-mar-2023;84,75
01-mar-2023;84,31
28-feb-2023;83,89
27-feb-2023;82,45
24-feb-2023;83,16
23-feb-2023;82,21
22-feb-2023;80,60
21-feb-2023;83,05
20-feb-2023;84,07
17-feb-2023;83,00
16-feb-2023;85,14
15-feb-2023;85,38
14-feb-2023;85,58
13-feb-2023;86,61
10-feb-2023;86,39
09-feb-2023;84,50
08-feb-2023;85,09
07-feb-2023;83,69
06-feb-2023;80,99
03-feb-2023;79,94
02-feb-2023;82,17
01-feb-2023;82,84
31-ian-2023;84,49
30-ian-2023;84,90
27-ian-2023;86,66
26-ian-2023;87,47
25-ian-2023;86,12
24-ian-2023;86,13
23-ian-2023;88,19
20-ian-2023;87,63
19-ian-2023;86,16
18-ian-2023;84,98
17-ian-2023;85,92
16-ian-2023;84,46
13-ian-2023;85,28
12-ian-2023;84,03
11-ian-2023;82,67
10-ian-2023;80,10
09-ian-2023;79,65
06-ian-2023;78,57
05-ian-2023;78,69
04-ian-2023;77,84
03-ian-2023;82,10
30-dec-2022;85,91
29-dec-2022;82,26
28-dec-2022;83,26
27-dec-2022;84,33
23-dec-2022;83,92
22-dec-2022;80,98
21-dec-2022;82,20
20-dec-2022;79,99
19-dec-2022;79,80
16-dec-2022;79,04
15-dec-2022;81,21
14-dec-2022;82,70
13-dec-2022;80,68
12-dec-2022;77,99
09-dec-2022;76,10
08-dec-2022;76,15
07-dec-2022;77,17
06-dec-2022;79,35
05-dec-2022;82,68
02-dec-2022;85,57
01-dec-2022;86,88
30-nov-2022;85,43
29-nov-2022;83,03
28-nov-2022;83,19
25-nov-2022;83,63
24-nov-2022;85,34
23-nov-2022;85,41
22-nov-2022;88,36
21-nov-2022;87,45
18-nov-2022;87,62
17-nov-2022;89,78
16-nov-2022;92,86
15-nov-2022;93,86
14-nov-2022;93,14
11-nov-2022;95,99
10-nov-2022;93,67
09-nov-2022;92,65
08-nov-2022;95,36
07-nov-2022;97,92
04-nov-2022;98,57
03-nov-2022;94,67
02-nov-2022;96,16
01-nov-2022;94,65
31-oct-2022;94,83
28-oct-2022;95,77
27-oct-2022;96,96
26-oct-2022;95,69
25-oct-2022;93,52
24-oct-2022;93,26
21-oct-2022;93,50
20-oct-2022;92,38
19-oct-2022;92,41
18-oct-2022;90,03
17-oct-2022;91,62
14-oct-2022;91,63
13-oct-2022;94,57
12-oct-2022;92,45
11-oct-2022;94,29
10-oct-2022;96,19
07-oct-2022;97,92
06-oct-2022;94,42
05-oct-2022;93,37
04-oct-2022;91,80
03-oct-2022;88,86
30-sept-2022;87,96
29-sept-2022;88,49
28-sept-2022;89,32
27-sept-2022;86,27
26-sept-2022;84,06
23-sept-2022;86,15
22-sept-2022;90,46
21-sept-2022;89,83
20-sept-2022;90,62
19-sept-2022;92,00
16-sept-2022;91,35
15-sept-2022;90,84
14-sept-2022;94,10
13-sept-2022;93,17
12-sept-2022;94,00
09-sept-2022;92,84
08-sept-2022;89,15
07-sept-2022;88,00
06-sept-2022;92,83
05-sept-2022;95,74
02-sept-2022;93,02
01-sept-2022;92,36
31-aug-2022;96,49
30-aug-2022;99,31
29-aug-2022;105,09
26-aug-2022;100,99
25-aug-2022;99,34
24-aug-2022;101,22
23-aug-2022;100,22
22-aug-2022;96,48
19-aug-2022;96,72
18-aug-2022;96,59
17-aug-2022;93,65
16-aug-2022;92,34
15-aug-2022;95,10
12-aug-2022;98,15
11-aug-2022;99,60
10-aug-2022;97,40
09-aug-2022;96,31
08-aug-2022;96,65
05-aug-2022;94,92
04-aug-2022;94,12
03-aug-2022;96,78
02-aug-2022;100,54
01-aug-2022;100,03
29-iul-2022;110,01
28-iul-2022;107,14
27-iul-2022;106,62
26-iul-2022;104,40
25-iul-2022;105,15
22-iul-2022;103,20
21-iul-2022;103,86
20-iul-2022;106,92
19-iul-2022;107,35
18-iul-2022;106,27
15-iul-2022;101,16
14-iul-2022;99,10
13-iul-2022;99,57
12-iul-2022;99,49
11-iul-2022;107,10
08-iul-2022;107,02
07-iul-2022;104,65
06-iul-2022;100,69
05-iul-2022;102,77
04-iul-2022;113,50
01-iul-2022;111,63
30-iun-2022;114,81
29-iun-2022;116,26
28-iun-2022;117,98
27-iun-2022;115,09
24-iun-2022;113,12
23-iun-2022;110,05
22-iun-2022;111,74
21-iun-2022;114,65
20-iun-2022;114,13
17-iun-2022;113,12
16-iun-2022;119,81
15-iun-2022;118,51
14-iun-2022;121,17
13-iun-2022;122,27
10-iun-2022;122,01
09-iun-2022;123,07
08-iun-2022;123,58
07-iun-2022;120,57
06-iun-2022;119,51
03-iun-2022;119,72
02-iun-2022;117,61
01-iun-2022;116,29
31-mai-2022;122,84
30-mai-2022;121,67
27-mai-2022;119,43
26-mai-2022;117,40
25-mai-2022;114,03
24-mai-2022;113,56
23-mai-2022;113,42
20-mai-2022;112,55
19-mai-2022;112,04
18-mai-2022;109,11
17-mai-2022;111,93
16-mai-2022;114,24
13-mai-2022;111,55
12-mai-2022;107,45
11-mai-2022;107,51
10-mai-2022;102,46
09-mai-2022;105,94
06-mai-2022;112,39
05-mai-2022;110,90
04-mai-2022;110,14
03-mai-2022;104,97
02-mai-2022;107,58
29-apr-2022;109,34
28-apr-2022;107,59
27-apr-2022;105,32
26-apr-2022;104,99
25-apr-2022;102,32
22-apr-2022;106,65
21-apr-2022;108,33
20-apr-2022;106,80
19-apr-2022;107,25
18-apr-2022;113,16
14-apr-2022;111,70
13-apr-2022;108,78
12-apr-2022;104,64
11-apr-2022;98,48
08-apr-2022;102,78
07-apr-2022;100,58
06-apr-2022;101,07
05-apr-2022;106,64
04-apr-2022;107,53
01-apr-2022;104,39
31-mar-2022;107,91
30-mar-2022;113,45
29-mar-2022;110,23
28-mar-2022;112,48
25-mar-2022;120,65
24-mar-2022;119,03
23-mar-2022;121,60
22-mar-2022;115,48
21-mar-2022;115,62
18-mar-2022;107,93
17-mar-2022;106,64
16-mar-2022;98,02
15-mar-2022;99,91
14-mar-2022;106,90
11-mar-2022;112,67
10-mar-2022;109,33
09-mar-2022;111,14
08-mar-2022;127,98
07-mar-2022;123,21
04-mar-2022;118,11
03-mar-2022;110,46
02-mar-2022;112,93
01-mar-2022;104,97
28-feb-2022;100,99
25-feb-2022;97,93
24-feb-2022;99,08
23-feb-2022;96,84
22-feb-2022;96,84
21-feb-2022;95,39
18-feb-2022;93,54
17-feb-2022;92,97
16-feb-2022;94,81
15-feb-2022;93,28
14-feb-2022;96,48
11-feb-2022;94,44
10-feb-2022;91,41
09-feb-2022;91,55
08-feb-2022;90,78
07-feb-2022;92,69
04-feb-2022;93,27
03-feb-2022;91,11
02-feb-2022;89,47
01-feb-2022;89,16
31-ian-2022;91,21
28-ian-2022;90,03
27-ian-2022;89,34
26-ian-2022;89,96
25-ian-2022;88,20
24-ian-2022;86,27
21-ian-2022;87,89
20-ian-2022;88,38
19-ian-2022;88,44
18-ian-2022;87,51
17-ian-2022;86,48
14-ian-2022;86,06
13-ian-2022;84,47
12-ian-2022;84,67
11-ian-2022;83,72
10-ian-2022;80,87
07-ian-2022;81,75
06-ian-2022;81,99
05-ian-2022;80,80
04-ian-2022;80,00
03-ian-2022;78,98
31-dec-2021;77,78
30-dec-2021;79,32
29-dec-2021;79,23
28-dec-2021;78,94
27-dec-2021;78,60
24-dec-2021;76,14
23-dec-2021;76,85
22-dec-2021;75,29
21-dec-2021;73,98
20-dec-2021;71,52
17-dec-2021;73,52
16-dec-2021;75,02
15-dec-2021;73,88
14-dec-2021;73,70
13-dec-2021;74,39
10-dec-2021;75,15
09-dec-2021;74,42
08-dec-2021;75,82
07-dec-2021;75,44
06-dec-2021;73,08
03-dec-2021;69,88
02-dec-2021;69,67
01-dec-2021;68,87
30-nov-2021;70,57
29-nov-2021;73,44
26-nov-2021;72,72
25-nov-2021;82,22
24-nov-2021;82,25
23-nov-2021;82,31
22-nov-2021;79,70
19-nov-2021;78,89
18-nov-2021;81,24
17-nov-2021;80,28
16-nov-2021;82,43
15-nov-2021;82,05
12-nov-2021;82,17
11-nov-2021;82,87
10-nov-2021;82,64
09-nov-2021;84,78
08-nov-2021;83,43
05-nov-2021;82,74
04-nov-2021;80,54
03-nov-2021;81,99
02-nov-2021;84,72
01-nov-2021;84,71
29-oct-2021;84,38
28-oct-2021;84,32
27-oct-2021;84,58
26-oct-2021;86,40
25-oct-2021;85,99
22-oct-2021;85,53
21-oct-2021;84,61
20-oct-2021;85,82
19-oct-2021;85,08
18-oct-2021;84,33
15-oct-2021;84,86
14-oct-2021;84,00
13-oct-2021;83,18
12-oct-2021;83,42
11-oct-2021;83,65
08-oct-2021;82,39
07-oct-2021;81,95
06-oct-2021;81,08
05-oct-2021;82,56
04-oct-2021;81,26
01-oct-2021;79,28
30-sept-2021;78,52
29-sept-2021;78,64
28-sept-2021;79,09
27-sept-2021;79,53
24-sept-2021;78,09
23-sept-2021;77,25
22-sept-2021;76,19
21-sept-2021;74,36
20-sept-2021;73,92
17-sept-2021;75,34
16-sept-2021;75,67
15-sept-2021;75,46
14-sept-2021;73,60
13-sept-2021;73,51
10-sept-2021;72,92
09-sept-2021;71,45
08-sept-2021;72,60
07-sept-2021;71,69
06-sept-2021;72,22
03-sept-2021;72,61
02-sept-2021;73,03
01-sept-2021;71,59
31-aug-2021;72,99
30-aug-2021;73,41
27-aug-2021;72,70
26-aug-2021;71,07
25-aug-2021;72,25
24-aug-2021;71,05
23-aug-2021;68,75
20-aug-2021;65,18
19-aug-2021;66,45
18-aug-2021;68,23
17-aug-2021;69,03
16-aug-2021;69,51
13-aug-2021;70,59
12-aug-2021;71,31
11-aug-2021;71,44
10-aug-2021;70,63
09-aug-2021;69,04
06-aug-2021;70,70
05-aug-2021;71,29
04-aug-2021;70,38
03-aug-2021;72,41
02-aug-2021;72,89
30-iul-2021;76,33
29-iul-2021;76,05
28-iul-2021;74,74
27-iul-2021;74,48
26-iul-2021;74,50
23-iul-2021;74,10
22-iul-2021;73,79
21-iul-2021;72,23
20-iul-2021;69,35
19-iul-2021;68,62
16-iul-2021;73,59
15-iul-2021;73,47
14-iul-2021;74,76
13-iul-2021;76,49
12-iul-2021;75,16
09-iul-2021;75,55
08-iul-2021;74,12
07-iul-2021;73,43
06-iul-2021;74,53
05-iul-2021;77,16
02-iul-2021;76,17
01-iul-2021;75,84
30-iun-2021;75,13
29-iun-2021;74,76
28-iun-2021;74,68
25-iun-2021;76,18
24-iun-2021;75,56
23-iun-2021;75,19
22-iun-2021;74,81
21-iun-2021;74,90
18-iun-2021;73,51
17-iun-2021;73,08
16-iun-2021;74,39
15-iun-2021;73,99
14-iun-2021;72,86
11-iun-2021;72,69
10-iun-2021;72,52
09-iun-2021;72,22
08-iun-2021;72,22
07-iun-2021;71,49
04-iun-2021;71,89
03-iun-2021;71,31
02-iun-2021;71,35
01-iun-2021;70,25
31-mai-2021;69,32
28-mai-2021;69,63
27-mai-2021;69,46
26-mai-2021;68,87
25-mai-2021;68,65
24-mai-2021;68,46
21-mai-2021;66,44
20-mai-2021;65,11
19-mai-2021;66,66
18-mai-2021;68,71
17-mai-2021;69,46
14-mai-2021;68,71
13-mai-2021;67,05
12-mai-2021;69,32
11-mai-2021;68,55
10-mai-2021;68,32
07-mai-2021;68,28
06-mai-2021;68,09
05-mai-2021;68,96
04-mai-2021;68,88
03-mai-2021;67,56
30-apr-2021;67,25
29-apr-2021;68,56
28-apr-2021;67,27
27-apr-2021;66,42
26-apr-2021;65,65
23-apr-2021;66,11
22-apr-2021;65,40
21-apr-2021;65,32
20-apr-2021;66,57
19-apr-2021;67,05
16-apr-2021;66,77
15-apr-2021;66,94
14-apr-2021;66,58
13-apr-2021;63,67
12-apr-2021;63,28
09-apr-2021;62,95
08-apr-2021;63,20
07-apr-2021;63,16
06-apr-2021;62,74
05-apr-2021;62,15
01-apr-2021;64,86
31-mar-2021;63,54
30-mar-2021;64,14
29-mar-2021;64,98
26-mar-2021;64,57
25-mar-2021;61,95
24-mar-2021;64,41
23-mar-2021;60,79
22-mar-2021;64,62
19-mar-2021;64,53
18-mar-2021;63,28
17-mar-2021;68,00
16-mar-2021;68,39
15-mar-2021;68,88
12-mar-2021;69,22
11-mar-2021;69,63
10-mar-2021;67,90
09-mar-2021;67,52
08-mar-2021;68,24
05-mar-2021;69,36
04-mar-2021;66,74
03-mar-2021;64,07
02-mar-2021;62,70
01-mar-2021;63,69
26-feb-2021;66,13
25-feb-2021;66,88
24-feb-2021;67,04
23-feb-2021;65,37
22-feb-2021;65,24
19-feb-2021;62,91
18-feb-2021;63,93
17-feb-2021;64,34
16-feb-2021;63,35
15-feb-2021;63,30
12-feb-2021;62,43
11-feb-2021;61,14
10-feb-2021;61,47
09-feb-2021;61,09
08-feb-2021;60,56
05-feb-2021;59,34
04-feb-2021;58,84
03-feb-2021;58,46
02-feb-2021;57,46
01-feb-2021;56,35
29-ian-2021;55,88
28-ian-2021;55,53
27-ian-2021;55,81
26-ian-2021;55,91
25-ian-2021;55,88
22-ian-2021;55,41
21-ian-2021;56,10
20-ian-2021;56,08
19-ian-2021;55,90
18-ian-2021;54,75
15-ian-2021;55,10
14-ian-2021;56,42
13-ian-2021;56,06
12-ian-2021;56,58
11-ian-2021;55,66
08-ian-2021;55,99
07-ian-2021;54,38
06-ian-2021;54,30
05-ian-2021;53,60
04-ian-2021;51,09
31-dec-2020;51,80
30-dec-2020;51,34
29-dec-2020;51,09
28-dec-2020;50,86
24-dec-2020;51,29
23-dec-2020;51,20
22-dec-2020;50,08
21-dec-2020;50,91
18-dec-2020;52,26
17-dec-2020;51,50
16-dec-2020;51,08
15-dec-2020;50,76
14-dec-2020;50,29
11-dec-2020;49,97
10-dec-2020;50,25
09-dec-2020;48,86
08-dec-2020;48,84
07-dec-2020;48,79
04-dec-2020;49,25
03-dec-2020;48,71
02-dec-2020;48,25
01-dec-2020;47,42
30-nov-2020;47,59
27-nov-2020;48,18
26-nov-2020;47,80
25-nov-2020;48,61
24-nov-2020;47,86
23-nov-2020;46,06
20-nov-2020;44,96
19-nov-2020;44,20
18-nov-2020;44,34
17-nov-2020;43,75
16-nov-2020;43,82
13-nov-2020;42,78
12-nov-2020;43,53
11-nov-2020;43,80
10-nov-2020;43,61
09-nov-2020;42,40
06-nov-2020;39,45
05-nov-2020;40,93
04-nov-2020;41,23
03-nov-2020;39,71
02-nov-2020;38,97
30-oct-2020;37,46
29-oct-2020;37,65
28-oct-2020;39,12
27-oct-2020;41,20
26-oct-2020;40,46
23-oct-2020;41,77
22-oct-2020;42,46
21-oct-2020;41,73
20-oct-2020;43,16
19-oct-2020;42,62
16-oct-2020;42,93
15-oct-2020;43,16
14-oct-2020;43,32
13-oct-2020;42,45
12-oct-2020;41,72
09-oct-2020;42,85
08-oct-2020;43,34
07-oct-2020;41,99
06-oct-2020;42,65
05-oct-2020;41,29
02-oct-2020;39,27
01-oct-2020;40,93
30-sept-2020;40,95
29-sept-2020;41,03
28-sept-2020;42,43
25-sept-2020;41,92
24-sept-2020;41,94
23-sept-2020;41,77
22-sept-2020;41,72
21-sept-2020;41,44
18-sept-2020;43,15
17-sept-2020;43,30
16-sept-2020;42,22
15-sept-2020;40,53
14-sept-2020;39,61
11-sept-2020;39,83
10-sept-2020;40,06
09-sept-2020;40,79
08-sept-2020;39,78
07-sept-2020;42,01
04-sept-2020;42,66
03-sept-2020;44,07
02-sept-2020;44,43
01-sept-2020;45,58
31-aug-2020;45,28
28-aug-2020;45,05
27-aug-2020;45,09
26-aug-2020;45,64
25-aug-2020;45,86
24-aug-2020;45,13
21-aug-2020;44,35
20-aug-2020;44,90
19-aug-2020;45,37
18-aug-2020;45,46
17-aug-2020;45,37
14-aug-2020;44,80
13-aug-2020;44,96
12-aug-2020;45,43
11-aug-2020;44,50
10-aug-2020;44,99
07-aug-2020;44,40
06-aug-2020;45,09
05-aug-2020;45,17
04-aug-2020;44,43
03-aug-2020;44,15
31-iul-2020;43,30
30-iul-2020;42,94
29-iul-2020;43,75
28-iul-2020;43,22
27-iul-2020;43,41
24-iul-2020;43,34
23-iul-2020;43,31
22-iul-2020;44,29
21-iul-2020;44,32
20-iul-2020;43,28
17-iul-2020;43,14
16-iul-2020;43,37
15-iul-2020;43,79
14-iul-2020;42,90
13-iul-2020;42,72
10-iul-2020;43,24
09-iul-2020;42,35
08-iul-2020;43,29
07-iul-2020;43,08
06-iul-2020;43,10
03-iul-2020;42,80
02-iul-2020;43,14
01-iul-2020;42,03
30-iun-2020;41,15
29-iun-2020;41,71
26-iun-2020;41,02
25-iun-2020;41,05
24-iun-2020;40,31
23-iun-2020;42,63
22-iun-2020;43,08
19-iun-2020;42,19
18-iun-2020;41,51
17-iun-2020;40,71
16-iun-2020;40,96
15-iun-2020;39,72
12-iun-2020;38,73
11-iun-2020;38,55
10-iun-2020;41,73
09-iun-2020;41,18
08-iun-2020;40,80
05-iun-2020;42,30
04-iun-2020;39,99
03-iun-2020;39,79
02-iun-2020;39,57
01-iun-2020;38,32
29-mai-2020;35,33
28-mai-2020;35,29
27-mai-2020;34,74
26-mai-2020;36,17
25-mai-2020;35,53
22-mai-2020;35,13
21-mai-2020;36,06
20-mai-2020;35,75
19-mai-2020;34,65
18-mai-2020;34,81
15-mai-2020;32,50
14-mai-2020;31,13
13-mai-2020;29,19
12-mai-2020;29,98
11-mai-2020;29,63
08-mai-2020;30,97
07-mai-2020;29,46
06-mai-2020;29,72
05-mai-2020;30,97
04-mai-2020;27,20
01-mai-2020;26,44
30-apr-2020;25,27
29-apr-2020;22,54
28-apr-2020;20,46
27-apr-2020;19,99
24-apr-2020;21,44
23-apr-2020;21,33
22-apr-2020;20,37
21-apr-2020;19,33
20-apr-2020;25,57
17-apr-2020;28,08
16-apr-2020;27,82
15-apr-2020;27,69
14-apr-2020;29,60
13-apr-2020;31,74
09-apr-2020;31,48
08-apr-2020;32,84
07-apr-2020;31,87
06-apr-2020;33,05
03-apr-2020;34,11
02-apr-2020;29,94
01-apr-2020;24,74
31-mar-2020;22,74
30-mar-2020;22,76
27-mar-2020;24,93
26-mar-2020;26,34
25-mar-2020;27,39
24-mar-2020;27,15
23-mar-2020;27,03
20-mar-2020;26,98
19-mar-2020;28,47
18-mar-2020;24,88
17-mar-2020;28,73
16-mar-2020;30,05
13-mar-2020;33,85
12-mar-2020;33,22
11-mar-2020;35,79
10-mar-2020;37,22
09-mar-2020;34,36
06-mar-2020;45,27
05-mar-2020;49,99
04-mar-2020;51,13
03-mar-2020;51,86
02-mar-2020;51,90
28-feb-2020;50,52
27-feb-2020;52,18
26-feb-2020;53,43
25-feb-2020;54,95
24-feb-2020;56,30
21-feb-2020;58,50
20-feb-2020;59,31
19-feb-2020;59,12
18-feb-2020;57,75
17-feb-2020;57,67
14-feb-2020;57,32
13-feb-2020;56,34
12-feb-2020;55,79
11-feb-2020;54,01
10-feb-2020;53,27
07-feb-2020;54,47
06-feb-2020;54,93
05-feb-2020;55,28
04-feb-2020;53,96
03-feb-2020;54,45
31-ian-2020;58,16
30-ian-2020;58,29
29-ian-2020;59,81
28-ian-2020;59,51
27-ian-2020;59,32
24-ian-2020;60,69
23-ian-2020;62,04
22-ian-2020;63,21
21-ian-2020;64,59
20-ian-2020;65,20
17-ian-2020;64,85
16-ian-2020;64,62
15-ian-2020;64,00
14-ian-2020;64,49
13-ian-2020;64,20
10-ian-2020;64,98
09-ian-2020;65,37
08-ian-2020;65,44
07-ian-2020;68,27
06-ian-2020;68,91
03-ian-2020;68,60
02-ian-2020;66,25
31-dec-2019;66,00
30-dec-2019;68,44
27-dec-2019;68,16
26-dec-2019;67,92
24-dec-2019;67,20
23-dec-2019;66,39
20-dec-2019;66,14
19-dec-2019;66,54
18-dec-2019;66,17
17-dec-2019;66,10
16-dec-2019;65,34
13-dec-2019;65,22
12-dec-2019;64,20
11-dec-2019;63,72
10-dec-2019;64,34
09-dec-2019;64,25
06-dec-2019;64,39
05-dec-2019;63,39
04-dec-2019;63,00
03-dec-2019;60,82
02-dec-2019;60,92
29-nov-2019;62,43
28-nov-2019;63,87
27-nov-2019;64,06
26-nov-2019;64,27
25-nov-2019;63,65
22-nov-2019;63,39
21-nov-2019;63,97
20-nov-2019;62,40
19-nov-2019;60,91
18-nov-2019;62,44
15-nov-2019;63,30
14-nov-2019;62,28
13-nov-2019;62,37
12-nov-2019;62,06
11-nov-2019;62,18
08-nov-2019;62,51
07-nov-2019;62,29
06-nov-2019;61,74
05-nov-2019;62,96
04-nov-2019;62,13
01-nov-2019;61,69
31-oct-2019;60,23
30-oct-2019;60,61
29-oct-2019;61,59
28-oct-2019;61,57
25-oct-2019;62,02
24-oct-2019;61,67
23-oct-2019;61,17
22-oct-2019;59,70
21-oct-2019;58,96
18-oct-2019;59,42
17-oct-2019;59,91
16-oct-2019;59,42
15-oct-2019;58,74
14-oct-2019;59,35
11-oct-2019;60,51
10-oct-2019;59,10
09-oct-2019;58,32
08-oct-2019;58,24
07-oct-2019;58,35
04-oct-2019;58,37
03-oct-2019;57,71
02-oct-2019;57,69
01-oct-2019;58,89
30-sept-2019;60,78
27-sept-2019;61,91
26-sept-2019;62,74
25-sept-2019;62,39
24-sept-2019;63,10
23-sept-2019;64,77
20-sept-2019;64,28
19-sept-2019;64,40
18-sept-2019;63,60
17-sept-2019;64,55
16-sept-2019;69,02
13-sept-2019;60,22
12-sept-2019;60,38
11-sept-2019;60,81
10-sept-2019;62,38
09-sept-2019;62,59
06-sept-2019;61,54
05-sept-2019;60,95
04-sept-2019;60,70
03-sept-2019;58,26
02-sept-2019;58,66
30-aug-2019;60,43
29-aug-2019;61,08
28-aug-2019;60,49
27-aug-2019;59,51
26-aug-2019;58,70
23-aug-2019;59,34
22-aug-2019;59,92
21-aug-2019;60,30
20-aug-2019;60,03
19-aug-2019;59,74
16-aug-2019;58,64
15-aug-2019;58,23
14-aug-2019;59,48
13-aug-2019;61,30
12-aug-2019;58,57
09-aug-2019;58,53
08-aug-2019;57,38
07-aug-2019;56,23
06-aug-2019;58,94
05-aug-2019;59,81
02-aug-2019;61,89
01-aug-2019;60,50
31-iul-2019;65,17
30-iul-2019;64,72
29-iul-2019;63,71
26-iul-2019;63,46
25-iul-2019;63,39
24-iul-2019;63,18
23-iul-2019;63,83
22-iul-2019;63,26
19-iul-2019;62,47
18-iul-2019;61,93
17-iul-2019;63,66
16-iul-2019;64,35
15-iul-2019;66,48
12-iul-2019;66,72
11-iul-2019;66,52
10-iul-2019;67,01
09-iul-2019;64,16
08-iul-2019;64,11
05-iul-2019;64,23
04-iul-2019;63,30
03-iul-2019;63,82
02-iul-2019;62,40
01-iul-2019;65,06
28-iun-2019;66,55
27-iun-2019;66,55
26-iun-2019;66,49
25-iun-2019;65,05
24-iun-2019;64,86
21-iun-2019;65,20
20-iun-2019;64,45
19-iun-2019;61,82
18-iun-2019;62,14
17-iun-2019;60,94
14-iun-2019;62,01
13-iun-2019;61,31
12-iun-2019;59,97
11-iun-2019;62,29
10-iun-2019;62,29
07-iun-2019;63,29
06-iun-2019;61,67
05-iun-2019;60,63
04-iun-2019;61,97
03-iun-2019;61,28
31-mai-2019;64,49
30-mai-2019;66,87
29-mai-2019;69,45
28-mai-2019;70,11
27-mai-2019;70,11
24-mai-2019;68,69
23-mai-2019;67,76
22-mai-2019;70,99
21-mai-2019;72,18
20-mai-2019;71,97
17-mai-2019;72,21
16-mai-2019;72,62
15-mai-2019;71,77
14-mai-2019;71,24
13-mai-2019;70,23
10-mai-2019;70,62
09-mai-2019;70,39
08-mai-2019;70,37
07-mai-2019;69,88
06-mai-2019;71,24
03-mai-2019;70,85
02-mai-2019;70,75
01-mai-2019;72,18
30-apr-2019;72,80
29-apr-2019;72,04
26-apr-2019;72,15
25-apr-2019;74,35
24-apr-2019;74,57
23-apr-2019;74,51
22-apr-2019;74,04
18-apr-2019;71,97
17-apr-2019;71,62
16-apr-2019;71,72
15-apr-2019;71,18
12-apr-2019;71,55
11-apr-2019;70,83
10-apr-2019;71,73
09-apr-2019;70,61
08-apr-2019;71,10
05-apr-2019;70,34
04-apr-2019;69,40
03-apr-2019;69,31
02-apr-2019;69,37
01-apr-2019;69,01
29-mar-2019;68,39
28-mar-2019;67,82
27-mar-2019;67,83
26-mar-2019;67,97
25-mar-2019;67,21
22-mar-2019;67,03
21-mar-2019;67,86
20-mar-2019;68,50
19-mar-2019;67,61
18-mar-2019;67,54
15-mar-2019;67,16
14-mar-2019;67,23
13-mar-2019;67,55
12-mar-2019;66,67
11-mar-2019;66,58
08-mar-2019;65,74
07-mar-2019;66,30
06-mar-2019;65,99
05-mar-2019;65,86
04-mar-2019;65,67
01-mar-2019;65,07
28-feb-2019;66,03
27-feb-2019;66,39
26-feb-2019;65,21
25-feb-2019;64,76
22-feb-2019;67,12
21-feb-2019;67,07
20-feb-2019;67,08
19-feb-2019;66,45
18-feb-2019;66,50
15-feb-2019;66,25
14-feb-2019;64,57
13-feb-2019;63,61
12-feb-2019;62,42
11-feb-2019;61,51
08-feb-2019;62,10
07-feb-2019;61,63
06-feb-2019;62,69
05-feb-2019;61,98
04-feb-2019;62,51
01-feb-2019;62,75
31-ian-2019;61,89
30-ian-2019;61,65
29-ian-2019;61,32
28-ian-2019;59,93
25-ian-2019;61,64
24-ian-2019;61,09
23-ian-2019;61,14
22-ian-2019;61,50
21-ian-2019;62,74
18-ian-2019;62,70
17-ian-2019;61,18
16-ian-2019;61,32
15-ian-2019;60,64
14-ian-2019;58,99
11-ian-2019;60,48
10-ian-2019;61,68
09-ian-2019;61,44
08-ian-2019;58,72
07-ian-2019;57,33
04-ian-2019;57,06
03-ian-2019;55,95
02-ian-2019;54,91
31-dec-2018;53,80
28-dec-2018;52,20
27-dec-2018;52,16
26-dec-2018;54,47
24-dec-2018;50,47
21-dec-2018;53,82
20-dec-2018;54,35
19-dec-2018;57,24
18-dec-2018;56,26
17-dec-2018;59,61
14-dec-2018;60,28
13-dec-2018;61,45
12-dec-2018;60,15
11-dec-2018;60,20
10-dec-2018;59,97
07-dec-2018;61,67
06-dec-2018;60,06
05-dec-2018;61,56
04-dec-2018;62,08
03-dec-2018;61,69
30-nov-2018;58,71
29-nov-2018;59,51
28-nov-2018;58,76
27-nov-2018;60,21
26-nov-2018;60,48
23-nov-2018;58,80
22-nov-2018;62,60
21-nov-2018;63,48
20-nov-2018;62,53
19-nov-2018;66,79
16-nov-2018;66,76
15-nov-2018;66,62
14-nov-2018;66,12
13-nov-2018;65,47
12-nov-2018;70,12
09-nov-2018;70,18
08-nov-2018;70,65
07-nov-2018;72,07
06-nov-2018;72,13
05-nov-2018;73,17
02-nov-2018;72,83
01-nov-2018;72,89
31-oct-2018;75,47
30-oct-2018;75,91
29-oct-2018;77,34
26-oct-2018;77,62
25-oct-2018;76,89
24-oct-2018;76,17
23-oct-2018;76,44
22-oct-2018;79,83
19-oct-2018;79,78
18-oct-2018;79,29
17-oct-2018;80,05
16-oct-2018;81,41
15-oct-2018;80,78
12-oct-2018;80,43
11-oct-2018;80,26
10-oct-2018;83,09
09-oct-2018;85,00
08-oct-2018;83,91
05-oct-2018;84,16
04-oct-2018;84,58
03-oct-2018;86,29
02-oct-2018;84,80
01-oct-2018;84,98
28-sept-2018;82,72
27-sept-2018;81,72
26-sept-2018;81,34
25-sept-2018;81,87
24-sept-2018;81,20
21-sept-2018;78,80
20-sept-2018;78,70
19-sept-2018;79,40
18-sept-2018;79,03
17-sept-2018;78,05
14-sept-2018;78,09
13-sept-2018;78,18
12-sept-2018;79,74
11-sept-2018;79,06
10-sept-2018;77,37
07-sept-2018;76,83
06-sept-2018;76,50
05-sept-2018;77,27
04-sept-2018;78,17
03-sept-2018;78,15
31-aug-2018;77,42
30-aug-2018;77,77
29-aug-2018;77,14
28-aug-2018;75,95
27-aug-2018;76,21
24-aug-2018;75,82
23-aug-2018;74,73
22-aug-2018;74,78
21-aug-2018;72,63
20-aug-2018;72,21
17-aug-2018;71,83
16-aug-2018;71,43
15-aug-2018;70,76
14-aug-2018;72,46
13-aug-2018;72,61
10-aug-2018;72,81
09-aug-2018;72,07
08-aug-2018;72,28
07-aug-2018;74,65
06-aug-2018;73,75
03-aug-2018;73,21
02-aug-2018;73,45
01-aug-2018;72,39
31-iul-2018;74,25
30-iul-2018;74,97
27-iul-2018;74,29
26-iul-2018;74,54
25-iul-2018;73,93
24-iul-2018;73,44
23-iul-2018;73,06
20-iul-2018;73,07
19-iul-2018;72,58
18-iul-2018;72,90
17-iul-2018;72,16
16-iul-2018;71,84
13-iul-2018;75,33
12-iul-2018;74,45
11-iul-2018;73,40
10-iul-2018;78,86
09-iul-2018;78,07
06-iul-2018;77,11
05-iul-2018;77,39
04-iul-2018;78,24
03-iul-2018;77,76
02-iul-2018;77,30
29-iun-2018;79,44
28-iun-2018;77,85
27-iun-2018;77,62
26-iun-2018;76,31
25-iun-2018;74,73
22-iun-2018;75,55
21-iun-2018;73,05
20-iun-2018;74,74
19-iun-2018;75,08
18-iun-2018;75,34
15-iun-2018;73,44
14-iun-2018;75,94
13-iun-2018;76,74
12-iun-2018;75,88
11-iun-2018;76,46
08-iun-2018;76,46
07-iun-2018;77,32
06-iun-2018;75,36
05-iun-2018;75,38
04-iun-2018;75,29
01-iun-2018;76,79
31-mai-2018;77,59
30-mai-2018;77,50
29-mai-2018;75,39
28-mai-2018;75,30
25-mai-2018;76,44
24-mai-2018;78,79
23-mai-2018;79,80
22-mai-2018;79,57
21-mai-2018;79,22
18-mai-2018;78,51
17-mai-2018;79,30
16-mai-2018;79,28
15-mai-2018;78,43
14-mai-2018;78,23
11-mai-2018;77,12
10-mai-2018;77,47
09-mai-2018;77,21
08-mai-2018;74,85
07-mai-2018;76,17
04-mai-2018;74,87
03-mai-2018;73,62
02-mai-2018;73,36
01-mai-2018;73,13
30-apr-2018;75,17
27-apr-2018;74,64
26-apr-2018;74,74
25-apr-2018;74,00
24-apr-2018;73,86
23-apr-2018;74,71
20-apr-2018;74,06
19-apr-2018;73,78
18-apr-2018;73,48
17-apr-2018;71,58
16-apr-2018;71,42
13-apr-2018;72,58
12-apr-2018;72,02
11-apr-2018;72,06
10-apr-2018;71,04
09-apr-2018;68,65
06-apr-2018;67,11
05-apr-2018;68,33
04-apr-2018;68,02
03-apr-2018;68,12
02-apr-2018;67,64
29-mar-2018;70,27
28-mar-2018;69,53
27-mar-2018;70,11
26-mar-2018;70,12
23-mar-2018;70,45
22-mar-2018;68,91
21-mar-2018;69,47
20-mar-2018;67,42
19-mar-2018;66,05
16-mar-2018;66,21
15-mar-2018;65,12
14-mar-2018;64,89
13-mar-2018;64,64
12-mar-2018;64,95
09-mar-2018;65,49
08-mar-2018;63,61
07-mar-2018;64,34
06-mar-2018;65,79
05-mar-2018;65,54
02-mar-2018;64,37
01-mar-2018;63,83
28-feb-2018;65,78
27-feb-2018;66,63
26-feb-2018;67,50
23-feb-2018;67,31
22-feb-2018;66,39
21-feb-2018;65,42
20-feb-2018;65,25
19-feb-2018;65,67
16-feb-2018;64,84
15-feb-2018;64,33
14-feb-2018;64,36
13-feb-2018;62,72
12-feb-2018;62,59
09-feb-2018;62,79
08-feb-2018;64,81
07-feb-2018;65,51
06-feb-2018;66,86
05-feb-2018;67,62
02-feb-2018;68,58
01-feb-2018;69,65
31-ian-2018;69,05
30-ian-2018;69,02
29-ian-2018;69,46
26-ian-2018;70,52
25-ian-2018;70,42
24-ian-2018;70,53
23-ian-2018;69,96
22-ian-2018;69,03
19-ian-2018;68,61
18-ian-2018;69,31
17-ian-2018;69,38
16-ian-2018;69,15
15-ian-2018;70,26
12-ian-2018;69,87
11-ian-2018;69,26
10-ian-2018;69,20
09-ian-2018;68,82
08-ian-2018;67,78
05-ian-2018;67,62
04-ian-2018;68,07
03-ian-2018;67,84
02-ian-2018;66,57
29-dec-2017;66,87
28-dec-2017;66,72
27-dec-2017;66,44
26-dec-2017;67,02
22-dec-2017;65,25
21-dec-2017;64,90
20-dec-2017;64,56
19-dec-2017;63,80
18-dec-2017;63,41
15-dec-2017;63,23
14-dec-2017;63,31
13-dec-2017;62,44
12-dec-2017;63,34
11-dec-2017;64,69
08-dec-2017;63,40
07-dec-2017;62,20
06-dec-2017;61,22
05-dec-2017;62,86
04-dec-2017;62,45
01-dec-2017;63,73
30-nov-2017;63,57
29-nov-2017;63,11
28-nov-2017;63,61
27-nov-2017;63,84
24-nov-2017;63,86
23-nov-2017;63,55
22-nov-2017;63,32
21-nov-2017;62,57
20-nov-2017;62,22
17-nov-2017;62,72
16-nov-2017;61,36
15-nov-2017;61,87
14-nov-2017;62,21
13-nov-2017;63,16
10-nov-2017;63,52
09-nov-2017;63,93
08-nov-2017;63,49
07-nov-2017;63,69
06-nov-2017;64,27
03-nov-2017;62,07
02-nov-2017;60,62
01-nov-2017;60,49
31-oct-2017;61,37
30-oct-2017;60,90
27-oct-2017;60,44
26-oct-2017;59,30
25-oct-2017;58,44
24-oct-2017;58,33
23-oct-2017;57,37
20-oct-2017;57,75
19-oct-2017;57,23
18-oct-2017;58,15
17-oct-2017;57,88
16-oct-2017;57,82
13-oct-2017;57,17
12-oct-2017;56,25
11-oct-2017;56,94
10-oct-2017;56,61
09-oct-2017;55,79
06-oct-2017;55,62
05-oct-2017;57,00
04-oct-2017;55,80
03-oct-2017;56,00
02-oct-2017;56,12
29-sept-2017;57,54
28-sept-2017;57,41
27-sept-2017;57,90
26-sept-2017;58,44
25-sept-2017;59,02
22-sept-2017;56,86
21-sept-2017;56,43
20-sept-2017;56,29
19-sept-2017;55,14
18-sept-2017;55,48
15-sept-2017;55,62
14-sept-2017;55,47
13-sept-2017;55,16
12-sept-2017;54,27
11-sept-2017;53,84
08-sept-2017;53,78
07-sept-2017;54,49
06-sept-2017;54,20
05-sept-2017;53,38
04-sept-2017;52,34
01-sept-2017;52,75
31-aug-2017;52,38
30-aug-2017;50,86
29-aug-2017;52,00
28-aug-2017;51,89
25-aug-2017;52,41
24-aug-2017;52,04
23-aug-2017;52,57
22-aug-2017;51,87
21-aug-2017;51,66
18-aug-2017;52,72
17-aug-2017;51,03
16-aug-2017;50,27
15-aug-2017;50,80
14-aug-2017;50,73
11-aug-2017;52,10
10-aug-2017;51,90
09-aug-2017;52,70
08-aug-2017;52,14
07-aug-2017;52,37
04-aug-2017;52,42
03-aug-2017;52,01
02-aug-2017;52,36
01-aug-2017;51,78
31-iul-2017;52,65
28-iul-2017;52,52
27-iul-2017;51,49
26-iul-2017;50,97
25-iul-2017;50,20
24-iul-2017;48,60
21-iul-2017;48,06
20-iul-2017;49,30
19-iul-2017;49,70
18-iul-2017;48,84
17-iul-2017;48,42
14-iul-2017;48,91
13-iul-2017;48,42
12-iul-2017;47,74
11-iul-2017;47,52
10-iul-2017;46,88
07-iul-2017;46,71
06-iul-2017;48,11
05-iul-2017;47,79
04-iul-2017;49,61
03-iul-2017;49,68
30-iun-2017;47,92
29-iun-2017;47,42
28-iun-2017;47,31
27-iun-2017;46,65
26-iun-2017;45,83
23-iun-2017;45,54
22-iun-2017;45,22
21-iun-2017;44,82
20-iun-2017;46,02
19-iun-2017;46,91
16-iun-2017;47,37
15-iun-2017;46,92
14-iun-2017;47,00
13-iun-2017;48,72
12-iun-2017;48,29
09-iun-2017;48,15
08-iun-2017;47,86
07-iun-2017;48,06
06-iun-2017;50,12
05-iun-2017;49,47
02-iun-2017;49,95
01-iun-2017;50,63
31-mai-2017;50,31
30-mai-2017;51,84
29-mai-2017;52,29
26-mai-2017;52,15
25-mai-2017;51,46
24-mai-2017;53,96
23-mai-2017;54,15
22-mai-2017;53,87
19-mai-2017;53,61
18-mai-2017;52,51
17-mai-2017;52,21
16-mai-2017;51,65
15-mai-2017;51,82
12-mai-2017;50,84
11-mai-2017;50,77
10-mai-2017;50,22
09-mai-2017;48,73
08-mai-2017;49,34
05-mai-2017;49,10
04-mai-2017;48,38
03-mai-2017;50,79
02-mai-2017;50,46
01-mai-2017;51,52
28-apr-2017;51,73
27-apr-2017;51,44
26-apr-2017;51,82
25-apr-2017;52,10
24-apr-2017;51,60
21-apr-2017;51,96
20-apr-2017;52,99
19-apr-2017;52,93
18-apr-2017;54,89
17-apr-2017;55,36
13-apr-2017;55,89
12-apr-2017;55,86
11-apr-2017;56,23
10-apr-2017;55,98
07-apr-2017;55,24
06-apr-2017;54,89
05-apr-2017;54,36
04-apr-2017;54,17
03-apr-2017;53,12
31-mar-2017;52,83
30-mar-2017;52,96
29-mar-2017;52,42
28-mar-2017;51,33
27-mar-2017;50,75
24-mar-2017;50,80
23-mar-2017;50,56
22-mar-2017;50,64
21-mar-2017;50,96
20-mar-2017;51,62
17-mar-2017;51,76
16-mar-2017;51,74
15-mar-2017;51,81
14-mar-2017;50,92
13-mar-2017;51,35
10-mar-2017;51,37
09-mar-2017;52,19
08-mar-2017;53,11
07-mar-2017;55,92
06-mar-2017;56,01
03-mar-2017;55,90
02-mar-2017;55,08
01-mar-2017;56,36
28-feb-2017;55,59
27-feb-2017;55,93
24-feb-2017;55,99
23-feb-2017;56,58
22-feb-2017;55,84
21-feb-2017;56,66
20-feb-2017;56,18
17-feb-2017;55,81
16-feb-2017;55,65
15-feb-2017;55,75
14-feb-2017;55,97
13-feb-2017;55,59
10-feb-2017;56,70
09-feb-2017;55,63
08-feb-2017;55,12
07-feb-2017;55,05
06-feb-2017;55,72
03-feb-2017;56,81
02-feb-2017;56,56
01-feb-2017;56,80
31-ian-2017;55,70
30-ian-2017;55,23
27-ian-2017;55,52
26-ian-2017;56,24
25-ian-2017;55,08
24-ian-2017;55,44
23-ian-2017;55,23
20-ian-2017;55,49
19-ian-2017;54,16
18-ian-2017;53,92
17-ian-2017;55,47
16-ian-2017;55,86
13-ian-2017;55,45
12-ian-2017;56,01
11-ian-2017;55,10
10-ian-2017;53,64
09-ian-2017;54,94
06-ian-2017;57,10
05-ian-2017;56,89
04-ian-2017;56,46
03-ian-2017;55,47
02-ian-2017;56,82
30-dec-2016;56,82
29-dec-2016;56,14
28-dec-2016;56,22
27-dec-2016;56,09
23-dec-2016;55,16
22-dec-2016;55,05
21-dec-2016;54,46
20-dec-2016;55,35
19-dec-2016;54,92
16-dec-2016;55,21
15-dec-2016;54,02
14-dec-2016;53,90
13-dec-2016;55,72
12-dec-2016;55,69
09-dec-2016;54,33
08-dec-2016;53,89
07-dec-2016;53,00
06-dec-2016;53,93
05-dec-2016;54,94
02-dec-2016;54,46
01-dec-2016;53,94
30-nov-2016;50,47
29-nov-2016;46,38
28-nov-2016;48,24
25-nov-2016;47,24
24-nov-2016;49,00
23-nov-2016;48,95
22-nov-2016;49,12
21-nov-2016;48,90
18-nov-2016;46,86
17-nov-2016;46,49
16-nov-2016;46,63
15-nov-2016;46,95
14-nov-2016;44,43
11-nov-2016;44,75
10-nov-2016;45,84
09-nov-2016;46,36
08-nov-2016;46,04
07-nov-2016;46,15
04-nov-2016;45,58
03-nov-2016;46,35
02-nov-2016;46,86
01-nov-2016;48,14
31-oct-2016;48,30
28-oct-2016;49,71
27-oct-2016;50,47
26-oct-2016;49,98
25-oct-2016;50,79
24-oct-2016;51,46
21-oct-2016;51,78
20-oct-2016;51,38
19-oct-2016;52,67
18-oct-2016;51,68
17-oct-2016;51,52
14-oct-2016;51,95
13-oct-2016;52,03
12-oct-2016;51,81
11-oct-2016;52,41
10-oct-2016;53,14
07-oct-2016;51,93
06-oct-2016;52,51
05-oct-2016;51,86
04-oct-2016;50,87
03-oct-2016;50,89
30-sept-2016;49,06
29-sept-2016;49,24
28-sept-2016;48,69
27-sept-2016;45,97
26-sept-2016;47,35
23-sept-2016;45,89
22-sept-2016;47,65
21-sept-2016;46,83
20-sept-2016;45,88
19-sept-2016;45,95
16-sept-2016;45,77
15-sept-2016;46,59
14-sept-2016;45,85
13-sept-2016;47,10
12-sept-2016;48,32
09-sept-2016;48,01
08-sept-2016;49,99
07-sept-2016;47,98
06-sept-2016;47,26
05-sept-2016;47,63
02-sept-2016;46,83
01-sept-2016;45,45
31-aug-2016;47,04
30-aug-2016;48,37
29-aug-2016;49,26
26-aug-2016;49,92
25-aug-2016;49,67
24-aug-2016;49,05
23-aug-2016;49,96
22-aug-2016;49,16
19-aug-2016;50,88
18-aug-2016;50,89
17-aug-2016;49,85
16-aug-2016;49,23
15-aug-2016;48,35
12-aug-2016;46,97
11-aug-2016;46,04
10-aug-2016;44,05
09-aug-2016;44,98
08-aug-2016;45,39
05-aug-2016;44,27
04-aug-2016;44,29
03-aug-2016;43,10
02-aug-2016;41,80
01-aug-2016;42,14
29-iul-2016;42,46
28-iul-2016;42,70
27-iul-2016;43,47
26-iul-2016;44,87
25-iul-2016;44,72
22-iul-2016;45,69
21-iul-2016;46,20
20-iul-2016;47,17
19-iul-2016;46,66
18-iul-2016;46,96
15-iul-2016;47,61
14-iul-2016;47,37
13-iul-2016;46,26
12-iul-2016;48,47
11-iul-2016;46,25
08-iul-2016;46,76
07-iul-2016;46,40
06-iul-2016;48,80
05-iul-2016;47,96
04-iul-2016;50,10
01-iul-2016;50,35
30-iun-2016;49,68
29-iun-2016;50,61
28-iun-2016;48,58
27-iun-2016;47,16
24-iun-2016;48,41
23-iun-2016;50,91
22-iun-2016;49,88
21-iun-2016;50,62
20-iun-2016;50,65
17-iun-2016;49,17
16-iun-2016;47,19
15-iun-2016;48,97
14-iun-2016;49,83
13-iun-2016;50,35
10-iun-2016;50,54
09-iun-2016;51,95
08-iun-2016;52,51
07-iun-2016;51,44
06-iun-2016;50,55
03-iun-2016;49,64
02-iun-2016;50,04
01-iun-2016;49,72
31-mai-2016;49,69
30-mai-2016;49,76
27-mai-2016;49,32
26-mai-2016;49,59
25-mai-2016;49,74
24-mai-2016;48,61
23-mai-2016;48,35
20-mai-2016;48,72
19-mai-2016;48,81
18-mai-2016;48,93
17-mai-2016;49,28
16-mai-2016;48,97
13-mai-2016;47,83
12-mai-2016;48,08
11-mai-2016;47,60
10-mai-2016;45,52
09-mai-2016;43,63
06-mai-2016;45,37
05-mai-2016;45,01
04-mai-2016;44,62
03-mai-2016;44,97
02-mai-2016;45,83
29-apr-2016;48,13
28-apr-2016;48,14
27-apr-2016;47,18
26-apr-2016;45,74
25-apr-2016;44,48
22-apr-2016;45,11
21-apr-2016;44,53
20-apr-2016;45,80
19-apr-2016;44,03
18-apr-2016;42,91
15-apr-2016;43,10
14-apr-2016;43,84
13-apr-2016;44,18
12-apr-2016;44,69
11-apr-2016;42,83
08-apr-2016;41,94
07-apr-2016;39,43
06-apr-2016;39,84
05-apr-2016;37,87
04-apr-2016;37,69
01-apr-2016;38,67
31-mar-2016;39,60
30-mar-2016;39,26
29-mar-2016;39,14
28-mar-2016;40,27
24-mar-2016;40,44
23-mar-2016;40,47
22-mar-2016;41,79
21-mar-2016;41,54
18-mar-2016;41,20
17-mar-2016;41,54
16-mar-2016;40,33
15-mar-2016;38,74
14-mar-2016;39,53
11-mar-2016;40,39
10-mar-2016;40,05
09-mar-2016;41,07
08-mar-2016;39,65
07-mar-2016;40,84
04-mar-2016;38,72
03-mar-2016;37,07
02-mar-2016;36,93
01-mar-2016;36,81
29-feb-2016;35,97
26-feb-2016;35,10
25-feb-2016;35,29
24-feb-2016;34,41
23-feb-2016;33,27
22-feb-2016;34,69
19-feb-2016;33,01
18-feb-2016;34,28
17-feb-2016;34,50
16-feb-2016;32,18
15-feb-2016;33,39
12-feb-2016;33,36
11-feb-2016;30,06
10-feb-2016;30,84
09-feb-2016;30,32
08-feb-2016;32,88
05-feb-2016;34,06
04-feb-2016;34,46
03-feb-2016;35,04
02-feb-2016;32,72
01-feb-2016;34,24
29-ian-2016;34,74
28-ian-2016;33,89
27-ian-2016;33,10
26-ian-2016;31,80
25-ian-2016;30,50
22-ian-2016;32,18
21-ian-2016;29,25
20-ian-2016;27,88
19-ian-2016;28,76
18-ian-2016;28,55
15-ian-2016;28,94
14-ian-2016;31,03
13-ian-2016;30,31
12-ian-2016;30,86
11-ian-2016;31,55
08-ian-2016;33,55
07-ian-2016;33,75
06-ian-2016;34,23
05-ian-2016;36,42
04-ian-2016;37,22
31-dec-2015;37,28
30-dec-2015;36,46
29-dec-2015;37,79
28-dec-2015;36,62
24-dec-2015;37,89
23-dec-2015;37,36
22-dec-2015;36,11
21-dec-2015;36,35
18-dec-2015;36,88
17-dec-2015;37,06
16-dec-2015;37,19
15-dec-2015;38,45
14-dec-2015;37,92
11-dec-2015;37,93
10-dec-2015;39,73
09-dec-2015;40,11
08-dec-2015;40,26
07-dec-2015;40,73
04-dec-2015;43,00
03-dec-2015;43,84
02-dec-2015;42,49
01-dec-2015;44,44
30-nov-2015;44,61
27-nov-2015;44,86
26-nov-2015;45,46
25-nov-2015;46,17
24-nov-2015;46,12
23-nov-2015;44,83
20-nov-2015;44,66
19-nov-2015;44,18
18-nov-2015;44,14
17-nov-2015;43,57
16-nov-2015;44,56
13-nov-2015;43,61
12-nov-2015;44,06
11-nov-2015;45,81
10-nov-2015;47,44
09-nov-2015;47,19
06-nov-2015;47,42
05-nov-2015;47,98
04-nov-2015;48,58
03-nov-2015;50,54
02-nov-2015;48,79
30-oct-2015;49,56
29-oct-2015;48,80
28-oct-2015;49,05
27-oct-2015;46,81
26-oct-2015;47,54
23-oct-2015;47,99
22-oct-2015;48,08
21-oct-2015;47,85
20-oct-2015;48,71
19-oct-2015;48,61
16-oct-2015;50,46
15-oct-2015;48,71
14-oct-2015;49,15
13-oct-2015;49,24
12-oct-2015;49,86
09-oct-2015;52,65
08-oct-2015;53,05
07-oct-2015;51,33
06-oct-2015;51,92
05-oct-2015;49,25
02-oct-2015;48,13
01-oct-2015;47,69
30-sept-2015;48,37
29-sept-2015;48,23
28-sept-2015;47,34
25-sept-2015;48,60
24-sept-2015;48,17
23-sept-2015;47,75
22-sept-2015;49,08
21-sept-2015;48,92
18-sept-2015;47,47
17-sept-2015;49,08
16-sept-2015;49,75
15-sept-2015;46,63
14-sept-2015;46,37
11-sept-2015;48,14
10-sept-2015;48,89
09-sept-2015;47,58
08-sept-2015;49,52
07-sept-2015;47,63
04-sept-2015;49,61
03-sept-2015;50,68
02-sept-2015;50,50
01-sept-2015;49,56
31-aug-2015;54,15
28-aug-2015;50,05
27-aug-2015;47,56
26-aug-2015;43,14
25-aug-2015;43,21
24-aug-2015;42,69
21-aug-2015;45,46
20-aug-2015;46,62
19-aug-2015;47,16
18-aug-2015;48,81
17-aug-2015;48,74
14-aug-2015;49,03
13-aug-2015;49,22
12-aug-2015;49,66
11-aug-2015;49,18
10-aug-2015;50,41
07-aug-2015;48,61
06-aug-2015;49,52
05-aug-2015;49,59
04-aug-2015;49,99
03-aug-2015;49,52
31-iul-2015;52,21
30-iul-2015;53,31
29-iul-2015;53,38
28-iul-2015;53,30
27-iul-2015;53,47
24-iul-2015;54,62
23-iul-2015;55,27
22-iul-2015;56,13
21-iul-2015;57,04
20-iul-2015;56,65
17-iul-2015;57,10
16-iul-2015;57,51
15-iul-2015;57,05
14-iul-2015;58,51
13-iul-2015;57,85
10-iul-2015;58,73
09-iul-2015;58,61
08-iul-2015;57,05
07-iul-2015;56,85
06-iul-2015;56,54
03-iul-2015;60,32
02-iul-2015;62,07
01-iul-2015;62,01
30-iun-2015;63,59
29-iun-2015;62,01
26-iun-2015;63,26
25-iun-2015;63,20
24-iun-2015;63,49
23-iun-2015;64,45
22-iun-2015;63,34
19-iun-2015;63,02
18-iun-2015;64,26
17-iun-2015;63,87
16-iun-2015;63,70
15-iun-2015;62,61
12-iun-2015;63,87
11-iun-2015;65,11
10-iun-2015;65,70
09-iun-2015;64,88
08-iun-2015;62,69
05-iun-2015;63,31
04-iun-2015;62,03
03-iun-2015;63,80
02-iun-2015;65,49
01-iun-2015;64,88
29-mai-2015;65,56
28-mai-2015;62,58
27-mai-2015;62,06
26-mai-2015;63,72
25-mai-2015;65,52
22-mai-2015;65,37
21-mai-2015;66,54
20-mai-2015;65,03
19-mai-2015;64,02
18-mai-2015;66,27
15-mai-2015;66,81
14-mai-2015;66,59
13-mai-2015;66,81
12-mai-2015;66,86
11-mai-2015;64,91
08-mai-2015;65,39
07-mai-2015;65,54
06-mai-2015;67,77
05-mai-2015;67,52
04-mai-2015;66,45
01-mai-2015;66,46
30-apr-2015;66,78
29-apr-2015;65,84
28-apr-2015;64,64
27-apr-2015;64,83
24-apr-2015;65,28
23-apr-2015;64,85
22-apr-2015;62,73
21-apr-2015;62,08
20-apr-2015;63,45
17-apr-2015;63,45
16-apr-2015;63,98
15-apr-2015;60,32
14-apr-2015;58,43
13-apr-2015;57,93
10-apr-2015;57,87
09-apr-2015;56,57
08-apr-2015;55,55
07-apr-2015;59,10
06-apr-2015;58,12
02-apr-2015;54,95
01-apr-2015;57,10
31-mar-2015;55,11
30-mar-2015;56,29
27-mar-2015;56,41
26-mar-2015;59,19
25-mar-2015;56,48
24-mar-2015;55,11
23-mar-2015;55,92
20-mar-2015;55,32
19-mar-2015;54,43
18-mar-2015;55,91
17-mar-2015;53,51
16-mar-2015;53,44
13-mar-2015;54,67
12-mar-2015;57,08
11-mar-2015;57,54
10-mar-2015;56,39
09-mar-2015;58,53
06-mar-2015;59,73
05-mar-2015;60,48
04-mar-2015;60,55
03-mar-2015;61,02
02-mar-2015;59,54
27-feb-2015;62,58
26-feb-2015;60,05
25-feb-2015;61,63
24-feb-2015;58,66
23-feb-2015;58,90
20-feb-2015;60,22
19-feb-2015;60,21
18-feb-2015;60,53
17-feb-2015;62,53
16-feb-2015;61,40
13-feb-2015;61,52
12-feb-2015;57,05
11-feb-2015;54,66
10-feb-2015;56,43
09-feb-2015;58,34
06-feb-2015;57,80
05-feb-2015;56,57
04-feb-2015;54,16
03-feb-2015;57,91
02-feb-2015;54,75
30-ian-2015;52,99
29-ian-2015;49,13
28-ian-2015;48,47
27-ian-2015;49,60
26-ian-2015;48,16
23-ian-2015;48,79
22-ian-2015;48,52
21-ian-2015;49,03
20-ian-2015;47,99
19-ian-2015;48,84
16-ian-2015;50,17
15-ian-2015;47,67
14-ian-2015;48,69
13-ian-2015;46,59
12-ian-2015;47,43
09-ian-2015;50,11
08-ian-2015;50,96
07-ian-2015;51,15
06-ian-2015;51,10
05-ian-2015;53,11
02-ian-2015;56,42
31-dec-2014;57,33
30-dec-2014;57,90
29-dec-2014;57,88
26-dec-2014;59,45
25-dec-2014;
24-dec-2014;60,24
23-dec-2014;61,69
22-dec-2014;60,11
19-dec-2014;61,38
18-dec-2014;59,27
17-dec-2014;61,18
16-dec-2014;59,86
15-dec-2014;61,06
12-dec-2014;61,85
11-dec-2014;63,68
10-dec-2014;64,24
09-dec-2014;66,84
08-dec-2014;66,19
05-dec-2014;69,07
04-dec-2014;69,64
03-dec-2014;69,92
02-dec-2014;70,54
01-dec-2014;72,54
28-nov-2014;70,15
27-nov-2014;72,58
26-nov-2014;77,75
25-nov-2014;78,33
24-nov-2014;79,68
21-nov-2014;80,36
20-nov-2014;79,33
19-nov-2014;78,10
18-nov-2014;78,47
17-nov-2014;79,31
14-nov-2014;79,41
13-nov-2014;77,92
12-nov-2014;80,38
11-nov-2014;81,67
10-nov-2014;82,34
07-nov-2014;83,39
06-nov-2014;82,86
05-nov-2014;82,95
04-nov-2014;82,82
03-nov-2014;84,78
31-oct-2014;85,86
30-oct-2014;86,24
29-oct-2014;87,12
28-oct-2014;86,03
27-oct-2014;85,83
24-oct-2014;86,13
23-oct-2014;86,83
22-oct-2014;84,71
21-oct-2014;86,22
20-oct-2014;85,40
17-oct-2014;86,16
16-oct-2014;84,47
15-oct-2014;83,78
14-oct-2014;85,04
13-oct-2014;88,89
10-oct-2014;90,21
09-oct-2014;90,05
08-oct-2014;91,38
07-oct-2014;92,11
06-oct-2014;92,79
03-oct-2014;92,31
02-oct-2014;93,42
01-oct-2014;94,16
30-sept-2014;94,67
29-sept-2014;97,20
26-sept-2014;97,00
25-sept-2014;97,00
24-sept-2014;96,95
23-sept-2014;96,85
22-sept-2014;96,97
19-sept-2014;98,39
18-sept-2014;97,70
17-sept-2014;98,97
16-sept-2014;99,05
15-sept-2014;96,65
12-sept-2014;97,11
11-sept-2014;98,08
10-sept-2014;98,04
09-sept-2014;99,16
08-sept-2014;100,20
05-sept-2014;100,82
04-sept-2014;101,83
03-sept-2014;102,77
02-sept-2014;100,34
01-sept-2014;102,79
29-aug-2014;103,19
28-aug-2014;102,46
27-aug-2014;102,72
26-aug-2014;102,50
25-aug-2014;102,65
22-aug-2014;102,29
21-aug-2014;102,63
20-aug-2014;102,28
19-aug-2014;101,56
18-aug-2014;101,60
15-aug-2014;103,53
14-aug-2014;102,01
13-aug-2014;104,28
12-aug-2014;103,02
11-aug-2014;104,68
08-aug-2014;105,02
07-aug-2014;105,44
06-aug-2014;104,59
05-aug-2014;104,61
04-aug-2014;105,41
01-aug-2014;104,84
31-iul-2014;106,02
30-iul-2014;106,51
29-iul-2014;107,72
28-iul-2014;107,57
25-iul-2014;108,39
24-iul-2014;107,07
23-iul-2014;108,03
22-iul-2014;107,33
21-iul-2014;107,68
18-iul-2014;107,24
17-iul-2014;107,89
16-iul-2014;105,85
15-iul-2014;106,02
14-iul-2014;106,98
11-iul-2014;106,66
10-iul-2014;108,67
09-iul-2014;108,28
08-iul-2014;108,94
07-iul-2014;110,24
04-iul-2014;110,64
03-iul-2014;111,00
02-iul-2014;111,24
01-iul-2014;112,29
30-iun-2014;112,36
27-iun-2014;113,30
26-iun-2014;113,21
25-iun-2014;114,00
24-iun-2014;114,46
23-iun-2014;114,12
20-iun-2014;114,81
19-iun-2014;115,06
18-iun-2014;114,26
17-iun-2014;113,45
16-iun-2014;112,94
13-iun-2014;113,41
12-iun-2014;113,02
11-iun-2014;109,95
10-iun-2014;109,52
09-iun-2014;109,99
06-iun-2014;108,61
05-iun-2014;108,79
04-iun-2014;108,40
03-iun-2014;108,82
02-iun-2014;108,83
30-mai-2014;109,41
29-mai-2014;109,97
28-mai-2014;109,81
27-mai-2014;110,02
26-mai-2014;110,32
23-mai-2014;110,54
22-mai-2014;110,36
21-mai-2014;110,55
20-mai-2014;109,69
19-mai-2014;109,37
16-mai-2014;109,75
15-mai-2014;110,44
14-mai-2014;110,19
13-mai-2014;109,24
12-mai-2014;108,41
09-mai-2014;107,89
08-mai-2014;108,04
07-mai-2014;108,13
06-mai-2014;107,06
05-mai-2014;107,72
02-mai-2014;108,59
01-mai-2014;107,76
30-apr-2014;108,07
29-apr-2014;108,98
28-apr-2014;108,12
25-apr-2014;109,58
24-apr-2014;110,33
23-apr-2014;109,11
22-apr-2014;109,27
21-apr-2014;109,95
17-apr-2014;109,53
16-apr-2014;109,60
15-apr-2014;108,74
14-apr-2014;109,07
11-apr-2014;107,33
10-apr-2014;107,46
09-apr-2014;107,98
08-apr-2014;107,67
07-apr-2014;105,82
04-apr-2014;106,72
03-apr-2014;106,15
02-apr-2014;104,79
01-apr-2014;105,62
31-mar-2014;107,76
28-mar-2014;108,07
27-mar-2014;107,83
26-mar-2014;107,03
25-mar-2014;106,99
24-mar-2014;106,81
21-mar-2014;106,92
20-mar-2014;106,45
19-mar-2014;105,85
18-mar-2014;106,79
17-mar-2014;106,24
14-mar-2014;108,57
13-mar-2014;107,39
12-mar-2014;108,02
11-mar-2014;108,55
10-mar-2014;108,08
07-mar-2014;109,00
06-mar-2014;108,10
05-mar-2014;107,76
04-mar-2014;109,30
03-mar-2014;111,20
28-feb-2014;109,07
27-feb-2014;108,96
26-feb-2014;109,52
25-feb-2014;109,51
24-feb-2014;110,64
21-feb-2014;109,85
20-feb-2014;110,30
19-feb-2014;110,47
18-feb-2014;110,46
17-feb-2014;109,18
14-feb-2014;109,08
13-feb-2014;108,73
12-feb-2014;108,79
11-feb-2014;108,68
10-feb-2014;108,63
07-feb-2014;109,57
06-feb-2014;107,19
05-feb-2014;106,25
04-feb-2014;105,78
03-feb-2014;106,04
31-ian-2014;106,40
30-ian-2014;107,95
29-ian-2014;107,85
28-ian-2014;107,41
27-ian-2014;106,69
24-ian-2014;107,88
23-ian-2014;107,58
22-ian-2014;108,27
21-ian-2014;106,73
20-ian-2014;106,35
17-ian-2014;106,48
16-ian-2014;107,09
15-ian-2014;107,13
14-ian-2014;106,39
13-ian-2014;106,75
10-ian-2014;107,25
09-ian-2014;106,39
08-ian-2014;107,15
07-ian-2014;107,35
06-ian-2014;106,73
03-ian-2014;106,89
02-ian-2014;107,78
31-dec-2013;110,80
30-dec-2013;111,21
27-dec-2013;112,18
26-dec-2013;111,98
24-dec-2013;111,90
23-dec-2013;111,56
20-dec-2013;111,77
19-dec-2013;110,29
18-dec-2013;109,63
17-dec-2013;108,44
16-dec-2013;110,47
13-dec-2013;108,83
12-dec-2013;108,67
11-dec-2013;109,70
10-dec-2013;109,38
09-dec-2013;109,39
06-dec-2013;111,61
05-dec-2013;110,98
04-dec-2013;111,88
03-dec-2013;112,62
02-dec-2013;111,45
29-nov-2013;109,69
28-nov-2013;110,86
27-nov-2013;111,31
26-nov-2013;110,88
25-nov-2013;111,00
22-nov-2013;111,05
21-nov-2013;110,08
20-nov-2013;108,06
19-nov-2013;106,92
18-nov-2013;108,47
15-nov-2013;108,50
14-nov-2013;108,54
13-nov-2013;107,12
12-nov-2013;105,81
11-nov-2013;106,40
08-nov-2013;105,12
07-nov-2013;103,46
06-nov-2013;105,24
05-nov-2013;105,33
04-nov-2013;106,23
01-nov-2013;105,91
31-oct-2013;108,84
30-oct-2013;109,86
29-oct-2013;109,01
28-oct-2013;109,61
25-oct-2013;106,93
24-oct-2013;106,99
23-oct-2013;107,80
22-oct-2013;109,97
21-oct-2013;109,64
18-oct-2013;109,94
17-oct-2013;109,11
16-oct-2013;110,86
15-oct-2013;109,96
14-oct-2013;111,04
11-oct-2013;111,28
10-oct-2013;111,80
09-oct-2013;109,06
08-oct-2013;110,16
07-oct-2013;109,68
04-oct-2013;109,46
03-oct-2013;109,00
02-oct-2013;109,19
01-oct-2013;107,94
30-sept-2013;108,37
27-sept-2013;108,63
26-sept-2013;109,21
25-sept-2013;108,32
24-sept-2013;108,64
23-sept-2013;108,16
20-sept-2013;109,22
19-sept-2013;108,76
18-sept-2013;110,60
17-sept-2013;108,19
16-sept-2013;110,07
13-sept-2013;112,78
12-sept-2013;112,63
11-sept-2013;111,50
10-sept-2013;111,25
09-sept-2013;113,72
06-sept-2013;116,12
05-sept-2013;115,26
04-sept-2013;114,91
03-sept-2013;115,68
02-sept-2013;114,33
30-aug-2013;114,01
29-aug-2013;115,16
28-aug-2013;116,61
27-aug-2013;114,36
26-aug-2013;110,73
23-aug-2013;111,04
22-aug-2013;109,90
21-aug-2013;109,81
20-aug-2013;110,15
19-aug-2013;109,90
16-aug-2013;110,40
15-aug-2013;111,11
14-aug-2013;110,20
13-aug-2013;109,82
12-aug-2013;108,97
09-aug-2013;108,22
08-aug-2013;106,68
07-aug-2013;107,44
06-aug-2013;108,18
05-aug-2013;108,70
02-aug-2013;108,95
01-aug-2013;109,54
31-iul-2013;107,70
30-iul-2013;106,91
29-iul-2013;107,45
26-iul-2013;107,17
25-iul-2013;107,65
24-iul-2013;107,19
23-iul-2013;108,42
22-iul-2013;108,15
19-iul-2013;108,07
18-iul-2013;108,70
17-iul-2013;108,61
16-iul-2013;109,40
15-iul-2013;109,09
12-iul-2013;108,81
11-iul-2013;107,73
10-iul-2013;108,51
09-iul-2013;107,81
08-iul-2013;107,43
05-iul-2013;107,72
04-iul-2013;105,54
03-iul-2013;105,76
02-iul-2013;104,00
01-iul-2013;103,00
28-iun-2013;102,16
27-iun-2013;102,82
26-iun-2013;101,66
25-iun-2013;101,26
24-iun-2013;101,16
21-iun-2013;100,91
20-iun-2013;102,15
19-iun-2013;106,12
18-iun-2013;106,02
17-iun-2013;105,47
14-iun-2013;105,93
13-iun-2013;104,25
12-iun-2013;103,49
11-iun-2013;102,96
10-iun-2013;103,95
07-iun-2013;104,56
06-iun-2013;103,61
05-iun-2013;103,04
04-iun-2013;103,24
03-iun-2013;102,06
31-mai-2013;100,39
30-mai-2013;102,19
29-mai-2013;102,43
28-mai-2013;104,23
27-mai-2013;102,62
24-mai-2013;102,64
23-mai-2013;102,44
22-mai-2013;102,60
21-mai-2013;103,91
20-mai-2013;104,80
17-mai-2013;104,64
16-mai-2013;103,80
15-mai-2013;103,68
14-mai-2013;102,60
13-mai-2013;102,82
10-mai-2013;103,91
09-mai-2013;104,47
08-mai-2013;104,34
07-mai-2013;104,40
06-mai-2013;105,46
03-mai-2013;104,19
02-mai-2013;102,85
01-mai-2013;99,95
30-apr-2013;102,37
29-apr-2013;103,81
26-apr-2013;103,16
25-apr-2013;103,41
24-apr-2013;101,73
23-apr-2013;100,31
22-apr-2013;100,39
19-apr-2013;99,65
18-apr-2013;99,13
17-apr-2013;97,69
16-apr-2013;99,91
15-apr-2013;100,39
12-apr-2013;103,11
11-apr-2013;104,27
10-apr-2013;105,79
09-apr-2013;106,23
08-apr-2013;104,66
05-apr-2013;104,12
04-apr-2013;106,34
03-apr-2013;107,11
02-apr-2013;110,69
01-apr-2013;111,08
28-mar-2013;110,02
27-mar-2013;109,69
26-mar-2013;109,36
25-mar-2013;108,17
22-mar-2013;107,66
21-mar-2013;107,47
20-mar-2013;108,72
19-mar-2013;107,45
18-mar-2013;109,51
15-mar-2013;109,82
14-mar-2013;109,42
13-mar-2013;108,52
12-mar-2013;109,65
11-mar-2013;110,22
08-mar-2013;110,85
07-mar-2013;111,15
06-mar-2013;111,06
05-mar-2013;111,61
04-mar-2013;110,09
01-mar-2013;110,40
28-feb-2013;111,38
27-feb-2013;111,87
26-feb-2013;112,71
25-feb-2013;114,44
22-feb-2013;114,10
21-feb-2013;113,53
20-feb-2013;115,60
19-feb-2013;117,52
18-feb-2013;117,38
15-feb-2013;117,66
14-feb-2013;118,00
13-feb-2013;118,72
12-feb-2013;118,66
11-feb-2013;118,13
08-feb-2013;118,90
07-feb-2013;117,24
06-feb-2013;116,73
05-feb-2013;116,52
04-feb-2013;115,60
01-feb-2013;116,76
31-ian-2013;115,55
30-ian-2013;114,90
29-ian-2013;114,36
28-ian-2013;113,48
25-ian-2013;113,28
24-ian-2013;113,28
23-ian-2013;112,80
22-ian-2013;112,42
21-ian-2013;111,71
18-ian-2013;111,89
17-ian-2013;111,10
16-ian-2013;110,61
15-ian-2013;110,30
14-ian-2013;111,88
11-ian-2013;110,64
10-ian-2013;111,89
09-ian-2013;111,76
08-ian-2013;111,94
07-ian-2013;111,40
04-ian-2013;111,31
03-ian-2013;112,14
02-ian-2013;112,47
31-dec-2012;111,11
28-dec-2012;110,62
27-dec-2012;110,80
26-dec-2012;111,07
24-dec-2012;108,80
21-dec-2012;108,97
20-dec-2012;110,20
19-dec-2012;110,36
18-dec-2012;108,84
17-dec-2012;107,64
14-dec-2012;109,15
13-dec-2012;107,91
12-dec-2012;109,50
11-dec-2012;108,01
10-dec-2012;107,33
07-dec-2012;107,02
06-dec-2012;107,03
05-dec-2012;108,81
04-dec-2012;109,84
03-dec-2012;110,92
30-nov-2012;111,23
29-nov-2012;110,76
28-nov-2012;109,51
27-nov-2012;109,87
26-nov-2012;110,92
23-nov-2012;111,38
22-nov-2012;110,55
21-nov-2012;110,86
20-nov-2012;109,83
19-nov-2012;111,70
16-nov-2012;108,95
15-nov-2012;110,98
14-nov-2012;109,61
13-nov-2012;108,26
12-nov-2012;109,07
09-nov-2012;109,40
08-nov-2012;107,25
07-nov-2012;106,82
06-nov-2012;111,07
05-nov-2012;107,73
02-nov-2012;105,68
01-nov-2012;108,17
31-oct-2012;108,70
30-oct-2012;109,08
29-oct-2012;109,44
26-oct-2012;109,55
25-oct-2012;108,49
24-oct-2012;107,85
23-oct-2012;108,25
22-oct-2012;109,44
19-oct-2012;110,14
18-oct-2012;112,42
17-oct-2012;113,22
16-oct-2012;115,07
15-oct-2012;115,80
12-oct-2012;114,62
11-oct-2012;115,71
10-oct-2012;114,33
09-oct-2012;114,50
08-oct-2012;111,82
05-oct-2012;112,02
04-oct-2012;112,58
03-oct-2012;108,17
02-oct-2012;111,57
01-oct-2012;112,19
28-sept-2012;112,39
27-sept-2012;112,01
26-sept-2012;110,04
25-sept-2012;110,45
24-sept-2012;109,81
21-sept-2012;111,42
20-sept-2012;110,03
19-sept-2012;108,19
18-sept-2012;112,03
17-sept-2012;113,79
14-sept-2012;116,66
13-sept-2012;116,90
12-sept-2012;115,96
11-sept-2012;115,40
10-sept-2012;114,81
07-sept-2012;114,25
06-sept-2012;113,49
05-sept-2012;113,09
04-sept-2012;114,18
03-sept-2012;115,78
31-aug-2012;114,57
30-aug-2012;112,65
29-aug-2012;112,54
28-aug-2012;112,58
27-aug-2012;112,26
24-aug-2012;113,59
23-aug-2012;115,01
22-aug-2012;114,91
21-aug-2012;114,64
20-aug-2012;113,70
17-aug-2012;113,71
16-aug-2012;116,90
15-aug-2012;116,25
14-aug-2012;114,03
13-aug-2012;113,60
10-aug-2012;112,95
09-aug-2012;113,22
08-aug-2012;112,14
07-aug-2012;112,00
06-aug-2012;109,55
03-aug-2012;108,94
02-aug-2012;105,90
01-aug-2012;105,96
31-iul-2012;104,92
30-iul-2012;106,20
27-iul-2012;106,47
26-iul-2012;105,26
25-iul-2012;104,38
24-iul-2012;103,42
23-iul-2012;103,26
20-iul-2012;106,83
19-iul-2012;107,80
18-iul-2012;105,16
17-iul-2012;104,00
16-iul-2012;103,55
13-iul-2012;102,40
12-iul-2012;101,07
11-iul-2012;100,23
10-iul-2012;97,97
09-iul-2012;100,32
06-iul-2012;98,19
05-iul-2012;100,70
04-iul-2012;99,77
03-iul-2012;100,68
02-iul-2012;97,34
29-iun-2012;97,80
28-iun-2012;91,36
27-iun-2012;93,50
26-iun-2012;93,02
25-iun-2012;91,01
22-iun-2012;90,98
21-iun-2012;89,23
20-iun-2012;92,69
19-iun-2012;95,76
18-iun-2012;96,05
15-iun-2012;97,61
14-iun-2012;97,03
13-iun-2012;97,13
12-iun-2012;97,14
11-iun-2012;98,00
08-iun-2012;99,47
07-iun-2012;99,93
06-iun-2012;100,64
05-iun-2012;98,84
04-iun-2012;98,85
01-iun-2012;98,43
31-mai-2012;101,87
30-mai-2012;103,47
29-mai-2012;106,68
28-mai-2012;107,11
25-mai-2012;106,83
24-mai-2012;106,55
23-mai-2012;105,56
22-mai-2012;108,41
21-mai-2012;108,81
18-mai-2012;107,14
17-mai-2012;107,49
16-mai-2012;111,71
15-mai-2012;112,24
14-mai-2012;111,57
11-mai-2012;112,26
10-mai-2012;112,73
09-mai-2012;113,20
08-mai-2012;112,73
07-mai-2012;113,16
04-mai-2012;113,18
03-mai-2012;116,08
02-mai-2012;118,20
01-mai-2012;119,66
30-apr-2012;119,47
27-apr-2012;119,83
26-apr-2012;119,92
25-apr-2012;119,12
24-apr-2012;118,16
23-apr-2012;118,71
20-apr-2012;118,76
19-apr-2012;118,00
18-apr-2012;117,97
17-apr-2012;118,78
16-apr-2012;118,68
13-apr-2012;121,83
12-apr-2012;121,71
11-apr-2012;120,18
10-apr-2012;119,88
09-apr-2012;122,67
05-apr-2012;123,43
04-apr-2012;122,34
03-apr-2012;124,86
02-apr-2012;125,43
30-mar-2012;122,88
29-mar-2012;122,39
28-mar-2012;124,16
27-mar-2012;125,54
26-mar-2012;125,65
23-mar-2012;125,13
22-mar-2012;123,14
21-mar-2012;124,20
20-mar-2012;124,12
19-mar-2012;125,71
16-mar-2012;125,81
15-mar-2012;123,55
14-mar-2012;124,97
13-mar-2012;126,22
12-mar-2012;125,34
09-mar-2012;125,98
08-mar-2012;125,44
07-mar-2012;124,12
06-mar-2012;121,98
05-mar-2012;123,80
02-mar-2012;123,65
01-mar-2012;126,20
29-feb-2012;122,66
28-feb-2012;121,55
27-feb-2012;124,17
24-feb-2012;125,47
23-feb-2012;123,62
22-feb-2012;122,90
21-feb-2012;121,66
20-feb-2012;120,05
17-feb-2012;119,58
16-feb-2012;120,11
15-feb-2012;118,93
14-feb-2012;118,16
13-feb-2012;117,93
10-feb-2012;117,31
09-feb-2012;118,59
08-feb-2012;117,20
07-feb-2012;116,23
06-feb-2012;115,93
03-feb-2012;114,58
02-feb-2012;112,07
01-feb-2012;111,56
31-ian-2012;110,98
30-ian-2012;110,75
27-ian-2012;111,46
26-ian-2012;110,79
25-ian-2012;109,81
24-ian-2012;110,03
23-ian-2012;110,58
20-ian-2012;109,86
19-ian-2012;111,55
18-ian-2012;110,66
17-ian-2012;111,53
16-ian-2012;111,20
13-ian-2012;110,44
12-ian-2012;111,26
11-ian-2012;112,24
10-ian-2012;113,28
09-ian-2012;112,45
06-ian-2012;113,06
05-ian-2012;112,74
04-ian-2012;113,70
03-ian-2012;112,13
30-dec-2011;107,38
29-dec-2011;108,01
28-dec-2011;107,56
27-dec-2011;109,27
23-dec-2011;107,96
22-dec-2011;107,89
21-dec-2011;107,71
20-dec-2011;106,73
19-dec-2011;103,64
16-dec-2011;103,35
15-dec-2011;105,09
14-dec-2011;105,02
13-dec-2011;109,50
12-dec-2011;107,26
09-dec-2011;108,62
08-dec-2011;108,11
07-dec-2011;109,53
06-dec-2011;110,81
05-dec-2011;109,81
02-dec-2011;109,94
01-dec-2011;108,99
30-nov-2011;110,52
29-nov-2011;110,82
28-nov-2011;109,00
25-nov-2011;106,40
24-nov-2011;107,78
23-nov-2011;107,02
22-nov-2011;109,03
21-nov-2011;106,88
18-nov-2011;107,56
17-nov-2011;108,22
16-nov-2011;111,88
15-nov-2011;112,39
14-nov-2011;111,89
11-nov-2011;114,16
10-nov-2011;113,71
09-nov-2011;112,31
08-nov-2011;115,00
07-nov-2011;114,56
04-nov-2011;111,97
03-nov-2011;110,83
02-nov-2011;109,34
01-nov-2011;109,54
31-oct-2011;109,56
28-oct-2011;109,91
27-oct-2011;112,08
26-oct-2011;108,91
25-oct-2011;110,92
24-oct-2011;111,45
21-oct-2011;109,56
20-oct-2011;109,76
19-oct-2011;108,39
18-oct-2011;111,15
17-oct-2011;110,16
14-oct-2011;114,68
13-oct-2011;111,11
12-oct-2011;111,36
11-oct-2011;110,73
10-oct-2011;108,95
07-oct-2011;105,88
06-oct-2011;105,73
05-oct-2011;102,73
04-oct-2011;99,79
03-oct-2011;101,71
30-sept-2011;102,76
29-sept-2011;103,95
28-sept-2011;103,81
27-sept-2011;107,14
26-sept-2011;103,94
23-sept-2011;103,97
22-sept-2011;105,49
21-sept-2011;110,36
20-sept-2011;110,54
19-sept-2011;109,14
16-sept-2011;112,22
15-sept-2011;115,34
14-sept-2011;112,40
13-sept-2011;111,89
12-sept-2011;112,25
09-sept-2011;112,77
08-sept-2011;114,55
07-sept-2011;115,80
06-sept-2011;112,89
05-sept-2011;110,08
02-sept-2011;112,33
01-sept-2011;114,29
31-aug-2011;114,85
30-aug-2011;114,02
29-aug-2011;111,88
26-aug-2011;111,36
25-aug-2011;110,62
24-aug-2011;110,15
23-aug-2011;109,31
22-aug-2011;108,36
19-aug-2011;108,62
18-aug-2011;106,99
17-aug-2011;110,60
16-aug-2011;109,47
15-aug-2011;109,91
12-aug-2011;108,03
11-aug-2011;108,02
10-aug-2011;106,68
09-aug-2011;102,57
08-aug-2011;103,74
05-aug-2011;109,37
04-aug-2011;107,25
03-aug-2011;113,23
02-aug-2011;116,46
01-aug-2011;116,81
29-iul-2011;116,74
28-iul-2011;117,36
27-iul-2011;117,43
26-iul-2011;118,28
25-iul-2011;117,94
22-iul-2011;118,67
21-iul-2011;117,51
20-iul-2011;118,15
19-iul-2011;117,06
18-iul-2011;116,05
15-iul-2011;117,26
14-iul-2011;118,32
13-iul-2011;118,78
12-iul-2011;117,75
11-iul-2011;117,24
08-iul-2011;118,33
07-iul-2011;118,59
06-iul-2011;113,62
05-iul-2011;113,61
04-iul-2011;111,39
01-iul-2011;111,77
30-iun-2011;112,48
29-iun-2011;112,40
28-iun-2011;108,78
27-iun-2011;105,99
24-iun-2011;105,12
23-iun-2011;107,26
22-iun-2011;114,21
21-iun-2011;110,95
20-iun-2011;111,69
17-iun-2011;113,21
16-iun-2011;114,02
15-iun-2011;117,10
14-iun-2011;120,16
13-iun-2011;119,10
10-iun-2011;118,78
09-iun-2011;119,57
08-iun-2011;117,85
07-iun-2011;116,78
06-iun-2011;114,48
03-iun-2011;115,84
02-iun-2011;115,54
01-iun-2011;114,53
31-mai-2011;116,73
30-mai-2011;114,68
27-mai-2011;115,03
26-mai-2011;115,05
25-mai-2011;114,93
24-mai-2011;112,53
23-mai-2011;110,10
20-mai-2011;112,39
19-mai-2011;111,42
18-mai-2011;112,30
17-mai-2011;109,99
16-mai-2011;112,73
13-mai-2011;113,83
12-mai-2011;112,98
11-mai-2011;112,57
10-mai-2011;117,63
09-mai-2011;115,90
06-mai-2011;109,13
05-mai-2011;110,80
04-mai-2011;121,19
03-mai-2011;122,45
02-mai-2011;125,12
29-apr-2011;125,89
28-apr-2011;125,02
27-apr-2011;125,13
26-apr-2011;124,14
25-apr-2011;123,66
21-apr-2011;123,99
20-apr-2011;123,85
19-apr-2011;121,33
18-apr-2011;121,61
15-apr-2011;123,45
14-apr-2011;122,36
13-apr-2011;122,88
12-apr-2011;120,92
11-apr-2011;123,98
08-apr-2011;126,65
07-apr-2011;122,67
06-apr-2011;122,30
05-apr-2011;122,22
04-apr-2011;121,06
01-apr-2011;118,70
31-mar-2011;117,36
30-mar-2011;115,13
29-mar-2011;115,16
28-mar-2011;114,80
25-mar-2011;115,59
24-mar-2011;115,72
23-mar-2011;115,55
22-mar-2011;115,70
21-mar-2011;114,96
18-mar-2011;113,93
17-mar-2011;114,90
16-mar-2011;110,62
15-mar-2011;108,52
14-mar-2011;113,67
11-mar-2011;113,84
10-mar-2011;115,43
09-mar-2011;115,94
08-mar-2011;113,06
07-mar-2011;115,04
04-mar-2011;115,97
03-mar-2011;114,79
02-mar-2011;116,35
01-mar-2011;115,42
28-feb-2011;111,80
25-feb-2011;112,14
24-feb-2011;111,36
23-feb-2011;111,25
22-feb-2011;105,78
21-feb-2011;105,74
18-feb-2011;102,52
17-feb-2011;102,59
16-feb-2011;103,78
15-feb-2011;101,64
14-feb-2011;103,08
11-feb-2011;101,43
10-feb-2011;100,87
09-feb-2011;101,82
08-feb-2011;99,92
07-feb-2011;99,25
04-feb-2011;99,83
03-feb-2011;101,76
02-feb-2011;102,34
01-feb-2011;101,74
31-ian-2011;101,01
28-ian-2011;99,42
27-ian-2011;97,39
26-ian-2011;97,91
25-ian-2011;95,25
24-ian-2011;96,61
21-ian-2011;97,60
20-ian-2011;96,58
19-ian-2011;98,16
18-ian-2011;97,80
17-ian-2011;97,43
14-ian-2011;98,68
13-ian-2011;98,06
12-ian-2011;98,12
11-ian-2011;97,61
10-ian-2011;95,70
07-ian-2011;93,33
06-ian-2011;94,52
05-ian-2011;95,50
04-ian-2011;93,53
03-ian-2011;94,84
31-dec-2010;94,75
30-dec-2010;93,09
29-dec-2010;94,14
28-dec-2010;94,38
27-dec-2010;93,85
24-dec-2010;93,77
23-dec-2010;94,25
22-dec-2010;93,65
21-dec-2010;93,20
20-dec-2010;92,74
17-dec-2010;91,67
16-dec-2010;91,71
15-dec-2010;92,20
14-dec-2010;91,21
13-dec-2010;91,19
10-dec-2010;90,48
09-dec-2010;90,99
08-dec-2010;90,77
07-dec-2010;91,39
06-dec-2010;91,45
03-dec-2010;91,42
02-dec-2010;90,69
01-dec-2010;88,87
30-nov-2010;85,92
29-nov-2010;87,34
26-nov-2010;85,58
25-nov-2010;86,10
24-nov-2010;85,84
23-nov-2010;83,25
22-nov-2010;83,96
19-nov-2010;84,34
18-nov-2010;85,05
17-nov-2010;83,28
16-nov-2010;84,73
15-nov-2010;86,70
12-nov-2010;86,34
11-nov-2010;88,81
10-nov-2010;88,96
09-nov-2010;88,33
08-nov-2010;88,46
05-nov-2010;88,11
04-nov-2010;88,00
03-nov-2010;86,38
02-nov-2010;85,41
01-nov-2010;84,62
29-oct-2010;83,15
28-oct-2010;83,59
27-oct-2010;83,23
26-oct-2010;83,66
25-oct-2010;83,54
22-oct-2010;82,96
21-oct-2010;81,83
20-oct-2010;83,60
19-oct-2010;81,10
18-oct-2010;84,37
15-oct-2010;82,45
14-oct-2010;84,53
13-oct-2010;84,64
12-oct-2010;83,50
11-oct-2010;83,72
08-oct-2010;84,03
07-oct-2010;83,43
06-oct-2010;85,06
05-oct-2010;84,84
04-oct-2010;83,28
01-oct-2010;83,75
30-sept-2010;82,31
29-sept-2010;80,77
28-sept-2010;78,71
27-sept-2010;78,57
24-sept-2010;78,87
23-sept-2010;78,11
22-sept-2010;77,95
21-sept-2010;78,42
20-sept-2010;79,32
17-sept-2010;78,21
16-sept-2010;78,48
15-sept-2010;78,91
14-sept-2010;79,16
13-sept-2010;79,03
10-sept-2010;78,16
09-sept-2010;77,47
08-sept-2010;78,17
07-sept-2010;77,74
06-sept-2010;76,87
03-sept-2010;76,67
02-sept-2010;76,93
01-sept-2010;76,35
31-aug-2010;74,64
30-aug-2010;76,60
27-aug-2010;76,65
26-aug-2010;75,02
25-aug-2010;73,48
24-aug-2010;72,38
23-aug-2010;73,62
20-aug-2010;74,26
19-aug-2010;75,30
18-aug-2010;76,47
17-aug-2010;76,93
16-aug-2010;74,85
13-aug-2010;75,11
12-aug-2010;75,52
11-aug-2010;77,64
10-aug-2010;79,60
09-aug-2010;80,99
06-aug-2010;80,16
05-aug-2010;81,61
04-aug-2010;82,20
03-aug-2010;82,68
02-aug-2010;80,82
30-iul-2010;78,18
29-iul-2010;77,59
28-iul-2010;76,06
27-iul-2010;76,13
26-iul-2010;77,50
23-iul-2010;77,45
22-iul-2010;77,82
21-iul-2010;75,37
20-iul-2010;76,22
19-iul-2010;75,62
16-iul-2010;75,37
15-iul-2010;76,19
14-iul-2010;76,77
13-iul-2010;76,65
12-iul-2010;74,37
09-iul-2010;75,42
08-iul-2010;74,71
07-iul-2010;73,51
06-iul-2010;71,45
05-iul-2010;71,47
02-iul-2010;71,65
01-iul-2010;72,34
30-iun-2010;75,01
29-iun-2010;75,44
28-iun-2010;77,59
25-iun-2010;78,12
24-iun-2010;76,47
23-iun-2010;76,27
22-iun-2010;78,04
21-iun-2010;78,82
18-iun-2010;78,22
17-iun-2010;78,68
16-iun-2010;78,14
15-iun-2010;76,20
14-iun-2010;75,20
11-iun-2010;74,35
10-iun-2010;75,29
09-iun-2010;74,27
08-iun-2010;72,30
07-iun-2010;72,12
04-iun-2010;72,09
03-iun-2010;75,41
02-iun-2010;73,75
01-iun-2010;72,71
31-mai-2010;74,65
28-mai-2010;74,02
27-mai-2010;74,66
26-mai-2010;71,74
25-mai-2010;69,55
24-mai-2010;71,17
21-mai-2010;71,68
20-mai-2010;71,84
19-mai-2010;73,69
18-mai-2010;74,43
17-mai-2010;75,10
14-mai-2010;77,18
13-mai-2010;80,11
12-mai-2010;81,20
11-mai-2010;80,49
10-mai-2010;80,12
07-mai-2010;78,27
06-mai-2010;79,83
05-mai-2010;82,61
04-mai-2010;85,67
03-mai-2010;88,94
30-apr-2010;87,44
29-apr-2010;86,90
28-apr-2010;86,16
27-apr-2010;85,78
26-apr-2010;86,83
23-apr-2010;87,25
22-apr-2010;85,67
21-apr-2010;85,70
20-apr-2010;84,80
19-apr-2010;84,23
16-apr-2010;85,99
15-apr-2010;87,17
14-apr-2010;86,15
13-apr-2010;84,72
12-apr-2010;84,77
09-apr-2010;84,83
08-apr-2010;84,81
07-apr-2010;85,59
06-apr-2010;86,15
05-apr-2010;85,88
01-apr-2010;84,01
31-mar-2010;82,70
30-mar-2010;81,28
29-mar-2010;81,17
26-mar-2010;79,29
25-mar-2010;79,61
24-mar-2010;79,62
23-mar-2010;80,70
22-mar-2010;80,54
19-mar-2010;79,88
18-mar-2010;81,48
17-mar-2010;81,96
16-mar-2010;79,02
15-mar-2010;77,89
12-mar-2010;79,39
11-mar-2010;80,28
10-mar-2010;80,48
09-mar-2010;79,91
08-mar-2010;80,47
05-mar-2010;79,89
04-mar-2010;78,54
03-mar-2010;79,25
02-mar-2010;78,18
01-mar-2010;76,89
26-feb-2010;77,59
25-feb-2010;76,29
24-feb-2010;78,09
23-feb-2010;77,25
22-feb-2010;78,61
19-feb-2010;78,19
18-feb-2010;77,78
17-feb-2010;76,27
16-feb-2010;75,68
15-feb-2010;72,51
12-feb-2010;72,90
11-feb-2010;73,05
10-feb-2010;72,54
09-feb-2010;72,13
08-feb-2010;70,11
05-feb-2010;69,59
04-feb-2010;72,13
03-feb-2010;75,92
02-feb-2010;76,06
01-feb-2010;73,11
29-ian-2010;71,46
28-ian-2010;72,13
27-ian-2010;72,24
26-ian-2010;73,29
25-ian-2010;73,69
22-ian-2010;72,83
21-ian-2010;74,58
20-ian-2010;76,32
19-ian-2010;77,63
18-ian-2010;77,10
15-ian-2010;77,11
14-ian-2010;77,82
13-ian-2010;78,31
12-ian-2010;79,30
11-ian-2010;80,97
08-ian-2010;81,37
07-ian-2010;81,51
06-ian-2010;81,89
05-ian-2010;80,59
04-ian-2010;80,12
