Date;PX
13-oct-2023;54,583
12-oct-2023;54,755
11-oct-2023;55,066
10-oct-2023;54,783
09-oct-2023;54,590
06-oct-2023;54,552
05-oct-2023;54,338
04-oct-2023;54,723
03-oct-2023;54,721
02-oct-2023;55,199
29-sept-2023;55,324
27-sept-2023;55,157
26-sept-2023;54,863
25-sept-2023;55,214
22-sept-2023;55,120
21-sept-2023;55,170
20-sept-2023;55,418
19-sept-2023;55,120
18-sept-2023;55,426
15-sept-2023;55,196
14-sept-2023;55,330
13-sept-2023;54,921
12-sept-2023;54,450
11-sept-2023;54,290
08-sept-2023;54,215
07-sept-2023;54,928
06-sept-2023;55,247
05-sept-2023;55,310
04-sept-2023;55,452
01-sept-2023;55,753
31-aug-2023;55,808
30-aug-2023;56,535
29-aug-2023;56,211
28-aug-2023;56,018
25-aug-2023;56,125
24-aug-2023;56,031
23-aug-2023;55,953
22-aug-2023;56,447
21-aug-2023;56,403
18-aug-2023;56,306
17-aug-2023;56,613
16-aug-2023;56,546
15-aug-2023;56,364
14-aug-2023;56,577
11-aug-2023;56,632
10-aug-2023;56,423
09-aug-2023;56,130
08-aug-2023;56,148
07-aug-2023;56,459
04-aug-2023;56,403
03-aug-2023;56,167
02-aug-2023;56,871
01-aug-2023;56,862
31-iul-2023;57,039
28-iul-2023;56,596
27-iul-2023;56,292
26-iul-2023;55,855
25-iul-2023;55,515
24-iul-2023;55,350
21-iul-2023;55,643
20-iul-2023;55,427
19-iul-2023;55,533
18-iul-2023;55,327
17-iul-2023;55,158
14-iul-2023;55,222
13-iul-2023;54,953
12-iul-2023;54,653
11-iul-2023;53,894
10-iul-2023;53,670
07-iul-2023;53,876
04-iul-2023;54,254
03-iul-2023;54,185
30-iun-2023;53,740
29-iun-2023;53,257
28-iun-2023;54,636
27-iun-2023;54,699
26-iun-2023;55,187
23-iun-2023;55,169
22-iun-2023;55,239
21-iun-2023;55,348
20-iun-2023;55,623
19-iun-2023;55,895
16-iun-2023;55,822
15-iun-2023;55,461
14-iun-2023;55,689
13-iun-2023;55,354
12-iun-2023;55,430
09-iun-2023;55,297
08-iun-2023;55,636
07-iun-2023;55,394
06-iun-2023;55,658
05-iun-2023;55,939
02-iun-2023;55,831
01-iun-2023;54,692
31-mai-2023;54,703
30-mai-2023;54,939
29-mai-2023;55,532
26-mai-2023;55,747
25-mai-2023;56,006
24-mai-2023;55,721
23-mai-2023;55,817
22-mai-2023;55,739
19-mai-2023;55,489
18-mai-2023;55,563
17-mai-2023;56,731
16-mai-2023;56,776
15-mai-2023;57,041
12-mai-2023;58,295
11-mai-2023;59,014
10-mai-2023;59,283
09-mai-2023;59,200
05-mai-2023;59,541
04-mai-2023;59,208
03-mai-2023;58,900
02-mai-2023;58,530
28-apr-2023;58,615
27-apr-2023;60,413
26-apr-2023;60,025
25-apr-2023;60,171
24-apr-2023;60,393
21-apr-2023;60,356
20-apr-2023;60,031
19-apr-2023;60,498
18-apr-2023;60,498
17-apr-2023;60,596
14-apr-2023;60,856
13-apr-2023;60,512
12-apr-2023;60,197
11-apr-2023;59,961
06-apr-2023;59,118
05-apr-2023;58,446
04-apr-2023;58,226
03-apr-2023;57,926
31-mar-2023;57,679
30-mar-2023;56,943
29-mar-2023;56,142
28-mar-2023;55,037
27-mar-2023;54,690
24-mar-2023;54,599
23-mar-2023;56,151
22-mar-2023;56,101
21-mar-2023;56,576
20-mar-2023;55,316
17-mar-2023;54,967
16-mar-2023;55,070
15-mar-2023;54,593
14-mar-2023;57,056
13-mar-2023;56,754
10-mar-2023;58,236
09-mar-2023;59,105
08-mar-2023;59,722
07-mar-2023;59,493
06-mar-2023;60,396
03-mar-2023;60,511
02-mar-2023;60,356
01-mar-2023;60,946
28-feb-2023;60,250
27-feb-2023;59,441
24-feb-2023;58,771
23-feb-2023;58,775
22-feb-2023;58,207
21-feb-2023;58,548
20-feb-2023;58,231
17-feb-2023;59,080
16-feb-2023;59,295
15-feb-2023;59,550
14-feb-2023;59,564
13-feb-2023;58,902
10-feb-2023;58,233
09-feb-2023;58,692
08-feb-2023;57,922
07-feb-2023;57,120
06-feb-2023;56,788
03-feb-2023;57,067
02-feb-2023;56,974
01-feb-2023;56,525
31-ian-2023;55,999
30-ian-2023;55,893
27-ian-2023;55,933
26-ian-2023;55,497
25-ian-2023;54,896
24-ian-2023;54,267
23-ian-2023;54,001
20-ian-2023;53,673
19-ian-2023;53,108
18-ian-2023;53,360
17-ian-2023;53,167
16-ian-2023;53,291
13-ian-2023;52,978
12-ian-2023;53,550
11-ian-2023;52,983
10-ian-2023;53,024
09-ian-2023;53,036
06-ian-2023;52,142
05-ian-2023;51,685
04-ian-2023;51,340
03-ian-2023;50,714
02-ian-2023;50,071
30-dec-2022;49,787
29-dec-2022;49,869
28-dec-2022;49,844
27-dec-2022;49,769
23-dec-2022;49,586
22-dec-2022;49,237
21-dec-2022;48,951
20-dec-2022;48,664
19-dec-2022;48,387
16-dec-2022;48,186
15-dec-2022;48,325
14-dec-2022;48,578
13-dec-2022;48,635
12-dec-2022;48,108
09-dec-2022;48,359
08-dec-2022;48,228
07-dec-2022;48,544
06-dec-2022;48,713
05-dec-2022;49,548
02-dec-2022;49,229
01-dec-2022;49,837
30-nov-2022;49,955
29-nov-2022;50,051
28-nov-2022;50,834
25-nov-2022;51,066
24-nov-2022;51,091
23-nov-2022;50,737
22-nov-2022;50,863
21-nov-2022;51,161
18-nov-2022;51,101
16-nov-2022;50,933
15-nov-2022;51,228
14-nov-2022;51,758
11-nov-2022;51,912
10-nov-2022;51,307
09-nov-2022;51,111
08-nov-2022;50,918
07-nov-2022;50,881
04-nov-2022;50,166
03-nov-2022;48,664
02-nov-2022;48,388
01-nov-2022;48,504
31-oct-2022;48,430
27-oct-2022;48,457
26-oct-2022;48,174
25-oct-2022;47,607
24-oct-2022;47,873
21-oct-2022;47,583
20-oct-2022;47,564
19-oct-2022;46,445
18-oct-2022;47,640
17-oct-2022;46,633
14-oct-2022;46,666
13-oct-2022;46,188
12-oct-2022;46,523
11-oct-2022;46,263
10-oct-2022;47,087
07-oct-2022;47,760
06-oct-2022;48,096
05-oct-2022;48,081
04-oct-2022;48,027
03-oct-2022;45,703
30-sept-2022;45,712
29-sept-2022;45,476
27-sept-2022;46,445
26-sept-2022;46,772
23-sept-2022;47,487
22-sept-2022;48,670
21-sept-2022;48,215
20-sept-2022;49,122
19-sept-2022;49,652
16-sept-2022;49,796
15-sept-2022;50,953
14-sept-2022;50,428
13-sept-2022;50,579
12-sept-2022;49,977
09-sept-2022;48,908
08-sept-2022;47,851
07-sept-2022;46,999
06-sept-2022;46,217
05-sept-2022;46,297
02-sept-2022;46,977
01-sept-2022;47,162
31-aug-2022;47,913
30-aug-2022;48,262
29-aug-2022;47,418
26-aug-2022;48,301
25-aug-2022;47,984
24-aug-2022;48,089
23-aug-2022;48,777
22-aug-2022;48,766
19-aug-2022;49,655
18-aug-2022;50,021
17-aug-2022;50,543
16-aug-2022;51,245
15-aug-2022;51,249
12-aug-2022;51,794
11-aug-2022;51,570
10-aug-2022;51,425
09-aug-2022;50,825
08-aug-2022;50,513
05-aug-2022;50,403
04-aug-2022;50,218
03-aug-2022;49,739
02-aug-2022;48,848
01-aug-2022;49,032
29-iul-2022;50,174
28-iul-2022;50,422
27-iul-2022;51,382
26-iul-2022;50,724
25-iul-2022;50,458
22-iul-2022;50,426
21-iul-2022;50,951
20-iul-2022;50,640
19-iul-2022;50,988
18-iul-2022;50,925
15-iul-2022;50,023
14-iul-2022;49,772
13-iul-2022;50,145
12-iul-2022;50,340
11-iul-2022;50,087
08-iul-2022;50,017
07-iul-2022;49,295
04-iul-2022;49,074
01-iul-2022;49,230
30-iun-2022;50,657
29-iun-2022;51,897
28-iun-2022;52,311
27-iun-2022;50,995
24-iun-2022;52,109
23-iun-2022;51,724
22-iun-2022;52,921
21-iun-2022;53,464
20-iun-2022;53,066
17-iun-2022;52,223
16-iun-2022;52,098
15-iun-2022;52,871
14-iun-2022;52,204
13-iun-2022;52,386
10-iun-2022;53,301
09-iun-2022;54,539
08-iun-2022;54,529
07-iun-2022;54,018
06-iun-2022;53,778
03-iun-2022;53,976
02-iun-2022;53,843
01-iun-2022;53,489
31-mai-2022;53,071
30-mai-2022;53,515
27-mai-2022;53,156
26-mai-2022;53,063
25-mai-2022;53,242
24-mai-2022;53,214
23-mai-2022;53,781
20-mai-2022;54,630
19-mai-2022;54,481
18-mai-2022;54,313
17-mai-2022;53,080
16-mai-2022;52,540
13-mai-2022;52,416
12-mai-2022;51,329
11-mai-2022;51,202
10-mai-2022;51,980
09-mai-2022;52,098
06-mai-2022;52,231
05-mai-2022;53,705
04-mai-2022;53,861
03-mai-2022;54,013
02-mai-2022;53,404
29-apr-2022;54,284
28-apr-2022;55,738
27-apr-2022;55,826
26-apr-2022;55,860
25-apr-2022;55,974
22-apr-2022;56,741
21-apr-2022;56,935
20-apr-2022;56,274
19-apr-2022;55,787
14-apr-2022;56,401
13-apr-2022;56,182
12-apr-2022;55,600
11-apr-2022;55,619
08-apr-2022;55,853
07-apr-2022;55,070
06-apr-2022;54,591
05-apr-2022;56,074
04-apr-2022;56,446
01-apr-2022;56,426
31-mar-2022;56,078
30-mar-2022;55,854
29-mar-2022;56,036
28-mar-2022;54,800
25-mar-2022;54,937
24-mar-2022;54,658
23-mar-2022;54,402
22-mar-2022;55,006
21-mar-2022;54,252
18-mar-2022;53,415
17-mar-2022;53,110
16-mar-2022;53,115
15-mar-2022;52,504
14-mar-2022;52,908
11-mar-2022;51,962
10-mar-2022;51,085
09-mar-2022;51,346
08-mar-2022;49,601
07-mar-2022;47,844
04-mar-2022;50,939
03-mar-2022;53,038
02-mar-2022;51,813
01-mar-2022;53,207
28-feb-2022;53,887
25-feb-2022;55,928
24-feb-2022;54,222
23-feb-2022;57,144
22-feb-2022;56,952
21-feb-2022;57,491
18-feb-2022;59,126
17-feb-2022;59,091
16-feb-2022;59,534
15-feb-2022;59,711
14-feb-2022;59,017
11-feb-2022;59,788
10-feb-2022;60,725
09-feb-2022;60,945
08-feb-2022;60,428
07-feb-2022;59,533
04-feb-2022;59,352
03-feb-2022;59,133
02-feb-2022;59,164
01-feb-2022;58,261
31-ian-2022;58,217
28-ian-2022;57,645
27-ian-2022;58,220
26-ian-2022;58,007
25-ian-2022;57,297
24-ian-2022;56,744
21-ian-2022;58,220
20-ian-2022;58,815
19-ian-2022;59,344
18-ian-2022;59,609
17-ian-2022;59,279
14-ian-2022;58,982
13-ian-2022;59,101
12-ian-2022;59,399
11-ian-2022;58,762
10-ian-2022;58,425
07-ian-2022;58,478
06-ian-2022;58,330
05-ian-2022;58,001
04-ian-2022;58,357
03-ian-2022;57,163
30-dec-2021;57,416
29-dec-2021;57,148
28-dec-2021;57,049
27-dec-2021;56,804
23-dec-2021;56,926
22-dec-2021;56,828
21-dec-2021;56,032
20-dec-2021;55,180
17-dec-2021;55,126
16-dec-2021;55,265
15-dec-2021;55,333
14-dec-2021;55,457
13-dec-2021;55,349
10-dec-2021;55,521
09-dec-2021;55,527
08-dec-2021;54,964
07-dec-2021;54,569
06-dec-2021;53,880
03-dec-2021;53,587
02-dec-2021;53,658
01-dec-2021;53,594
30-nov-2021;53,250
29-nov-2021;53,364
26-nov-2021;52,736
25-nov-2021;53,789
24-nov-2021;53,810
23-nov-2021;53,560
22-nov-2021;53,357
19-nov-2021;53,628
18-nov-2021;54,456
16-nov-2021;54,872
15-nov-2021;54,723
12-nov-2021;53,970
11-nov-2021;54,485
10-nov-2021;54,530
09-nov-2021;55,044
08-nov-2021;54,976
05-nov-2021;54,582
04-nov-2021;53,599
03-nov-2021;53,144
02-nov-2021;52,066
01-nov-2021;52,104
29-oct-2021;51,755
27-oct-2021;52,072
26-oct-2021;52,216
25-oct-2021;52,084
22-oct-2021;51,842
21-oct-2021;52,319
20-oct-2021;52,728
19-oct-2021;53,069
18-oct-2021;53,247
15-oct-2021;53,676
14-oct-2021;53,672
13-oct-2021;53,887
12-oct-2021;54,133
11-oct-2021;54,208
08-oct-2021;53,783
07-oct-2021;53,769
06-oct-2021;53,736
05-oct-2021;53,829
04-oct-2021;52,985
01-oct-2021;52,592
30-sept-2021;52,319
29-sept-2021;51,837
27-sept-2021;52,028
24-sept-2021;51,503
23-sept-2021;51,564
22-sept-2021;50,971
21-sept-2021;50,945
20-sept-2021;50,505
17-sept-2021;51,485
16-sept-2021;51,484
15-sept-2021;51,169
14-sept-2021;51,230
13-sept-2021;50,859
10-sept-2021;50,747
09-sept-2021;50,596
08-sept-2021;50,805
07-sept-2021;50,856
06-sept-2021;50,880
03-sept-2021;51,042
02-sept-2021;50,896
01-sept-2021;50,945
31-aug-2021;50,554
30-aug-2021;50,190
27-aug-2021;50,318
26-aug-2021;50,184
25-aug-2021;50,527
24-aug-2021;50,456
23-aug-2021;50,218
20-aug-2021;49,920
19-aug-2021;49,924
18-aug-2021;50,775
17-aug-2021;50,446
16-aug-2021;50,169
13-aug-2021;50,284
12-aug-2021;50,158
11-aug-2021;49,363
10-aug-2021;48,778
09-aug-2021;49,037
06-aug-2021;48,823
05-aug-2021;48,549
04-aug-2021;48,310
03-aug-2021;48,021
02-aug-2021;48,083
30-iul-2021;47,506
29-iul-2021;47,361
28-iul-2021;46,998
27-iul-2021;46,611
26-iul-2021;46,709
23-iul-2021;46,415
22-iul-2021;46,572
21-iul-2021;46,271
20-iul-2021;46,188
19-iul-2021;45,837
16-iul-2021;46,923
15-iul-2021;46,885
14-iul-2021;45,313
13-iul-2021;45,064
12-iul-2021;45,177
09-iul-2021;44,976
08-iul-2021;44,435
07-iul-2021;44,979
02-iul-2021;45,110
01-iul-2021;44,830
30-iun-2021;45,235
29-iun-2021;45,621
28-iun-2021;45,674
25-iun-2021;45,633
24-iun-2021;45,698
23-iun-2021;45,870
22-iun-2021;45,629
21-iun-2021;45,751
18-iun-2021;45,490
17-iun-2021;45,989
16-iun-2021;46,011
15-iun-2021;46,232
14-iun-2021;46,438
11-iun-2021;46,407
10-iun-2021;46,606
09-iun-2021;46,542
08-iun-2021;46,381
07-iun-2021;46,464
04-iun-2021;46,392
03-iun-2021;46,163
02-iun-2021;46,163
01-iun-2021;46,251
31-mai-2021;45,752
28-mai-2021;45,751
27-mai-2021;45,806
26-mai-2021;45,633
25-mai-2021;45,980
24-mai-2021;45,666
21-mai-2021;45,596
20-mai-2021;45,142
19-mai-2021;44,542
18-mai-2021;45,037
17-mai-2021;44,478
14-mai-2021;44,110
13-mai-2021;43,373
12-mai-2021;43,374
11-mai-2021;43,363
10-mai-2021;43,540
07-mai-2021;43,337
06-mai-2021;42,642
05-mai-2021;42,754
04-mai-2021;42,533
03-mai-2021;42,877
30-apr-2021;42,576
29-apr-2021;42,748
28-apr-2021;42,679
27-apr-2021;42,325
26-apr-2021;42,407
23-apr-2021;42,143
22-apr-2021;42,285
21-apr-2021;42,254
20-apr-2021;42,535
19-apr-2021;42,785
16-apr-2021;42,635
15-apr-2021;42,231
14-apr-2021;42,273
13-apr-2021;42,589
12-apr-2021;42,134
09-apr-2021;42,005
08-apr-2021;42,202
07-apr-2021;42,118
06-apr-2021;42,092
01-apr-2021;41,871
31-mar-2021;41,758
30-mar-2021;41,800
29-mar-2021;41,741
26-mar-2021;42,005
25-mar-2021;41,416
24-mar-2021;41,586
23-mar-2021;41,571
22-mar-2021;41,625
19-mar-2021;41,479
18-mar-2021;41,933
17-mar-2021;41,532
16-mar-2021;41,313
15-mar-2021;41,311
12-mar-2021;41,206
11-mar-2021;41,036
10-mar-2021;40,868
09-mar-2021;40,726
08-mar-2021;40,380
05-mar-2021;40,551
04-mar-2021;40,354
03-mar-2021;40,359
02-mar-2021;40,862
01-mar-2021;40,757
26-feb-2021;40,429
25-feb-2021;40,715
24-feb-2021;40,502
23-feb-2021;40,313
22-feb-2021;40,252
19-feb-2021;40,749
18-feb-2021;40,804
17-feb-2021;41,054
16-feb-2021;41,500
15-feb-2021;41,769
12-feb-2021;41,262
11-feb-2021;41,020
10-feb-2021;41,180
09-feb-2021;41,189
08-feb-2021;41,423
05-feb-2021;41,274
04-feb-2021;40,690
03-feb-2021;40,592
02-feb-2021;40,509
01-feb-2021;39,673
29-ian-2021;39,116
28-ian-2021;39,450
27-ian-2021;39,761
26-ian-2021;40,526
25-ian-2021;40,634
22-ian-2021;40,229
21-ian-2021;40,605
20-ian-2021;41,236
19-ian-2021;41,041
18-ian-2021;41,118
15-ian-2021;41,058
14-ian-2021;41,178
13-ian-2021;41,202
12-ian-2021;41,134
11-ian-2021;40,885
08-ian-2021;41,144
07-ian-2021;40,100
06-ian-2021;39,635
05-ian-2021;39,333
04-ian-2021;39,339
30-dec-2020;39,203
29-dec-2020;39,375
28-dec-2020;38,912
23-dec-2020;38,408
22-dec-2020;38,085
21-dec-2020;37,388
18-dec-2020;38,636
17-dec-2020;38,646
16-dec-2020;38,149
15-dec-2020;37,570
14-dec-2020;37,298
11-dec-2020;36,776
10-dec-2020;37,131
09-dec-2020;37,683
08-dec-2020;37,121
07-dec-2020;36,783
04-dec-2020;36,766
03-dec-2020;36,611
02-dec-2020;36,442
01-dec-2020;36,725
30-nov-2020;36,835
27-nov-2020;36,990
26-nov-2020;36,946
25-nov-2020;37,003
24-nov-2020;36,611
23-nov-2020;36,356
20-nov-2020;35,789
19-nov-2020;35,645
18-nov-2020;35,887
16-nov-2020;35,393
13-nov-2020;34,535
12-nov-2020;34,268
11-nov-2020;34,382
10-nov-2020;34,260
09-nov-2020;33,747
06-nov-2020;32,605
05-nov-2020;32,808
04-nov-2020;32,239
03-nov-2020;31,982
02-nov-2020;31,230
30-oct-2020;30,981
29-oct-2020;31,043
27-oct-2020;31,691
26-oct-2020;31,557
23-oct-2020;31,751
22-oct-2020;31,574
21-oct-2020;31,537
20-oct-2020;32,111
19-oct-2020;32,045
16-oct-2020;31,785
15-oct-2020;31,310
14-oct-2020;32,067
13-oct-2020;31,747
12-oct-2020;32,036
09-oct-2020;32,340
08-oct-2020;32,181
07-oct-2020;32,255
06-oct-2020;32,339
05-oct-2020;31,863
02-oct-2020;31,654
01-oct-2020;32,005
30-sept-2020;32,110
29-sept-2020;31,743
25-sept-2020;31,915
24-sept-2020;31,843
23-sept-2020;31,964
22-sept-2020;32,282
21-sept-2020;31,810
18-sept-2020;32,710
17-sept-2020;33,095
16-sept-2020;33,491
15-sept-2020;33,585
14-sept-2020;33,702
11-sept-2020;33,811
10-sept-2020;34,045
09-sept-2020;34,039
08-sept-2020;34,108
07-sept-2020;34,369
04-sept-2020;34,138
03-sept-2020;34,212
02-sept-2020;34,271
01-sept-2020;34,444
31-aug-2020;34,430
28-aug-2020;34,806
27-aug-2020;34,437
26-aug-2020;34,642
25-aug-2020;34,763
24-aug-2020;34,485
21-aug-2020;34,428
20-aug-2020;34,162
19-aug-2020;34,432
18-aug-2020;34,662
17-aug-2020;34,906
14-aug-2020;35,023
13-aug-2020;35,127
12-aug-2020;35,525
11-aug-2020;35,550
10-aug-2020;34,947
07-aug-2020;34,552
06-aug-2020;34,475
05-aug-2020;34,772
04-aug-2020;34,388
03-aug-2020;33,983
31-iul-2020;33,668
30-iul-2020;33,474
29-iul-2020;34,547
28-iul-2020;34,634
27-iul-2020;34,925
24-iul-2020;34,937
23-iul-2020;35,549
22-iul-2020;35,845
21-iul-2020;36,142
20-iul-2020;35,827
17-iul-2020;35,672
16-iul-2020;35,592
15-iul-2020;35,579
14-iul-2020;35,232
13-iul-2020;35,732
10-iul-2020;35,324
09-iul-2020;35,528
08-iul-2020;35,255
07-iul-2020;35,099
03-iul-2020;35,214
02-iul-2020;35,321
01-iul-2020;34,762
30-iun-2020;34,475
29-iun-2020;34,570
26-iun-2020;34,477
25-iun-2020;34,410
24-iun-2020;34,432
23-iun-2020;35,094
22-iun-2020;34,814
19-iun-2020;34,831
18-iun-2020;34,821
17-iun-2020;35,150
16-iun-2020;35,610
15-iun-2020;34,667
12-iun-2020;34,887
11-iun-2020;33,992
10-iun-2020;35,515
09-iun-2020;35,596
08-iun-2020;36,230
05-iun-2020;36,061
04-iun-2020;34,979
03-iun-2020;34,861
02-iun-2020;34,726
01-iun-2020;33,974
29-mai-2020;33,304
28-mai-2020;33,403
27-mai-2020;33,473
26-mai-2020;33,380
25-mai-2020;32,401
22-mai-2020;32,172
21-mai-2020;32,104
20-mai-2020;32,202
19-mai-2020;31,632
18-mai-2020;31,808
15-mai-2020;31,332
14-mai-2020;31,136
13-mai-2020;32,126
12-mai-2020;32,466
11-mai-2020;32,220
07-mai-2020;32,385
06-mai-2020;32,201
05-mai-2020;32,428
04-mai-2020;31,898
30-apr-2020;32,217
29-apr-2020;32,633
28-apr-2020;31,939
27-apr-2020;31,518
24-apr-2020;31,390
23-apr-2020;31,112
22-apr-2020;30,255
21-apr-2020;30,209
20-apr-2020;30,920
17-apr-2020;31,308
16-apr-2020;31,079
15-apr-2020;30,637
14-apr-2020;31,767
09-apr-2020;31,142
08-apr-2020;30,514
07-apr-2020;30,231
06-apr-2020;29,308
03-apr-2020;27,879
02-apr-2020;28,408
01-apr-2020;28,043
31-mar-2020;28,911
30-mar-2020;28,251
27-mar-2020;28,578
26-mar-2020;29,578
25-mar-2020;29,484
24-mar-2020;28,697
23-mar-2020;26,615
20-mar-2020;27,034
19-mar-2020;25,535
18-mar-2020;24,810
17-mar-2020;27,207
16-mar-2020;27,803
13-mar-2020;31,446
12-mar-2020;31,155
11-mar-2020;34,378
10-mar-2020;35,666
09-mar-2020;35,762
06-mar-2020;37,942
05-mar-2020;39,025
04-mar-2020;39,856
03-mar-2020;39,808
02-mar-2020;38,632
28-feb-2020;38,400
27-feb-2020;39,591
26-feb-2020;40,737
25-feb-2020;41,255
24-feb-2020;41,946
21-feb-2020;43,515
20-feb-2020;43,812
19-feb-2020;44,259
18-feb-2020;43,990
17-feb-2020;44,221
14-feb-2020;44,402
13-feb-2020;44,414
12-feb-2020;44,423
11-feb-2020;44,449
10-feb-2020;44,409
07-feb-2020;44,397
06-feb-2020;44,640
05-feb-2020;44,031
04-feb-2020;43,475
03-feb-2020;43,073
31-ian-2020;42,532
30-ian-2020;42,565
29-ian-2020;43,489
28-ian-2020;43,914
27-ian-2020;44,819
24-ian-2020;45,427
23-ian-2020;45,139
22-ian-2020;45,417
21-ian-2020;45,045
20-ian-2020;45,133
17-ian-2020;45,070
16-ian-2020;45,059
15-ian-2020;45,218
14-ian-2020;45,271
13-ian-2020;45,134
10-ian-2020;44,890
09-ian-2020;44,645
08-ian-2020;44,359
07-ian-2020;44,303
06-ian-2020;44,318
03-ian-2020;44,258
02-ian-2020;44,373
30-dec-2019;43,937
27-dec-2019;43,989
23-dec-2019;43,768
20-dec-2019;43,604
19-dec-2019;43,738
18-dec-2019;43,431
17-dec-2019;43,303
16-dec-2019;43,244
13-dec-2019;42,970
12-dec-2019;42,798
11-dec-2019;42,355
10-dec-2019;42,513
09-dec-2019;42,617
06-dec-2019;42,757
05-dec-2019;42,470
04-dec-2019;42,274
03-dec-2019;42,237
02-dec-2019;42,367
29-nov-2019;42,339
28-nov-2019;42,422
27-nov-2019;42,541
26-nov-2019;42,320
25-nov-2019;42,564
22-nov-2019;42,443
21-nov-2019;42,049
20-nov-2019;42,266
19-nov-2019;42,270
18-nov-2019;42,185
15-nov-2019;42,334
14-nov-2019;42,190
13-nov-2019;42,436
12-nov-2019;42,452
11-nov-2019;42,562
08-nov-2019;42,344
07-nov-2019;42,378
06-nov-2019;42,070
05-nov-2019;42,243
04-nov-2019;41,907
01-nov-2019;41,645
31-oct-2019;41,189
30-oct-2019;41,641
29-oct-2019;41,637
25-oct-2019;41,560
24-oct-2019;41,681
23-oct-2019;41,394
22-oct-2019;41,364
21-oct-2019;41,187
18-oct-2019;40,731
17-oct-2019;40,274
16-oct-2019;39,905
15-oct-2019;39,597
14-oct-2019;39,472
11-oct-2019;39,276
10-oct-2019;38,638
09-oct-2019;38,632
08-oct-2019;38,591
07-oct-2019;38,826
04-oct-2019;39,081
03-oct-2019;39,113
02-oct-2019;39,191
01-oct-2019;40,021
30-sept-2019;40,390
27-sept-2019;40,198
26-sept-2019;40,156
25-sept-2019;40,030
24-sept-2019;40,528
23-sept-2019;40,398
20-sept-2019;41,023
19-sept-2019;40,690
18-sept-2019;40,601
17-sept-2019;40,449
16-sept-2019;41,038
13-sept-2019;40,638
12-sept-2019;40,632
11-sept-2019;40,318
10-sept-2019;40,048
09-sept-2019;40,010
06-sept-2019;39,948
05-sept-2019;40,309
04-sept-2019;39,776
03-sept-2019;39,898
02-sept-2019;40,061
30-aug-2019;39,993
29-aug-2019;39,854
28-aug-2019;39,605
27-aug-2019;40,041
26-aug-2019;40,299
23-aug-2019;40,465
22-aug-2019;40,427
21-aug-2019;40,296
20-aug-2019;40,109
19-aug-2019;40,166
16-aug-2019;40,256
15-aug-2019;39,914
14-aug-2019;39,827
13-aug-2019;39,901
12-aug-2019;39,905
09-aug-2019;39,578
08-aug-2019;39,576
07-aug-2019;39,445
06-aug-2019;39,778
05-aug-2019;39,766
02-aug-2019;40,425
01-aug-2019;40,621
31-iul-2019;41,158
30-iul-2019;41,414
29-iul-2019;41,745
26-iul-2019;41,897
25-iul-2019;42,080
24-iul-2019;42,186
23-iul-2019;41,941
22-iul-2019;41,899
19-iul-2019;41,834
18-iul-2019;41,679
17-iul-2019;41,506
16-iul-2019;41,370
15-iul-2019;41,318
12-iul-2019;41,275
11-iul-2019;40,927
10-iul-2019;40,951
09-iul-2019;41,053
08-iul-2019;41,235
04-iul-2019;41,344
03-iul-2019;41,273
02-iul-2019;40,913
01-iul-2019;40,873
28-iun-2019;41,010
27-iun-2019;40,813
26-iun-2019;40,704
25-iun-2019;40,861
24-iun-2019;41,331
21-iun-2019;41,188
20-iun-2019;41,201
19-iun-2019;41,281
18-iun-2019;41,228
17-iun-2019;41,152
14-iun-2019;41,173
13-iun-2019;41,148
12-iun-2019;41,123
11-iun-2019;41,454
10-iun-2019;41,341
07-iun-2019;41,014
06-iun-2019;40,904
05-iun-2019;41,035
04-iun-2019;40,988
03-iun-2019;40,720
31-mai-2019;40,411
30-mai-2019;40,411
29-mai-2019;40,260
28-mai-2019;40,173
27-mai-2019;40,257
24-mai-2019;40,358
23-mai-2019;40,147
22-mai-2019;40,396
21-mai-2019;40,692
20-mai-2019;40,682
17-mai-2019;40,839
16-mai-2019;40,904
15-mai-2019;40,898
14-mai-2019;40,796
13-mai-2019;40,514
10-mai-2019;40,824
09-mai-2019;40,846
07-mai-2019;41,353
06-mai-2019;41,422
03-mai-2019;42,012
02-mai-2019;42,153
30-apr-2019;41,706
29-apr-2019;41,703
26-apr-2019;42,472
25-apr-2019;42,223
24-apr-2019;42,332
23-apr-2019;42,710
18-apr-2019;42,899
17-apr-2019;42,760
16-apr-2019;42,712
15-apr-2019;43,026
12-apr-2019;43,124
11-apr-2019;42,616
10-apr-2019;42,482
09-apr-2019;42,292
08-apr-2019;42,349
05-apr-2019;42,399
04-apr-2019;42,310
03-apr-2019;42,285
02-apr-2019;42,039
01-apr-2019;42,111
29-mar-2019;41,644
28-mar-2019;41,574
27-mar-2019;41,780
26-mar-2019;41,756
25-mar-2019;41,824
22-mar-2019;41,877
21-mar-2019;42,025
20-mar-2019;41,877
19-mar-2019;42,001
18-mar-2019;42,067
15-mar-2019;41,789
14-mar-2019;41,649
13-mar-2019;41,389
12-mar-2019;41,334
11-mar-2019;41,337
08-mar-2019;41,412
07-mar-2019;41,671
06-mar-2019;42,241
05-mar-2019;42,030
04-mar-2019;42,105
01-mar-2019;41,955
28-feb-2019;41,834
27-feb-2019;41,641
26-feb-2019;41,596
25-feb-2019;41,774
22-feb-2019;41,320
21-feb-2019;41,306
20-feb-2019;41,644
19-feb-2019;41,530
18-feb-2019;41,379
15-feb-2019;41,264
14-feb-2019;40,687
13-feb-2019;40,999
12-feb-2019;40,905
11-feb-2019;40,461
08-feb-2019;40,570
07-feb-2019;41,139
06-feb-2019;41,217
05-feb-2019;41,210
04-feb-2019;40,967
01-feb-2019;40,785
31-ian-2019;40,539
30-ian-2019;40,168
29-ian-2019;39,962
28-ian-2019;39,793
25-ian-2019;39,849
24-ian-2019;39,566
23-ian-2019;39,761
22-ian-2019;39,691
21-ian-2019;39,786
18-ian-2019;39,911
17-ian-2019;39,723
16-ian-2019;39,902
15-ian-2019;39,319
14-ian-2019;39,171
11-ian-2019;39,618
10-ian-2019;39,733
09-ian-2019;39,726
08-ian-2019;39,600
07-ian-2019;39,475
04-ian-2019;39,312
03-ian-2019;38,595
02-ian-2019;38,406
28-dec-2018;38,386
27-dec-2018;37,870
21-dec-2018;38,061
20-dec-2018;38,522
19-dec-2018;39,149
18-dec-2018;39,893
17-dec-2018;39,888
14-dec-2018;39,918
13-dec-2018;39,870
12-dec-2018;39,899
11-dec-2018;39,373
10-dec-2018;39,810
07-dec-2018;40,280
06-dec-2018;40,143
05-dec-2018;40,564
04-dec-2018;41,109
03-dec-2018;41,420
30-nov-2018;41,174
29-nov-2018;41,061
28-nov-2018;41,110
27-nov-2018;41,069
26-nov-2018;41,096
23-nov-2018;40,988
22-nov-2018;41,015
21-nov-2018;41,083
20-nov-2018;40,738
19-nov-2018;41,506
16-nov-2018;41,605
15-nov-2018;41,589
14-nov-2018;41,694
13-nov-2018;41,605
12-nov-2018;41,745
09-nov-2018;42,054
08-nov-2018;41,979
07-nov-2018;41,583
06-nov-2018;41,258
05-nov-2018;41,580
02-nov-2018;41,424
01-nov-2018;41,451
31-oct-2018;41,158
30-oct-2018;40,570
29-oct-2018;40,799
26-oct-2018;39,999
25-oct-2018;40,715
24-oct-2018;41,083
23-oct-2018;41,142
22-oct-2018;41,875
19-oct-2018;41,778
18-oct-2018;42,035
17-oct-2018;42,110
16-oct-2018;42,190
15-oct-2018;41,888
12-oct-2018;41,912
11-oct-2018;41,976
10-oct-2018;42,410
09-oct-2018;42,475
08-oct-2018;42,515
05-oct-2018;42,876
04-oct-2018;43,104
03-oct-2018;43,066
02-oct-2018;42,629
01-oct-2018;42,565
27-sept-2018;42,915
26-sept-2018;42,950
25-sept-2018;43,233
24-sept-2018;42,718
21-sept-2018;43,073
20-sept-2018;43,177
19-sept-2018;43,070
18-sept-2018;42,942
17-sept-2018;42,926
14-sept-2018;43,006
13-sept-2018;42,896
12-sept-2018;42,616
11-sept-2018;42,195
10-sept-2018;42,240
07-sept-2018;41,712
06-sept-2018;41,379
05-sept-2018;41,392
04-sept-2018;41,753
03-sept-2018;41,686
31-aug-2018;41,694
30-aug-2018;41,863
29-aug-2018;41,953
28-aug-2018;42,019
27-aug-2018;41,878
24-aug-2018;41,674
23-aug-2018;42,005
22-aug-2018;41,734
21-aug-2018;41,563
20-aug-2018;41,271
17-aug-2018;41,204
16-aug-2018;41,258
15-aug-2018;41,506
14-aug-2018;41,550
13-aug-2018;41,641
10-aug-2018;41,893
09-aug-2018;42,192
08-aug-2018;42,387
07-aug-2018;42,512
06-aug-2018;42,543
03-aug-2018;42,677
02-aug-2018;42,449
01-aug-2018;42,594
31-iul-2018;42,711
30-iul-2018;42,798
27-iul-2018;42,659
26-iul-2018;42,641
25-iul-2018;42,562
24-iul-2018;42,598
23-iul-2018;42,160
20-iul-2018;41,983
19-iul-2018;41,832
18-iul-2018;42,090
17-iul-2018;41,844
16-iul-2018;42,094
13-iul-2018;41,913
12-iul-2018;41,802
11-iul-2018;41,996
10-iul-2018;42,186
09-iul-2018;41,829
04-iul-2018;41,437
03-iul-2018;41,215
02-iul-2018;41,055
29-iun-2018;40,998
28-iun-2018;40,587
27-iun-2018;40,562
26-iun-2018;41,013
25-iun-2018;41,166
22-iun-2018;41,304
21-iun-2018;41,165
20-iun-2018;41,424
19-iun-2018;41,348
18-iun-2018;41,510
15-iun-2018;41,929
14-iun-2018;41,771
13-iun-2018;42,143
12-iun-2018;42,017
11-iun-2018;42,046
08-iun-2018;41,874
07-iun-2018;41,864
06-iun-2018;41,826
05-iun-2018;41,909
04-iun-2018;42,023
01-iun-2018;41,914
31-mai-2018;41,692
30-mai-2018;41,800
29-mai-2018;41,427
28-mai-2018;42,355
25-mai-2018;42,287
24-mai-2018;42,824
23-mai-2018;42,660
22-mai-2018;42,979
21-mai-2018;42,921
18-mai-2018;43,074
17-mai-2018;43,287
16-mai-2018;43,364
15-mai-2018;43,277
14-mai-2018;43,330
11-mai-2018;43,456
10-mai-2018;43,104
09-mai-2018;42,750
07-mai-2018;43,467
04-mai-2018;43,125
03-mai-2018;43,706
02-mai-2018;43,625
30-apr-2018;43,616
27-apr-2018;44,189
26-apr-2018;44,180
25-apr-2018;44,076
24-apr-2018;44,339
23-apr-2018;44,147
20-apr-2018;44,264
19-apr-2018;44,571
18-apr-2018;44,675
17-apr-2018;44,725
16-apr-2018;45,016
13-apr-2018;44,863
12-apr-2018;44,764
11-apr-2018;44,400
10-apr-2018;44,509
09-apr-2018;44,426
06-apr-2018;44,527
05-apr-2018;44,637
04-apr-2018;43,916
03-apr-2018;44,118
29-mar-2018;44,275
28-mar-2018;43,971
27-mar-2018;43,796
26-mar-2018;43,645
23-mar-2018;43,620
22-mar-2018;44,058
21-mar-2018;44,397
20-mar-2018;44,124
19-mar-2018;43,943
16-mar-2018;44,065
15-mar-2018;43,932
14-mar-2018;43,921
13-mar-2018;44,135
12-mar-2018;44,335
09-mar-2018;44,149
08-mar-2018;44,050
07-mar-2018;43,790
06-mar-2018;44,179
05-mar-2018;43,825
02-mar-2018;43,622
01-mar-2018;43,967
28-feb-2018;44,114
27-feb-2018;43,717
26-feb-2018;43,436
23-feb-2018;43,608
22-feb-2018;43,727
21-feb-2018;43,860
20-feb-2018;43,687
19-feb-2018;43,931
16-feb-2018;43,901
15-feb-2018;43,899
14-feb-2018;43,772
13-feb-2018;43,843
12-feb-2018;43,791
09-feb-2018;43,645
08-feb-2018;44,062
07-feb-2018;44,227
06-feb-2018;43,563
05-feb-2018;44,507
02-feb-2018;44,807
01-feb-2018;45,284
31-ian-2018;44,751
30-ian-2018;44,577
29-ian-2018;44,751
26-ian-2018;44,744
25-ian-2018;44,735
24-ian-2018;44,878
23-ian-2018;44,813
22-ian-2018;44,619
19-ian-2018;44,274
18-ian-2018;44,143
17-ian-2018;44,005
16-ian-2018;43,870
15-ian-2018;43,461
12-ian-2018;43,481
11-ian-2018;43,472
10-ian-2018;43,138
09-ian-2018;43,262
08-ian-2018;43,432
05-ian-2018;43,382
04-ian-2018;43,359
03-ian-2018;42,621
02-ian-2018;42,505
29-dec-2017;42,239
28-dec-2017;42,220
27-dec-2017;41,810
22-dec-2017;42,021
21-dec-2017;41,918
20-dec-2017;41,926
19-dec-2017;41,757
18-dec-2017;41,638
15-dec-2017;41,362
14-dec-2017;41,483
13-dec-2017;41,333
12-dec-2017;41,362
11-dec-2017;41,346
08-dec-2017;41,609
07-dec-2017;41,305
06-dec-2017;41,122
05-dec-2017;41,389
04-dec-2017;41,717
01-dec-2017;41,704
30-nov-2017;41,528
29-nov-2017;41,319
28-nov-2017;41,374
27-nov-2017;41,290
24-nov-2017;41,479
23-nov-2017;41,176
22-nov-2017;41,111
21-nov-2017;41,244
20-nov-2017;41,286
16-nov-2017;41,268
15-nov-2017;41,076
14-nov-2017;41,541
13-nov-2017;41,605
10-nov-2017;41,641
09-nov-2017;41,560
08-nov-2017;41,227
07-nov-2017;41,334
06-nov-2017;41,307
03-nov-2017;41,003
02-nov-2017;41,537
01-nov-2017;41,788
31-oct-2017;41,551
30-oct-2017;41,470
27-oct-2017;41,515
26-oct-2017;41,162
25-oct-2017;41,587
24-oct-2017;41,081
23-oct-2017;40,885
20-oct-2017;41,170
19-oct-2017;40,939
18-oct-2017;40,991
17-oct-2017;41,019
16-oct-2017;40,843
13-oct-2017;40,841
12-oct-2017;40,821
11-oct-2017;40,755
10-oct-2017;40,606
09-oct-2017;40,937
06-oct-2017;40,905
05-oct-2017;40,981
04-oct-2017;40,742
03-oct-2017;40,582
02-oct-2017;40,532
29-sept-2017;40,269
27-sept-2017;40,125
26-sept-2017;40,066
25-sept-2017;40,005
22-sept-2017;40,194
21-sept-2017;40,192
20-sept-2017;40,153
19-sept-2017;40,143
18-sept-2017;40,187
15-sept-2017;40,290
14-sept-2017;40,046
13-sept-2017;40,026
12-sept-2017;39,719
11-sept-2017;39,272
08-sept-2017;39,138
07-sept-2017;39,055
06-sept-2017;39,306
05-sept-2017;39,312
04-sept-2017;39,395
01-sept-2017;39,271
31-aug-2017;39,166
30-aug-2017;39,501
29-aug-2017;39,125
28-aug-2017;39,728
25-aug-2017;39,758
24-aug-2017;39,632
23-aug-2017;39,515
22-aug-2017;39,642
21-aug-2017;39,539
18-aug-2017;39,678
17-aug-2017;39,814
16-aug-2017;39,685
15-aug-2017;39,501
14-aug-2017;39,470
11-aug-2017;39,059
10-aug-2017;39,205
09-aug-2017;39,373
08-aug-2017;39,940
07-aug-2017;39,547
04-aug-2017;39,336
03-aug-2017;39,094
02-aug-2017;38,752
01-aug-2017;38,850
31-iul-2017;38,729
28-iul-2017;38,725
27-iul-2017;38,955
26-iul-2017;38,931
25-iul-2017;38,998
24-iul-2017;38,718
21-iul-2017;38,582
20-iul-2017;38,738
19-iul-2017;38,669
18-iul-2017;38,621
17-iul-2017;38,593
14-iul-2017;38,404
13-iul-2017;38,378
12-iul-2017;38,293
11-iul-2017;38,193
10-iul-2017;38,311
07-iul-2017;38,064
04-iul-2017;37,791
03-iul-2017;37,597
30-iun-2017;37,565
29-iun-2017;37,236
28-iun-2017;37,193
27-iun-2017;37,111
26-iun-2017;36,955
23-iun-2017;37,371
22-iun-2017;37,575
21-iun-2017;37,830
20-iun-2017;37,987
19-iun-2017;38,384
16-iun-2017;37,895
15-iun-2017;38,009
14-iun-2017;38,254
13-iun-2017;38,304
12-iun-2017;38,382
09-iun-2017;38,555
08-iun-2017;38,295
07-iun-2017;38,257
06-iun-2017;38,271
05-iun-2017;38,333
02-iun-2017;38,251
01-iun-2017;38,231
31-mai-2017;38,072
30-mai-2017;38,052
29-mai-2017;38,242
26-mai-2017;38,428
25-mai-2017;38,239
24-mai-2017;38,218
23-mai-2017;38,161
22-mai-2017;38,373
19-mai-2017;38,543
18-mai-2017;38,112
17-mai-2017;38,570
16-mai-2017;38,988
15-mai-2017;38,617
12-mai-2017;38,361
11-mai-2017;38,129
10-mai-2017;38,031
09-mai-2017;37,982
05-mai-2017;37,660
04-mai-2017;37,364
03-mai-2017;37,284
02-mai-2017;37,260
28-apr-2017;37,577
27-apr-2017;37,094
26-apr-2017;37,145
25-apr-2017;37,011
24-apr-2017;37,009
21-apr-2017;36,352
20-apr-2017;36,296
19-apr-2017;36,021
18-apr-2017;36,142
13-apr-2017;36,629
12-apr-2017;36,862
11-apr-2017;37,265
10-apr-2017;37,177
07-apr-2017;37,061
06-apr-2017;36,855
05-apr-2017;36,286
04-apr-2017;36,321
03-apr-2017;36,445
31-mar-2017;36,351
30-mar-2017;36,255
29-mar-2017;36,373
28-mar-2017;36,401
27-mar-2017;36,259
24-mar-2017;36,387
23-mar-2017;36,322
22-mar-2017;36,245
21-mar-2017;36,389
20-mar-2017;36,282
17-mar-2017;36,316
16-mar-2017;36,327
15-mar-2017;36,254
14-mar-2017;36,258
13-mar-2017;36,203
10-mar-2017;36,055
09-mar-2017;36,065
08-mar-2017;36,001
07-mar-2017;35,971
06-mar-2017;36,126
03-mar-2017;36,051
02-mar-2017;36,178
01-mar-2017;35,984
28-feb-2017;35,317
27-feb-2017;35,497
24-feb-2017;35,541
23-feb-2017;35,999
22-feb-2017;36,047
21-feb-2017;36,082
20-feb-2017;36,053
17-feb-2017;35,920
16-feb-2017;35,937
15-feb-2017;36,047
14-feb-2017;35,797
13-feb-2017;35,994
10-feb-2017;35,699
09-feb-2017;35,322
08-feb-2017;35,389
07-feb-2017;35,078
06-feb-2017;34,877
03-feb-2017;34,953
02-feb-2017;34,858
01-feb-2017;34,754
31-ian-2017;34,551
30-ian-2017;34,489
27-ian-2017;34,683
26-ian-2017;34,759
25-ian-2017;34,764
24-ian-2017;34,451
23-ian-2017;34,306
20-ian-2017;34,357
19-ian-2017;34,371
18-ian-2017;34,297
17-ian-2017;34,189
16-ian-2017;34,337
13-ian-2017;34,438
12-ian-2017;34,415
11-ian-2017;34,341
10-ian-2017;34,283
09-ian-2017;34,660
06-ian-2017;34,711
05-ian-2017;34,616
04-ian-2017;34,604
03-ian-2017;34,539
02-ian-2017;34,221
30-dec-2016;34,179
29-dec-2016;34,050
28-dec-2016;34,214
27-dec-2016;34,079
23-dec-2016;33,933
22-dec-2016;33,979
21-dec-2016;33,993
20-dec-2016;33,982
19-dec-2016;33,802
16-dec-2016;33,950
15-dec-2016;33,770
14-dec-2016;33,453
13-dec-2016;33,756
12-dec-2016;33,510
09-dec-2016;33,349
08-dec-2016;33,278
07-dec-2016;33,099
06-dec-2016;33,129
05-dec-2016;32,803
02-dec-2016;32,807
01-dec-2016;32,735
30-nov-2016;32,605
29-nov-2016;32,515
28-nov-2016;32,743
25-nov-2016;32,919
24-nov-2016;32,805
23-nov-2016;32,897
22-nov-2016;33,027
21-nov-2016;32,742
18-nov-2016;32,783
16-nov-2016;32,944
15-nov-2016;33,496
14-nov-2016;33,510
11-nov-2016;33,348
10-nov-2016;33,386
09-nov-2016;33,238
08-nov-2016;33,260
07-nov-2016;33,284
04-nov-2016;33,115
03-nov-2016;33,707
02-nov-2016;33,442
01-nov-2016;33,652
31-oct-2016;34,166
27-oct-2016;34,273
26-oct-2016;34,039
25-oct-2016;34,598
24-oct-2016;34,645
21-oct-2016;34,387
20-oct-2016;34,108
19-oct-2016;34,158
18-oct-2016;33,910
17-oct-2016;33,586
14-oct-2016;33,295
13-oct-2016;32,821
12-oct-2016;32,973
11-oct-2016;33,141
10-oct-2016;33,001
07-oct-2016;32,819
06-oct-2016;32,936
05-oct-2016;32,638
04-oct-2016;32,424
03-oct-2016;32,162
30-sept-2016;31,963
29-sept-2016;32,384
27-sept-2016;32,072
26-sept-2016;32,178
23-sept-2016;32,371
22-sept-2016;32,426
21-sept-2016;32,017
20-sept-2016;32,035
19-sept-2016;31,913
16-sept-2016;31,878
15-sept-2016;32,030
14-sept-2016;32,117
13-sept-2016;32,174
12-sept-2016;32,220
09-sept-2016;32,585
08-sept-2016;32,764
07-sept-2016;32,661
06-sept-2016;32,675
05-sept-2016;32,605
02-sept-2016;32,455
01-sept-2016;32,109
31-aug-2016;31,809
30-aug-2016;31,794
29-aug-2016;31,582
26-aug-2016;31,621
25-aug-2016;31,688
24-aug-2016;31,770
23-aug-2016;31,501
22-aug-2016;31,344
19-aug-2016;31,385
18-aug-2016;31,512
17-aug-2016;31,505
16-aug-2016;31,706
15-aug-2016;31,894
12-aug-2016;31,992
11-aug-2016;31,892
10-aug-2016;31,798
09-aug-2016;31,720
08-aug-2016;31,911
05-aug-2016;31,469
04-aug-2016;31,700
03-aug-2016;31,750
02-aug-2016;32,427
01-aug-2016;32,586
29-iul-2016;32,634
28-iul-2016;32,841
27-iul-2016;33,066
26-iul-2016;32,920
25-iul-2016;33,054
22-iul-2016;33,010
21-iul-2016;32,884
20-iul-2016;32,669
19-iul-2016;32,440
18-iul-2016;32,224
15-iul-2016;31,971
14-iul-2016;31,280
13-iul-2016;30,599
12-iul-2016;30,622
11-iul-2016;30,349
08-iul-2016;30,026
07-iul-2016;30,153
04-iul-2016;30,556
01-iul-2016;30,463
30-iun-2016;30,210
29-iun-2016;29,839
28-iun-2016;29,749
27-iun-2016;29,135
24-iun-2016;30,332
23-iun-2016;31,645
22-iun-2016;31,501
21-iun-2016;31,167
20-iun-2016;31,031
17-iun-2016;30,756
16-iun-2016;30,178
15-iun-2016;30,227
14-iun-2016;29,885
13-iun-2016;30,319
10-iun-2016;31,102
09-iun-2016;32,138
08-iun-2016;32,369
07-iun-2016;33,169
06-iun-2016;33,045
03-iun-2016;32,564
02-iun-2016;32,915
01-iun-2016;32,889
31-mai-2016;33,120
30-mai-2016;33,020
27-mai-2016;32,987
26-mai-2016;32,998
25-mai-2016;32,961
24-mai-2016;32,443
23-mai-2016;32,393
20-mai-2016;32,387
19-mai-2016;32,326
18-mai-2016;32,338
17-mai-2016;32,190
16-mai-2016;32,688
13-mai-2016;32,370
12-mai-2016;32,276
11-mai-2016;32,099
10-mai-2016;32,201
09-mai-2016;31,998
06-mai-2016;32,132
05-mai-2016;32,825
04-mai-2016;32,858
03-mai-2016;33,208
02-mai-2016;33,693
29-apr-2016;33,882
28-apr-2016;33,634
27-apr-2016;33,829
26-apr-2016;33,871
25-apr-2016;33,759
22-apr-2016;34,033
21-apr-2016;34,031
20-apr-2016;33,959
19-apr-2016;33,896
18-apr-2016;33,499
15-apr-2016;33,582
14-apr-2016;33,156
13-apr-2016;33,175
12-apr-2016;32,846
11-apr-2016;33,092
08-apr-2016;33,315
07-apr-2016;32,749
06-apr-2016;32,749
05-apr-2016;32,919
04-apr-2016;33,184
01-apr-2016;33,087
31-mar-2016;33,302
30-mar-2016;33,341
29-mar-2016;33,020
24-mar-2016;32,850
23-mar-2016;32,925
22-mar-2016;33,378
21-mar-2016;33,630
18-mar-2016;33,869
17-mar-2016;33,253
16-mar-2016;33,689
15-mar-2016;33,663
14-mar-2016;33,830
11-mar-2016;33,596
10-mar-2016;33,156
09-mar-2016;32,821
08-mar-2016;33,017
07-mar-2016;32,834
04-mar-2016;32,918
03-mar-2016;32,704
02-mar-2016;32,523
01-mar-2016;32,245
29-feb-2016;31,698
26-feb-2016;32,069
25-feb-2016;32,000
24-feb-2016;31,650
23-feb-2016;32,551
22-feb-2016;32,784
19-feb-2016;32,256
18-feb-2016;32,544
17-feb-2016;32,493
16-feb-2016;31,895
15-feb-2016;32,446
12-feb-2016;31,308
11-feb-2016;31,350
10-feb-2016;32,003
09-feb-2016;31,595
08-feb-2016;32,266
05-feb-2016;33,436
04-feb-2016;33,236
03-feb-2016;32,836
02-feb-2016;33,425
01-feb-2016;33,882
29-ian-2016;34,097
28-ian-2016;33,680
27-ian-2016;33,439
26-ian-2016;33,057
25-ian-2016;32,736
22-ian-2016;32,835
21-ian-2016;31,833
20-ian-2016;31,677
19-ian-2016;32,373
18-ian-2016;32,144
15-ian-2016;32,621
14-ian-2016;33,252
13-ian-2016;33,900
12-ian-2016;34,081
11-ian-2016;34,031
08-ian-2016;34,184
07-ian-2016;33,886
06-ian-2016;34,677
05-ian-2016;34,853
04-ian-2016;34,759
30-dec-2015;35,412
29-dec-2015;35,404
28-dec-2015;35,204
23-dec-2015;35,014
22-dec-2015;34,463
21-dec-2015;34,383
18-dec-2015;34,315
17-dec-2015;34,502
16-dec-2015;34,438
15-dec-2015;34,405
14-dec-2015;34,054
11-dec-2015;34,170
10-dec-2015;34,500
09-dec-2015;34,495
08-dec-2015;34,451
07-dec-2015;35,026
04-dec-2015;35,162
03-dec-2015;35,186
02-dec-2015;35,526
01-dec-2015;35,879
30-nov-2015;36,083
27-nov-2015;36,201
26-nov-2015;36,352
25-nov-2015;36,084
24-nov-2015;36,424
23-nov-2015;37,030
20-nov-2015;36,769
19-nov-2015;36,749
18-nov-2015;36,748
16-nov-2015;36,234
13-nov-2015;36,226
12-nov-2015;36,218
11-nov-2015;36,738
10-nov-2015;36,907
09-nov-2015;36,679
06-nov-2015;36,628
05-nov-2015;36,092
04-nov-2015;36,295
03-nov-2015;36,251
02-nov-2015;36,455
30-oct-2015;36,324
29-oct-2015;36,156
27-oct-2015;36,217
26-oct-2015;36,307
23-oct-2015;36,431
22-oct-2015;36,167
21-oct-2015;35,886
20-oct-2015;35,892
19-oct-2015;35,905
16-oct-2015;35,910
15-oct-2015;35,627
14-oct-2015;35,691
13-oct-2015;35,996
12-oct-2015;36,561
09-oct-2015;36,266
08-oct-2015;35,770
07-oct-2015;36,072
06-oct-2015;35,872
05-oct-2015;35,917
02-oct-2015;35,543
01-oct-2015;35,705
30-sept-2015;35,755
29-sept-2015;35,304
25-sept-2015;35,350
24-sept-2015;34,915
23-sept-2015;35,400
22-sept-2015;35,782
21-sept-2015;36,416
18-sept-2015;36,351
17-sept-2015;37,290
16-sept-2015;36,969
15-sept-2015;37,003
14-sept-2015;37,056
11-sept-2015;36,985
10-sept-2015;37,129
09-sept-2015;37,316
08-sept-2015;37,025
07-sept-2015;36,712
04-sept-2015;37,040
03-sept-2015;37,472
02-sept-2015;37,093
01-sept-2015;36,916
31-aug-2015;37,913
28-aug-2015;37,522
27-aug-2015;37,279
26-aug-2015;36,324
25-aug-2015;36,618
24-aug-2015;35,037
21-aug-2015;36,748
20-aug-2015;37,108
19-aug-2015;37,798
18-aug-2015;37,836
17-aug-2015;37,877
14-aug-2015;37,983
13-aug-2015;38,073
12-aug-2015;37,884
11-aug-2015;38,433
10-aug-2015;38,433
07-aug-2015;38,258
06-aug-2015;38,329
05-aug-2015;38,333
04-aug-2015;38,372
03-aug-2015;38,539
31-iul-2015;38,127
30-iul-2015;38,143
29-iul-2015;37,921
28-iul-2015;38,054
27-iul-2015;37,987
24-iul-2015;38,166
23-iul-2015;38,119
22-iul-2015;38,361
21-iul-2015;38,307
20-iul-2015;38,079
17-iul-2015;37,928
16-iul-2015;37,959
15-iul-2015;37,411
14-iul-2015;37,124
13-iul-2015;36,959
10-iul-2015;36,611
09-iul-2015;36,244
08-iul-2015;35,654
07-iul-2015;35,795
03-iul-2015;36,247
02-iul-2015;36,319
01-iul-2015;36,224
30-iun-2015;36,030
29-iun-2015;35,683
26-iun-2015;36,586
25-iun-2015;36,164
24-iun-2015;36,096
23-iun-2015;36,641
22-iun-2015;36,416
19-iun-2015;35,827
18-iun-2015;35,579
17-iun-2015;35,926
16-iun-2015;36,360
15-iun-2015;35,954
12-iun-2015;36,335
11-iun-2015;36,977
10-iun-2015;36,913
09-iun-2015;36,200
08-iun-2015;36,401
05-iun-2015;36,693
04-iun-2015;37,181
03-iun-2015;37,045
02-iun-2015;37,194
01-iun-2015;37,523
29-mai-2015;37,325
28-mai-2015;37,425
27-mai-2015;37,572
26-mai-2015;36,968
25-mai-2015;37,589
22-mai-2015;37,571
21-mai-2015;37,341
20-mai-2015;37,792
19-mai-2015;37,699
18-mai-2015;37,330
15-mai-2015;37,482
14-mai-2015;37,342
13-mai-2015;37,693
12-mai-2015;37,776
11-mai-2015;38,088
07-mai-2015;37,609
06-mai-2015;37,112
05-mai-2015;37,473
04-mai-2015;37,648
30-apr-2015;37,406
29-apr-2015;37,402
28-apr-2015;37,633
27-apr-2015;37,933
24-apr-2015;38,242
23-apr-2015;38,033
22-apr-2015;38,074
21-apr-2015;38,552
20-apr-2015;38,389
17-apr-2015;38,266
16-apr-2015;38,535
15-apr-2015;38,316
14-apr-2015;38,587
13-apr-2015;38,743
10-apr-2015;38,539
09-apr-2015;38,459
08-apr-2015;38,286
07-apr-2015;38,399
02-apr-2015;38,121
01-apr-2015;37,894
31-mar-2015;37,557
30-mar-2015;37,547
27-mar-2015;37,284
26-mar-2015;37,577
25-mar-2015;38,161
24-mar-2015;38,305
23-mar-2015;38,197
20-mar-2015;38,107
19-mar-2015;38,046
18-mar-2015;37,758
17-mar-2015;37,943
16-mar-2015;38,071
13-mar-2015;38,002
12-mar-2015;37,520
11-mar-2015;37,289
10-mar-2015;37,120
09-mar-2015;37,591
06-mar-2015;38,012
05-mar-2015;37,766
04-mar-2015;36,946
03-mar-2015;37,092
02-mar-2015;37,304
27-feb-2015;37,176
26-feb-2015;37,385
25-feb-2015;37,541
24-feb-2015;37,388
23-feb-2015;37,222
20-feb-2015;36,935
19-feb-2015;36,838
18-feb-2015;36,993
17-feb-2015;36,578
16-feb-2015;36,866
13-feb-2015;37,127
12-feb-2015;36,581
11-feb-2015;35,767
10-feb-2015;35,828
09-feb-2015;35,428
06-feb-2015;35,402
05-feb-2015;35,053
04-feb-2015;35,379
03-feb-2015;35,167
02-feb-2015;34,518
30-ian-2015;34,504
29-ian-2015;34,427
28-ian-2015;34,471
27-ian-2015;34,823
26-ian-2015;35,084
23-ian-2015;34,699
22-ian-2015;34,526
21-ian-2015;34,114
20-ian-2015;34,050
19-ian-2015;34,048
16-ian-2015;34,102
15-ian-2015;33,885
14-ian-2015;34,211
13-ian-2015;34,314
12-ian-2015;33,462
09-ian-2015;33,673
08-ian-2015;33,980
07-ian-2015;33,531
06-ian-2015;33,990
05-ian-2015;34,078
02-ian-2015;34,767
30-dec-2014;34,173
29-dec-2014;34,192
23-dec-2014;34,379
22-dec-2014;34,735
19-dec-2014;34,220
18-dec-2014;34,482
17-dec-2014;34,104
16-dec-2014;34,294
15-dec-2014;34,909
12-dec-2014;35,232
11-dec-2014;35,646
10-dec-2014;36,024
09-dec-2014;35,958
08-dec-2014;36,517
05-dec-2014;36,511
04-dec-2014;36,307
03-dec-2014;36,939
02-dec-2014;36,523
01-dec-2014;36,552
28-nov-2014;36,435
27-nov-2014;36,341
26-nov-2014;36,125
25-nov-2014;35,859
24-nov-2014;35,584
21-nov-2014;35,434
20-nov-2014;35,134
19-nov-2014;35,497
18-nov-2014;35,147
14-nov-2014;34,697
13-nov-2014;34,724
12-nov-2014;34,922
11-nov-2014;35,322
10-nov-2014;35,403
07-nov-2014;34,976
06-nov-2014;34,743
05-nov-2014;34,701
04-nov-2014;35,048
03-nov-2014;35,116
31-oct-2014;35,357
30-oct-2014;34,785
29-oct-2014;34,531
27-oct-2014;34,843
24-oct-2014;34,357
23-oct-2014;34,225
22-oct-2014;34,045
21-oct-2014;34,086
20-oct-2014;33,607
17-oct-2014;33,711
16-oct-2014;32,798
15-oct-2014;33,545
14-oct-2014;34,106
13-oct-2014;34,505
10-oct-2014;34,633
09-oct-2014;35,032
08-oct-2014;34,969
07-oct-2014;35,133
06-oct-2014;35,647
03-oct-2014;35,538
02-oct-2014;35,450
01-oct-2014;36,003
30-sept-2014;36,067
29-sept-2014;35,833
26-sept-2014;35,622
25-sept-2014;35,712
24-sept-2014;35,548
23-sept-2014;35,747
22-sept-2014;36,147
19-sept-2014;36,434
18-sept-2014;36,218
17-sept-2014;35,786
16-sept-2014;35,577
15-sept-2014;35,978
12-sept-2014;36,182
11-sept-2014;36,079
10-sept-2014;36,142
09-sept-2014;36,030
08-sept-2014;36,047
05-sept-2014;36,131
04-sept-2014;35,937
03-sept-2014;35,822
02-sept-2014;35,678
01-sept-2014;35,367
29-aug-2014;35,349
28-aug-2014;35,097
27-aug-2014;35,898
26-aug-2014;35,858
25-aug-2014;35,763
22-aug-2014;35,404
21-aug-2014;35,351
20-aug-2014;35,045
19-aug-2014;35,191
18-aug-2014;35,298
15-aug-2014;35,326
14-aug-2014;35,121
13-aug-2014;34,789
12-aug-2014;34,397
11-aug-2014;34,683
08-aug-2014;34,125
07-aug-2014;34,284
06-aug-2014;34,175
05-aug-2014;34,362
04-aug-2014;34,455
01-aug-2014;34,418
31-iul-2014;34,593
30-iul-2014;34,955
29-iul-2014;34,994
28-iul-2014;34,883
25-iul-2014;35,067
24-iul-2014;34,708
23-iul-2014;34,666
22-iul-2014;34,719
21-iul-2014;34,448
18-iul-2014;34,421
17-iul-2014;34,972
16-iul-2014;35,076
15-iul-2014;35,004
14-iul-2014;35,080
11-iul-2014;35,060
10-iul-2014;34,393
09-iul-2014;34,601
08-iul-2014;34,042
07-iul-2014;34,723
04-iul-2014;34,963
03-iul-2014;36,407
02-iul-2014;36,393
01-iul-2014;36,446
30-iun-2014;36,790
27-iun-2014;36,735
26-iun-2014;36,609
25-iun-2014;36,744
24-iun-2014;37,141
23-iun-2014;37,560
20-iun-2014;37,679
19-iun-2014;37,575
18-iun-2014;37,482
17-iun-2014;37,734
16-iun-2014;37,733
13-iun-2014;37,647
12-iun-2014;37,881
11-iun-2014;37,858
10-iun-2014;37,975
09-iun-2014;37,776
06-iun-2014;37,782
05-iun-2014;37,502
04-iun-2014;37,382
03-iun-2014;37,565
02-iun-2014;37,442
30-mai-2014;37,404
29-mai-2014;37,054
28-mai-2014;36,939
27-mai-2014;36,835
26-mai-2014;36,748
23-mai-2014;36,377
22-mai-2014;36,139
21-mai-2014;35,909
20-mai-2014;36,052
19-mai-2014;35,906
16-mai-2014;35,989
15-mai-2014;35,735
14-mai-2014;36,004
13-mai-2014;36,289
12-mai-2014;36,650
09-mai-2014;36,727
07-mai-2014;36,761
06-mai-2014;36,868
05-mai-2014;36,811
02-mai-2014;36,837
30-apr-2014;36,818
29-apr-2014;36,794
28-apr-2014;36,370
25-apr-2014;36,213
24-apr-2014;36,549
23-apr-2014;36,765
22-apr-2014;36,906
17-apr-2014;36,661
16-apr-2014;36,522
15-apr-2014;36,327
14-apr-2014;36,239
11-apr-2014;36,192
10-apr-2014;36,669
09-apr-2014;36,612
08-apr-2014;36,219
07-apr-2014;37,021
04-apr-2014;37,140
03-apr-2014;37,057
02-apr-2014;37,082
01-apr-2014;37,039
31-mar-2014;36,675
28-mar-2014;36,702
27-mar-2014;36,403
26-mar-2014;36,561
25-mar-2014;36,343
24-mar-2014;36,115
21-mar-2014;36,200
20-mar-2014;35,923
19-mar-2014;36,023
18-mar-2014;36,001
17-mar-2014;35,746
14-mar-2014;34,731
13-mar-2014;35,503
12-mar-2014;35,413
11-mar-2014;36,006
10-mar-2014;36,275
07-mar-2014;36,693
06-mar-2014;36,920
05-mar-2014;36,775
04-mar-2014;36,630
03-mar-2014;36,258
28-feb-2014;37,202
27-feb-2014;37,141
26-feb-2014;37,335
25-feb-2014;37,688
24-feb-2014;38,053
21-feb-2014;38,272
20-feb-2014;37,853
19-feb-2014;37,941
18-feb-2014;37,968
17-feb-2014;37,748
14-feb-2014;37,544
13-feb-2014;36,995
12-feb-2014;37,028
11-feb-2014;36,457
10-feb-2014;36,554
07-feb-2014;36,405
06-feb-2014;36,548
05-feb-2014;35,801
04-feb-2014;35,613
03-feb-2014;35,862
31-ian-2014;36,043
30-ian-2014;36,086
29-ian-2014;36,003
28-ian-2014;36,557
27-ian-2014;36,376
24-ian-2014;37,009
23-ian-2014;37,416
22-ian-2014;37,492
21-ian-2014;37,226
20-ian-2014;37,299
17-ian-2014;37,457
16-ian-2014;37,358
15-ian-2014;37,795
14-ian-2014;37,337
13-ian-2014;37,603
10-ian-2014;36,896
09-ian-2014;36,480
08-ian-2014;36,287
07-ian-2014;35,985
06-ian-2014;36,036
03-ian-2014;36,050
02-ian-2014;36,173
30-dec-2013;36,127
27-dec-2013;35,999
23-dec-2013;35,809
20-dec-2013;35,506
19-dec-2013;35,294
18-dec-2013;35,275
17-dec-2013;34,800
16-dec-2013;35,095
13-dec-2013;34,775
12-dec-2013;35,191
11-dec-2013;35,654
10-dec-2013;35,499
09-dec-2013;35,423
06-dec-2013;35,531
05-dec-2013;35,846
04-dec-2013;36,372
03-dec-2013;36,844
02-dec-2013;37,203
29-nov-2013;37,723
28-nov-2013;37,573
27-nov-2013;37,585
26-nov-2013;37,088
25-nov-2013;37,435
22-nov-2013;37,386
21-nov-2013;37,190
20-nov-2013;37,233
19-nov-2013;37,200
18-nov-2013;37,715
15-nov-2013;37,200
14-nov-2013;36,973
13-nov-2013;36,911
12-nov-2013;37,648
11-nov-2013;37,887
08-nov-2013;37,805
07-nov-2013;38,619
06-nov-2013;39,904
05-nov-2013;39,225
04-nov-2013;39,749
01-nov-2013;39,269
31-oct-2013;39,378
30-oct-2013;39,579
29-oct-2013;39,484
25-oct-2013;38,587
24-oct-2013;38,603
23-oct-2013;38,363
22-oct-2013;38,750
21-oct-2013;38,636
18-oct-2013;38,384
17-oct-2013;38,214
16-oct-2013;38,198
15-oct-2013;38,112
14-oct-2013;37,862
11-oct-2013;37,780
10-oct-2013;37,878
09-oct-2013;37,585
08-oct-2013;37,788
07-oct-2013;37,802
04-oct-2013;37,624
03-oct-2013;37,661
02-oct-2013;37,916
01-oct-2013;37,801
30-sept-2013;37,335
27-sept-2013;37,367
26-sept-2013;37,379
25-sept-2013;37,178
24-sept-2013;37,184
23-sept-2013;36,910
20-sept-2013;36,931
19-sept-2013;37,809
18-sept-2013;37,891
17-sept-2013;38,032
16-sept-2013;38,131
13-sept-2013;37,603
12-sept-2013;37,875
11-sept-2013;38,006
10-sept-2013;37,686
09-sept-2013;36,912
06-sept-2013;36,775
05-sept-2013;36,950
04-sept-2013;36,447
03-sept-2013;36,622
02-sept-2013;36,785
30-aug-2013;36,764
29-aug-2013;36,967
28-aug-2013;36,820
27-aug-2013;37,040
26-aug-2013;37,587
23-aug-2013;37,769
22-aug-2013;37,460
21-aug-2013;37,215
20-aug-2013;37,293
19-aug-2013;37,818
16-aug-2013;38,147
15-aug-2013;37,674
14-aug-2013;38,158
13-aug-2013;38,033
12-aug-2013;37,597
09-aug-2013;37,681
08-aug-2013;37,639
07-aug-2013;36,900
06-aug-2013;36,648
05-aug-2013;36,602
02-aug-2013;36,693
01-aug-2013;36,011
31-iul-2013;35,496
30-iul-2013;35,564
29-iul-2013;35,266
26-iul-2013;35,262
25-iul-2013;34,983
24-iul-2013;34,991
23-iul-2013;34,528
22-iul-2013;34,036
19-iul-2013;34,121
18-iul-2013;34,437
17-iul-2013;34,228
16-iul-2013;34,308
15-iul-2013;34,522
12-iul-2013;34,642
11-iul-2013;34,146
10-iul-2013;33,623
09-iul-2013;33,589
08-iul-2013;33,744
04-iul-2013;33,794
03-iul-2013;33,288
02-iul-2013;33,803
01-iul-2013;33,682
28-iun-2013;33,810
27-iun-2013;33,471
26-iun-2013;33,306
25-iun-2013;33,068
24-iun-2013;33,193
21-iun-2013;33,928
20-iun-2013;34,863
19-iun-2013;36,061
18-iun-2013;36,097
17-iun-2013;36,107
14-iun-2013;36,054
13-iun-2013;36,218
12-iun-2013;36,610
11-iun-2013;36,862
10-iun-2013;36,982
07-iun-2013;37,481
06-iun-2013;37,337
05-iun-2013;37,362
04-iun-2013;37,552
03-iun-2013;37,203
31-mai-2013;37,248
30-mai-2013;37,935
29-mai-2013;37,899
28-mai-2013;38,029
27-mai-2013;37,866
24-mai-2013;37,555
23-mai-2013;37,411
22-mai-2013;37,922
21-mai-2013;37,882
20-mai-2013;37,577
17-mai-2013;37,789
16-mai-2013;37,920
15-mai-2013;37,741
14-mai-2013;37,692
13-mai-2013;37,401
10-mai-2013;37,474
09-mai-2013;37,627
07-mai-2013;37,617
06-mai-2013;37,717
03-mai-2013;37,616
02-mai-2013;37,604
30-apr-2013;37,572
29-apr-2013;37,585
26-apr-2013;37,278
25-apr-2013;37,449
24-apr-2013;37,348
23-apr-2013;37,034
22-apr-2013;36,852
19-apr-2013;36,468
18-apr-2013;36,122
17-apr-2013;36,800
16-apr-2013;37,156
15-apr-2013;37,146
12-apr-2013;37,764
11-apr-2013;37,859
10-apr-2013;37,453
09-apr-2013;36,849
08-apr-2013;36,676
05-apr-2013;36,759
04-apr-2013;37,119
03-apr-2013;37,465
02-apr-2013;37,857
28-mar-2013;37,434
27-mar-2013;37,063
26-mar-2013;37,363
25-mar-2013;37,499
22-mar-2013;38,056
21-mar-2013;38,163
20-mar-2013;38,228
19-mar-2013;38,359
18-mar-2013;38,619
15-mar-2013;38,961
14-mar-2013;39,953
13-mar-2013;39,683
12-mar-2013;39,980
11-mar-2013;40,502
08-mar-2013;40,917
07-mar-2013;40,486
06-mar-2013;40,360
05-mar-2013;39,840
04-mar-2013;39,213
01-mar-2013;39,520
28-feb-2013;39,567
27-feb-2013;38,884
26-feb-2013;38,849
25-feb-2013;39,825
22-feb-2013;39,204
21-feb-2013;39,030
20-feb-2013;39,602
19-feb-2013;39,506
18-feb-2013;39,496
15-feb-2013;39,522
14-feb-2013;39,459
13-feb-2013;39,858
12-feb-2013;39,611
11-feb-2013;39,585
08-feb-2013;39,435
07-feb-2013;39,095
06-feb-2013;39,181
05-feb-2013;39,005
04-feb-2013;39,282
01-feb-2013;39,651
31-ian-2013;39,833
30-ian-2013;39,769
29-ian-2013;39,764
28-ian-2013;39,416
25-ian-2013;40,122
24-ian-2013;39,997
23-ian-2013;40,146
22-ian-2013;39,998
21-ian-2013;40,319
18-ian-2013;40,752
17-ian-2013;40,823
16-ian-2013;40,704
15-ian-2013;40,763
14-ian-2013;41,023
11-ian-2013;41,152
10-ian-2013;40,937
09-ian-2013;41,636
08-ian-2013;41,621
07-ian-2013;41,322
04-ian-2013;41,936
03-ian-2013;42,111
02-ian-2013;42,316
28-dec-2012;41,441
27-dec-2012;41,334
21-dec-2012;41,279
20-dec-2012;41,113
19-dec-2012;41,429
18-dec-2012;40,982
17-dec-2012;40,080
14-dec-2012;40,006
13-dec-2012;39,752
12-dec-2012;39,677
11-dec-2012;39,336
10-dec-2012;39,032
07-dec-2012;39,477
06-dec-2012;39,667
05-dec-2012;39,631
04-dec-2012;39,419
03-dec-2012;39,443
30-nov-2012;39,548
29-nov-2012;39,397
28-nov-2012;38,651
27-nov-2012;39,288
26-nov-2012;38,909
23-nov-2012;38,626
22-nov-2012;37,895
21-nov-2012;37,812
20-nov-2012;38,282
19-nov-2012;38,478
16-nov-2012;38,012
15-nov-2012;38,024
14-nov-2012;38,325
13-nov-2012;37,921
12-nov-2012;38,592
09-nov-2012;38,631
08-nov-2012;38,839
07-nov-2012;38,992
06-nov-2012;39,468
05-nov-2012;39,257
02-nov-2012;38,903
01-nov-2012;38,736
31-oct-2012;38,717
30-oct-2012;38,823
29-oct-2012;38,382
26-oct-2012;38,706
25-oct-2012;39,165
24-oct-2012;39,081
23-oct-2012;39,060
22-oct-2012;39,823
19-oct-2012;39,821
18-oct-2012;40,119
17-oct-2012;40,249
16-oct-2012;40,150
15-oct-2012;39,659
12-oct-2012;39,493
11-oct-2012;39,597
10-oct-2012;39,496
09-oct-2012;39,467
08-oct-2012;39,573
05-oct-2012;39,727
04-oct-2012;38,861
03-oct-2012;38,528
02-oct-2012;38,421
01-oct-2012;38,630
27-sept-2012;38,140
26-sept-2012;37,880
25-sept-2012;38,696
24-sept-2012;38,546
21-sept-2012;38,824
20-sept-2012;38,360
19-sept-2012;38,884
18-sept-2012;39,018
17-sept-2012;39,540
14-sept-2012;40,192
13-sept-2012;39,131
12-sept-2012;39,450
11-sept-2012;39,226
10-sept-2012;38,921
07-sept-2012;39,521
06-sept-2012;38,752
05-sept-2012;38,159
04-sept-2012;38,005
03-sept-2012;38,096
31-aug-2012;38,346
30-aug-2012;37,753
29-aug-2012;37,890
28-aug-2012;38,152
27-aug-2012;38,439
24-aug-2012;38,088
23-aug-2012;38,374
22-aug-2012;38,369
21-aug-2012;38,336
20-aug-2012;37,738
17-aug-2012;38,064
16-aug-2012;37,971
15-aug-2012;37,529
14-aug-2012;37,194
13-aug-2012;36,747
10-aug-2012;36,950
09-aug-2012;36,900
08-aug-2012;36,433
07-aug-2012;36,553
06-aug-2012;36,320
03-aug-2012;35,692
02-aug-2012;35,155
01-aug-2012;35,373
31-iul-2012;35,233
30-iul-2012;35,977
27-iul-2012;35,467
26-iul-2012;35,107
25-iul-2012;34,561
24-iul-2012;34,451
23-iul-2012;34,281
20-iul-2012;35,151
19-iul-2012;35,881
18-iul-2012;35,703
17-iul-2012;35,982
16-iul-2012;35,592
13-iul-2012;35,588
12-iul-2012;35,364
11-iul-2012;35,913
10-iul-2012;35,680
09-iul-2012;35,723
04-iul-2012;35,930
03-iul-2012;35,867
02-iul-2012;35,739
29-iun-2012;35,377
28-iun-2012;34,206
27-iun-2012;34,335
26-iun-2012;34,152
25-iun-2012;33,953
22-iun-2012;34,921
21-iun-2012;35,010
20-iun-2012;35,094
19-iun-2012;35,452
18-iun-2012;34,663
15-iun-2012;34,871
14-iun-2012;34,435
13-iun-2012;34,336
12-iun-2012;33,906
11-iun-2012;34,334
08-iun-2012;34,901
07-iun-2012;35,235
06-iun-2012;34,680
05-iun-2012;34,186
04-iun-2012;33,623
01-iun-2012;33,367
31-mai-2012;33,711
30-mai-2012;34,087
29-mai-2012;34,499
28-mai-2012;34,127
25-mai-2012;34,344
24-mai-2012;34,637
23-mai-2012;34,501
22-mai-2012;34,967
21-mai-2012;34,814
18-mai-2012;34,405
17-mai-2012;34,056
16-mai-2012;34,401
15-mai-2012;34,229
14-mai-2012;35,283
11-mai-2012;36,053
10-mai-2012;36,176
09-mai-2012;35,331
07-mai-2012;36,578
04-mai-2012;36,516
03-mai-2012;36,978
02-mai-2012;37,476
30-apr-2012;37,692
27-apr-2012;37,676
26-apr-2012;37,501
25-apr-2012;37,828
24-apr-2012;37,044
23-apr-2012;36,459
20-apr-2012;37,202
19-apr-2012;37,022
18-apr-2012;37,327
17-apr-2012;37,247
16-apr-2012;37,138
13-apr-2012;37,794
12-apr-2012;37,952
11-apr-2012;37,868
10-apr-2012;37,404
06-apr-2012;37,574
05-apr-2012;38,054
04-apr-2012;38,452
03-apr-2012;39,221
02-apr-2012;39,189
30-mar-2012;39,301
29-mar-2012;39,236
28-mar-2012;40,067
27-mar-2012;40,384
26-mar-2012;40,169
23-mar-2012;40,144
22-mar-2012;40,078
21-mar-2012;40,265
20-mar-2012;40,602
19-mar-2012;40,839
16-mar-2012;40,638
15-mar-2012;40,524
14-mar-2012;40,585
13-mar-2012;40,425
12-mar-2012;40,150
09-mar-2012;40,619
08-mar-2012;40,317
07-mar-2012;39,941
06-mar-2012;39,750
05-mar-2012;40,485
02-mar-2012;41,199
01-mar-2012;41,138
29-feb-2012;40,681
28-feb-2012;39,875
27-feb-2012;40,301
24-feb-2012;40,123
23-feb-2012;39,756
22-feb-2012;40,323
21-feb-2012;40,853
20-feb-2012;40,898
17-feb-2012;40,631
16-feb-2012;39,860
15-feb-2012;39,930
14-feb-2012;40,057
13-feb-2012;40,321
10-feb-2012;39,373
09-feb-2012;40,991
08-feb-2012;41,369
07-feb-2012;40,440
06-feb-2012;40,582
03-feb-2012;40,542
02-feb-2012;39,831
01-feb-2012;39,099
31-ian-2012;38,374
30-ian-2012;37,566
27-ian-2012;38,567
26-ian-2012;38,935
25-ian-2012;37,511
24-ian-2012;37,478
23-ian-2012;37,863
20-ian-2012;36,819
19-ian-2012;36,366
18-ian-2012;35,437
17-ian-2012;34,763
16-ian-2012;35,030
13-ian-2012;34,806
12-ian-2012;35,147
11-ian-2012;34,494
10-ian-2012;34,843
09-ian-2012;34,465
06-ian-2012;34,619
05-ian-2012;34,956
04-ian-2012;35,880
03-ian-2012;36,351
02-ian-2012;36,252
30-dec-2011;35,669
29-dec-2011;35,240
28-dec-2011;35,154
27-dec-2011;35,194
23-dec-2011;34,913
22-dec-2011;34,775
21-dec-2011;34,397
20-dec-2011;34,023
19-dec-2011;33,602
16-dec-2011;33,838
15-dec-2011;33,718
14-dec-2011;33,311
13-dec-2011;33,598
12-dec-2011;33,516
09-dec-2011;34,442
08-dec-2011;34,396
07-dec-2011;34,913
06-dec-2011;35,294
05-dec-2011;35,860
02-dec-2011;35,357
01-dec-2011;34,715
30-nov-2011;34,794
29-nov-2011;33,014
28-nov-2011;33,422
25-nov-2011;32,393
24-nov-2011;33,145
23-nov-2011;32,922
22-nov-2011;33,285
21-nov-2011;33,535
18-nov-2011;34,262
16-nov-2011;34,551
15-nov-2011;34,692
14-nov-2011;35,199
11-nov-2011;35,553
10-nov-2011;35,114
09-nov-2011;35,496
08-nov-2011;36,093
07-nov-2011;35,943
04-nov-2011;36,819
03-nov-2011;37,012
02-nov-2011;35,975
01-nov-2011;35,586
31-oct-2011;37,459
27-oct-2011;39,286
26-oct-2011;38,156
25-oct-2011;37,964
24-oct-2011;37,855
21-oct-2011;37,344
20-oct-2011;36,623
19-oct-2011;37,262
18-oct-2011;37,133
17-oct-2011;37,003
14-oct-2011;37,946
13-oct-2011;38,111
12-oct-2011;38,522
11-oct-2011;37,309
10-oct-2011;37,850
07-oct-2011;38,224
06-oct-2011;37,948
05-oct-2011;36,394
04-oct-2011;35,871
03-oct-2011;36,981
30-sept-2011;37,924
29-sept-2011;38,351
27-sept-2011;38,257
26-sept-2011;36,671
23-sept-2011;35,085
22-sept-2011;36,127
21-sept-2011;37,371
20-sept-2011;36,621
19-sept-2011;36,877
16-sept-2011;39,019
15-sept-2011;39,536
14-sept-2011;38,581
13-sept-2011;38,581
12-sept-2011;38,566
09-sept-2011;40,141
08-sept-2011;41,483
07-sept-2011;40,773
06-sept-2011;39,808
05-sept-2011;39,680
02-sept-2011;42,002
01-sept-2011;43,118
31-aug-2011;43,551
30-aug-2011;42,844
29-aug-2011;42,869
26-aug-2011;42,185
25-aug-2011;42,283
24-aug-2011;41,771
23-aug-2011;41,010
22-aug-2011;40,862
19-aug-2011;40,395
18-aug-2011;41,178
17-aug-2011;41,919
16-aug-2011;41,271
15-aug-2011;41,835
12-aug-2011;40,898
11-aug-2011;40,721
10-aug-2011;40,476
09-aug-2011;41,704
08-aug-2011;42,616
05-aug-2011;45,252
04-aug-2011;46,148
03-aug-2011;47,340
02-aug-2011;48,199
01-aug-2011;48,815
29-iul-2011;48,650
28-iul-2011;48,728
27-iul-2011;48,772
26-iul-2011;48,788
25-iul-2011;49,464
22-iul-2011;49,536
21-iul-2011;49,511
20-iul-2011;48,784
19-iul-2011;48,389
18-iul-2011;48,531
15-iul-2011;49,178
14-iul-2011;49,160
13-iul-2011;49,502
12-iul-2011;49,440
11-iul-2011;49,670
08-iul-2011;50,484
07-iul-2011;50,918
04-iul-2011;50,817
01-iul-2011;51,006
30-iun-2011;50,428
29-iun-2011;50,111
28-iun-2011;48,995
27-iun-2011;48,933
24-iun-2011;49,398
23-iun-2011;49,857
22-iun-2011;50,417
21-iun-2011;50,777
20-iun-2011;50,335
17-iun-2011;50,509
16-iun-2011;50,293
15-iun-2011;50,578
14-iun-2011;50,776
13-iun-2011;50,839
10-iun-2011;50,307
09-iun-2011;50,051
08-iun-2011;50,376
07-iun-2011;50,637
06-iun-2011;50,475
03-iun-2011;50,690
02-iun-2011;50,706
01-iun-2011;50,776
31-mai-2011;50,912
30-mai-2011;50,625
27-mai-2011;50,580
26-mai-2011;50,493
25-mai-2011;50,447
24-mai-2011;50,817
23-mai-2011;50,739
20-mai-2011;51,360
19-mai-2011;51,402
18-mai-2011;50,961
17-mai-2011;51,307
16-mai-2011;51,525
13-mai-2011;51,912
12-mai-2011;51,835
11-mai-2011;52,325
10-mai-2011;52,245
09-mai-2011;52,272
06-mai-2011;52,068
05-mai-2011;52,118
04-mai-2011;52,813
03-mai-2011;52,335
02-mai-2011;52,894
29-apr-2011;52,349
28-apr-2011;52,442
27-apr-2011;52,471
26-apr-2011;51,960
22-apr-2011;51,974
21-apr-2011;52,125
20-apr-2011;51,309
19-apr-2011;51,104
18-apr-2011;50,686
15-apr-2011;51,230
14-apr-2011;51,080
13-apr-2011;51,333
12-apr-2011;50,763
11-apr-2011;51,842
08-apr-2011;51,636
07-apr-2011;52,099
06-apr-2011;52,279
05-apr-2011;51,913
04-apr-2011;51,896
01-apr-2011;51,509
31-mar-2011;51,281
30-mar-2011;51,449
29-mar-2011;51,406
28-mar-2011;51,325
25-mar-2011;51,001
24-mar-2011;50,645
23-mar-2011;50,267
22-mar-2011;50,007
21-mar-2011;50,187
18-mar-2011;49,627
17-mar-2011;49,525
16-mar-2011;49,134
15-mar-2011;49,535
14-mar-2011;49,721
11-mar-2011;50,206
10-mar-2011;49,854
09-mar-2011;50,275
08-mar-2011;50,271
07-mar-2011;50,592
04-mar-2011;50,845
03-mar-2011;51,044
02-mar-2011;50,671
01-mar-2011;50,483
28-feb-2011;51,121
25-feb-2011;50,807
24-feb-2011;50,533
23-feb-2011;50,617
22-feb-2011;50,638
21-feb-2011;50,784
18-feb-2011;50,688
17-feb-2011;50,672
16-feb-2011;51,656
15-feb-2011;51,218
14-feb-2011;51,515
11-feb-2011;51,189
10-feb-2011;50,988
09-feb-2011;51,752
08-feb-2011;51,904
07-feb-2011;51,850
04-feb-2011;52,364
03-feb-2011;51,498
02-feb-2011;51,771
01-feb-2011;51,978
31-ian-2011;51,174
28-ian-2011;50,664
27-ian-2011;51,741
26-ian-2011;51,541
25-ian-2011;51,081
24-ian-2011;51,961
21-ian-2011;52,289
20-ian-2011;51,757
19-ian-2011;52,433
18-ian-2011;52,536
17-ian-2011;51,655
14-ian-2011;51,019
13-ian-2011;51,441
12-ian-2011;51,152
11-ian-2011;50,332
10-ian-2011;49,396
07-ian-2011;50,695
06-ian-2011;50,954
05-ian-2011;50,150
04-ian-2011;50,489
03-ian-2011;49,707
30-dec-2010;48,785
29-dec-2010;48,819
28-dec-2010;48,260
27-dec-2010;48,031
23-dec-2010;48,462
22-dec-2010;48,427
21-dec-2010;48,135
20-dec-2010;47,519
17-dec-2010;47,232
16-dec-2010;47,738
15-dec-2010;47,455
14-dec-2010;47,345
13-dec-2010;47,633
10-dec-2010;46,932
09-dec-2010;46,678
08-dec-2010;46,689
07-dec-2010;46,936
06-dec-2010;47,085
03-dec-2010;46,746
02-dec-2010;46,791
01-dec-2010;45,950
30-nov-2010;44,474
29-nov-2010;45,041
26-nov-2010;45,614
25-nov-2010;45,867
24-nov-2010;45,581
23-nov-2010;45,415
22-nov-2010;46,210
19-nov-2010;46,517
18-nov-2010;46,709
16-nov-2010;46,499
15-nov-2010;46,684
12-nov-2010;46,973
11-nov-2010;46,333
10-nov-2010;47,055
09-nov-2010;47,730
08-nov-2010;47,472
05-nov-2010;47,557
04-nov-2010;47,893
03-nov-2010;47,865
02-nov-2010;47,431
01-nov-2010;47,306
29-oct-2010;47,043
27-oct-2010;47,182
26-oct-2010;46,857
25-oct-2010;47,297
22-oct-2010;46,440
21-oct-2010;46,267
20-oct-2010;46,195
19-oct-2010;46,387
18-oct-2010;46,356
15-oct-2010;46,680
14-oct-2010;46,732
13-oct-2010;47,107
12-oct-2010;46,619
11-oct-2010;47,046
08-oct-2010;46,682
07-oct-2010;46,684
06-oct-2010;46,773
05-oct-2010;46,223
04-oct-2010;46,060
01-oct-2010;46,169
30-sept-2010;46,260
29-sept-2010;45,624
27-sept-2010;46,029
24-sept-2010;46,185
23-sept-2010;45,953
22-sept-2010;45,986
21-sept-2010;46,201
20-sept-2010;46,067
17-sept-2010;45,753
16-sept-2010;46,221
15-sept-2010;46,485
14-sept-2010;46,789
13-sept-2010;46,722
10-sept-2010;46,179
09-sept-2010;46,293
08-sept-2010;46,043
07-sept-2010;46,327
06-sept-2010;47,106
03-sept-2010;47,524
02-sept-2010;47,738
01-sept-2010;46,854
31-aug-2010;46,310
30-aug-2010;46,555
27-aug-2010;46,790
26-aug-2010;46,273
25-aug-2010;45,940
24-aug-2010;46,313
23-aug-2010;47,627
20-aug-2010;47,327
19-aug-2010;48,021
18-aug-2010;47,881
17-aug-2010;48,322
16-aug-2010;47,810
13-aug-2010;47,253
12-aug-2010;47,118
11-aug-2010;47,341
10-aug-2010;48,359
09-aug-2010;48,534
06-aug-2010;48,247
05-aug-2010;48,419
04-aug-2010;49,041
03-aug-2010;48,031
02-aug-2010;48,290
30-iul-2010;47,503
29-iul-2010;48,085
28-iul-2010;48,062
27-iul-2010;47,542
26-iul-2010;46,812
23-iul-2010;46,499
22-iul-2010;46,552
21-iul-2010;46,070
20-iul-2010;45,136
19-iul-2010;45,365
16-iul-2010;45,431
15-iul-2010;46,263
14-iul-2010;46,118
13-iul-2010;46,177
12-iul-2010;45,396
09-iul-2010;45,407
08-iul-2010;44,938
07-iul-2010;43,864
02-iul-2010;43,660
01-iul-2010;42,797
30-iun-2010;42,992
29-iun-2010;43,230
28-iun-2010;44,123
25-iun-2010;43,968
24-iun-2010;44,182
23-iun-2010;44,788
22-iun-2010;45,556
21-iun-2010;46,107
18-iun-2010;45,352
17-iun-2010;45,085
16-iun-2010;45,174
15-iun-2010;45,185
14-iun-2010;45,112
11-iun-2010;44,568
10-iun-2010;44,065
09-iun-2010;42,764
08-iun-2010;42,521
07-iun-2010;42,950
04-iun-2010;43,753
03-iun-2010;45,936
02-iun-2010;45,076
01-iun-2010;45,034
31-mai-2010;46,203
28-mai-2010;45,393
27-mai-2010;45,020
26-mai-2010;44,434
25-mai-2010;43,006
24-mai-2010;45,443
21-mai-2010;44,445
20-mai-2010;44,406
19-mai-2010;46,721
18-mai-2010;47,699
17-mai-2010;46,932
14-mai-2010;47,146
13-mai-2010;48,319
12-mai-2010;48,688
11-mai-2010;47,439
10-mai-2010;48,361
07-mai-2010;44,821
06-mai-2010;45,106
05-mai-2010;46,048
04-mai-2010;48,578
03-mai-2010;50,220
30-apr-2010;49,826
29-apr-2010;50,257
28-apr-2010;49,817
27-apr-2010;50,783
26-apr-2010;51,719
23-apr-2010;50,985
22-apr-2010;50,359
21-apr-2010;51,040
20-apr-2010;50,844
19-apr-2010;50,823
16-apr-2010;51,624
15-apr-2010;51,933
14-apr-2010;51,676
13-apr-2010;50,021
12-apr-2010;49,660
09-apr-2010;49,049
08-apr-2010;48,681
07-apr-2010;49,503
06-apr-2010;49,059
02-apr-2010;48,436
01-apr-2010;48,285
31-mar-2010;47,115
30-mar-2010;47,904
29-mar-2010;47,442
26-mar-2010;47,635
25-mar-2010;47,232
24-mar-2010;46,718
23-mar-2010;46,687
22-mar-2010;46,622
19-mar-2010;46,924
18-mar-2010;47,656
17-mar-2010;48,025
16-mar-2010;47,276
15-mar-2010;46,552
12-mar-2010;46,624
11-mar-2010;46,164
10-mar-2010;46,126
09-mar-2010;45,773
08-mar-2010;45,715
05-mar-2010;45,157
04-mar-2010;44,551
03-mar-2010;44,688
02-mar-2010;44,595
01-mar-2010;44,448
26-feb-2010;44,012
25-feb-2010;43,442
24-feb-2010;43,977
23-feb-2010;44,448
22-feb-2010;44,908
19-feb-2010;44,781
18-feb-2010;44,508
17-feb-2010;44,712
16-feb-2010;43,917
15-feb-2010;43,320
12-feb-2010;42,955
11-feb-2010;43,326
10-feb-2010;43,396
09-feb-2010;42,694
08-feb-2010;41,765
05-feb-2010;41,855
04-feb-2010;43,237
03-feb-2010;45,132
02-feb-2010;45,482
01-feb-2010;45,903
29-ian-2010;44,926
28-ian-2010;45,419
27-ian-2010;45,356
26-ian-2010;45,464
25-ian-2010;45,989
22-ian-2010;45,482
21-ian-2010;46,589
20-ian-2010;46,926
19-ian-2010;46,962
18-ian-2010;46,721
15-ian-2010;45,727
14-ian-2010;46,143
13-ian-2010;45,366
12-ian-2010;44,959
11-ian-2010;45,227
08-ian-2010;44,091
07-ian-2010;43,842
06-ian-2010;44,140
05-ian-2010;43,800
04-ian-2010;43,298
