;SOFIX;BG REIT
13-oct-2023;750,41;187,42
12-oct-2023;752,83;187,07
11-oct-2023;751,89;187,07
10-oct-2023;753,4;187,44
09-oct-2023;755,71;189,16
06-oct-2023;753,13;188,47
05-oct-2023;753,57;188,05
04-oct-2023;751,77;191,45
03-oct-2023;747,79;190,55
02-oct-2023;748,73;190,72
29-sept-2023;755,73;190,35
28-sept-2023;755,18;190,33
27-sept-2023;743,79;190,49
26-sept-2023;743,56;190,63
25-sept-2023;741,81;190,71
21-sept-2023;741,15;191,19
20-sept-2023;740,06;191,13
19-sept-2023;733,39;190,32
18-sept-2023;740,97;193,30
15-sept-2023;745,82;193,11
14-sept-2023;751,96;193,82
13-sept-2023;753,37;194,37
12-sept-2023;755,65;193,63
11-sept-2023;755,03;193,63
08-sept-2023;756,68;193,38
07-sept-2023;756,46;193,97
05-sept-2023;745,93;193,86
04-sept-2023;752,26;194,11
01-sept-2023;758,33;194,22
31-aug-2023;755,65;194,22
30-aug-2023;757,88;193,18
29-aug-2023;752,63;193,62
28-aug-2023;746,62;193,14
25-aug-2023;741,19;192,66
24-aug-2023;733,41;192,12
23-aug-2023;730,4;191,75
22-aug-2023;729,22;191,64
21-aug-2023;729,65;191,27
18-aug-2023;727,72;191,52
17-aug-2023;718,16;191,52
16-aug-2023;710,3;191,52
15-aug-2023;713,38;191,52
14-aug-2023;708,55;191,16
11-aug-2023;706,53;189,91
10-aug-2023;706,48;189,55
09-aug-2023;705;189,91
08-aug-2023;705,09;189,91
07-aug-2023;706,39;192,96
04-aug-2023;695,21;191,13
03-aug-2023;691,29;191,97
02-aug-2023;688,55;191,97
01-aug-2023;688,34;191,61
31-iul-2023;687,14;191,97
28-iul-2023;679,54;192,08
27-iul-2023;677,81;190,25
26-iul-2023;677,61;189,89
25-iul-2023;677,22;191,13
24-iul-2023;680,94;190,17
21-iul-2023;682,7;191,13
20-iul-2023;678,05;191,02
19-iul-2023;672,01;190,90
18-iul-2023;670,59;190,67
17-iul-2023;672,04;190,90
14-iul-2023;671,96;190,65
13-iul-2023;671,89;190,92
12-iul-2023;673,26;191,02
11-iul-2023;672,53;191,02
10-iul-2023;671,48;189,54
07-iul-2023;672,49;191,89
06-iul-2023;671,91;192,01
05-iul-2023;673,73;192,01
04-iul-2023;671,17;192,26
03-iul-2023;668,79;192,37
30-iun-2023;669,9;192,37
29-iun-2023;668,81;191,33
28-iun-2023;669,07;191,22
27-iun-2023;670,14;191,70
26-iun-2023;675,67;191,22
23-iun-2023;678,45;191,16
22-iun-2023;675,16;191,16
21-iun-2023;677,81;190,93
20-iun-2023;675,16;191,04
19-iun-2023;685,44;190,66
16-iun-2023;684,87;190,89
15-iun-2023;686,69;190,55
14-iun-2023;685,11;190,08
13-iun-2023;690,42;190,46
12-iun-2023;684,63;190,33
09-iun-2023;683,34;190,33
08-iun-2023;686,3;190,33
07-iun-2023;681,64;190,21
06-iun-2023;680,23;190,43
05-iun-2023;683,65;190,43
02-iun-2023;673,67;190,18
01-iun-2023;672,12;190,18
31-mai-2023;666,63;190,18
30-mai-2023;666,25;189,84
29-mai-2023;660,77;189,84
26-mai-2023;663,38;188,40
25-mai-2023;664,02;189,22
23-mai-2023;661,82;190,24
22-mai-2023;656,47;189,75
19-mai-2023;657;189,52
18-mai-2023;641,72;189,63
17-mai-2023;638,54;189,16
16-mai-2023;638,18;189,16
15-mai-2023;635,39;189,74
12-mai-2023;629,36;189,97
11-mai-2023;631,43;190,33
10-mai-2023;621,67;190,21
09-mai-2023;617,95;189,64
05-mai-2023;613,91;189,06
04-mai-2023;613,72;188,47
03-mai-2023;611,81;189,05
02-mai-2023;609,55;189,93
28-apr-2023;607,01;190,62
27-apr-2023;603,87;188,91
26-apr-2023;609,4;188,10
25-apr-2023;610,08;188,94
24-apr-2023;607,36;189,52
21-apr-2023;608,95;189,17
20-apr-2023;611,4;188,48
19-apr-2023;616,31;188,25
18-apr-2023;617,6;189,28
13-apr-2023;615,55;189,28
12-apr-2023;611,57;189,63
11-apr-2023;612,84;189,52
06-apr-2023;611,07;189,40
05-apr-2023;610,43;188,59
04-apr-2023;611,31;188,36
03-apr-2023;610,93;188,25
31-mar-2023;610,79;187,97
30-mar-2023;606,66;187,28
29-mar-2023;605,26;187,05
28-mar-2023;601,64;184,75
27-mar-2023;604,98;184,04
24-mar-2023;601,32;184,50
23-mar-2023;602,79;184,50
22-mar-2023;607,58;187,04
21-mar-2023;602,69;187,38
20-mar-2023;595,64;187,27
17-mar-2023;606,59;187,18
16-mar-2023;624,38;188,79
15-mar-2023;621,93;188,44
14-mar-2023;627,46;188,56
13-mar-2023;625,09;188,08
10-mar-2023;632,75;187,74
09-mar-2023;632,84;186,92
08-mar-2023;631,96;188,44
07-mar-2023;627,17;187,62
06-mar-2023;629,17;187,51
02-mar-2023;624,35;186,58
01-mar-2023;622,05;186,34
28-feb-2023;628,85;186,58
27-feb-2023;626,3;186,69
24-feb-2023;619,02;186,93
23-feb-2023;617,55;186,43
22-feb-2023;616,37;187,02
21-feb-2023;614,14;186,67
20-feb-2023;610,49;186,67
17-feb-2023;607,3;186,32
16-feb-2023;605,89;186,07
15-feb-2023;607,59;187,01
14-feb-2023;609,91;186,89
13-feb-2023;612,35;187,47
10-feb-2023;614,8;187,47
09-feb-2023;613,4;186,78
08-feb-2023;612,71;185,83
07-feb-2023;611,42;186,89
06-feb-2023;612;186,89
03-feb-2023;611,28;187,24
02-feb-2023;612,56;187,13
01-feb-2023;615,1;188,54
31-ian-2023;614,89;188,06
30-ian-2023;614,77;186,56
27-ian-2023;614,04;186,31
26-ian-2023;616,38;186,20
25-ian-2023;614,45;187,01
24-ian-2023;615,34;186,66
23-ian-2023;615,55;186,19
20-ian-2023;617,74;186,43
19-ian-2023;613,9;185,71
18-ian-2023;613,54;185,49
17-ian-2023;616,48;185,49
16-ian-2023;619,61;186,30
13-ian-2023;623,26;186,70
12-ian-2023;617,62;186,12
11-ian-2023;620,09;186,94
10-ian-2023;617,38;186,94
09-ian-2023;607,4;185,41
06-ian-2023;604,72;185,27
05-ian-2023;605,13;184,93
04-ian-2023;603,42;183,75
03-ian-2023;602,39;183,29
30-dec-2022;601,49;183,17
29-dec-2022;602,86;184,56
23-dec-2022;602,95;184,14
22-dec-2022;601,42;183,75
21-dec-2022;600,68;184,56
20-dec-2022;597,75;182,16
19-dec-2022;597,75;181,38
16-dec-2022;601,38;182,30
15-dec-2022;602,48;182,30
14-dec-2022;602,85;181,59
13-dec-2022;601,58;181,03
12-dec-2022;602,55;181,93
09-dec-2022;603,83;184,42
08-dec-2022;602,4;184,73
07-dec-2022;606,11;184,61
06-dec-2022;606,62;182,16
05-dec-2022;602,61;181,92
02-dec-2022;605,43;182,04
01-dec-2022;601,8;181,73
30-nov-2022;603,44;181,78
29-nov-2022;598,64;181,85
28-nov-2022;596,62;181,86
25-nov-2022;595,75;181,39
24-nov-2022;593,1;179,44
23-nov-2022;591,7;178,88
22-nov-2022;594,39;179,00
21-nov-2022;592,14;178,63
18-nov-2022;593,22;179,40
17-nov-2022;588,89;178,84
16-nov-2022;592,18;179,14
15-nov-2022;595,14;179,33
14-nov-2022;598,51;180,09
11-nov-2022;596,43;179,65
10-nov-2022;602,26;180,17
09-nov-2022;597,45;178,99
08-nov-2022;594,11;177,81
07-nov-2022;592,98;178,18
04-nov-2022;593,87;177,68
03-nov-2022;593,83;177,49
02-nov-2022;590,91;177,74
01-nov-2022;590,21;177,00
31-oct-2022;589,52;177,21
28-oct-2022;587,8;177,12
27-oct-2022;585,75;176,55
26-oct-2022;582,75;176,20
25-oct-2022;580,42;177,40
24-oct-2022;580,18;176,96
21-oct-2022;579,43;177,34
20-oct-2022;579,85;177,99
19-oct-2022;579,58;178,05
18-oct-2022;579,88;178,30
17-oct-2022;577,48;177,61
14-oct-2022;581,7;177,32
13-oct-2022;580,37;176,27
12-oct-2022;582,72;176,59
11-oct-2022;583,11;176,84
10-oct-2022;583,83;177,22
07-oct-2022;581,69;176,84
06-oct-2022;582,54;178,14
05-oct-2022;582,1;178,14
04-oct-2022;583,54;178,12
03-oct-2022;570,94;176,06
30-sept-2022;587,15;178,28
29-sept-2022;585,29;179,16
28-sept-2022;590,37;180,04
27-sept-2022;591,63;179,10
26-sept-2022;591,74;178,57
23-sept-2022;589,13;180,45
21-sept-2022;599,98;181,76
20-sept-2022;601,6;181,45
19-sept-2022;606,48;181,89
16-sept-2022;603,74;182,64
15-sept-2022;605,1;181,70
14-sept-2022;611,62;181,94
13-sept-2022;613,73;183,51
12-sept-2022;612,22;182,83
09-sept-2022;605,2;182,69
08-sept-2022;606,67;182,57
07-sept-2022;607,46;182,45
05-sept-2022;609,6;182,76
02-sept-2022;611,09;183,33
01-sept-2022;615,79;183,27
31-aug-2022;612,34;183,58
30-aug-2022;612,1;183,88
29-aug-2022;606,98;183,20
26-aug-2022;607,75;183,38
25-aug-2022;607,32;182,64
24-aug-2022;617,07;184,32
23-aug-2022;613,28;183,32
22-aug-2022;610,75;183,38
19-aug-2022;614,47;184,32
18-aug-2022;613,9;184,01
17-aug-2022;613,36;185,70
16-aug-2022;614,64;184,54
15-aug-2022;622,29;185,36
12-aug-2022;619,18;185,24
11-aug-2022;614,74;185,29
10-aug-2022;617,13;185,17
09-aug-2022;610,45;185,17
08-aug-2022;607,91;185,10
05-aug-2022;608,44;185,98
04-aug-2022;606,93;185,98
03-aug-2022;599,85;184,79
02-aug-2022;596,54;184,79
01-aug-2022;602,07;184,40
29-iul-2022;599,72;184,01
28-iul-2022;602,48;186,44
27-iul-2022;604,98;185,32
26-iul-2022;605,85;184,96
25-iul-2022;597,74;185,52
22-iul-2022;600,63;185,21
21-iul-2022;608,83;185,39
20-iul-2022;609,59;187,67
19-iul-2022;602,58;187,97
18-iul-2022;607,38;188,53
15-iul-2022;606,89;188,16
14-iul-2022;607,3;186,62
13-iul-2022;598,12;184,42
12-iul-2022;606,68;187,47
11-iul-2022;609,69;186,67
08-iul-2022;615,09;184,39
07-iul-2022;610,96;183,16
06-iul-2022;612,33;183,47
05-iul-2022;610,1;182,54
04-iul-2022;609,24;183,16
01-iul-2022;609,99;180,27
30-iun-2022;613,21;181,38
29-iun-2022;612,5;180,06
28-iun-2022;611,48;179,02
27-iun-2022;613,67;179,09
24-iun-2022;614,28;178,48
23-iun-2022;606,43;178,23
22-iun-2022;611,79;178,66
21-iun-2022;616,25;179,13
20-iun-2022;612,77;178,58
17-iun-2022;612,79;178,76
16-iun-2022;611,73;178,94
15-iun-2022;611,68;179,20
14-iun-2022;611,38;179,08
13-iun-2022;615,09;178,28
10-iun-2022;620,06;179,22
09-iun-2022;620,31;179,56
08-iun-2022;621,86;183,82
07-iun-2022;618,57;181,86
06-iun-2022;614,45;182,13
03-iun-2022;615,66;180,49
02-iun-2022;618,54;180,17
01-iun-2022;621,96;181,56
31-mai-2022;617,97;181,14
30-mai-2022;612,92;180,83
27-mai-2022;613,62;180,91
26-mai-2022;610,42;180,23
25-mai-2022;608,21;181,24
23-mai-2022;614,46;181,58
20-mai-2022;618,69;181,64
19-mai-2022;613,99;181,20
18-mai-2022;616,05;181,88
17-mai-2022;609,43;181,99
16-mai-2022;600,7;181,09
13-mai-2022;599,63;180,64
12-mai-2022;601,82;180,74
11-mai-2022;608,08;180,52
10-mai-2022;600,53;179,84
09-mai-2022;603,95;180,29
05-mai-2022;605,42;180,52
04-mai-2022;602,52;180,30
03-mai-2022;603,39;180,19
29-apr-2022;619,03;180,41
28-apr-2022;610,55;179,41
27-apr-2022;613,46;179,36
26-apr-2022;630,27;180,04
21-apr-2022;635,25;178,82
20-apr-2022;636,79;179,27
19-apr-2022;637,08;179,16
14-apr-2022;634,32;178,70
13-apr-2022;631,06;178,01
12-apr-2022;622,7;178,00
11-apr-2022;621,02;178,23
08-apr-2022;627,55;177,22
07-apr-2022;623,7;175,98
06-apr-2022;627,01;175,53
05-apr-2022;636,04;176,09
04-apr-2022;636,2;175,52
01-apr-2022;635,1;175,98
31-mar-2022;626,76;175,04
30-mar-2022;623,2;174,04
29-mar-2022;618,66;172,42
28-mar-2022;610,83;170,68
25-mar-2022;610,52;171,52
24-mar-2022;597,23;170,94
23-mar-2022;600,73;171,50
22-mar-2022;597,16;171,33
21-mar-2022;598,03;171,64
18-mar-2022;601,96;171,19
17-mar-2022;596,56;170,91
16-mar-2022;589,67;170,69
15-mar-2022;590,38;171,23
14-mar-2022;589,73;169,18
11-mar-2022;579,31;167,86
10-mar-2022;570,49;165,49
09-mar-2022;576,23;165,51
08-mar-2022;547,27;164,80
07-mar-2022;538,96;165,07
04-mar-2022;574,42;165,25
02-mar-2022;587,48;165,56
01-mar-2022;592,93;165,76
28-feb-2022;595,22;165,03
25-feb-2022;607,24;166,02
24-feb-2022;595,89;164,87
23-feb-2022;607,44;166,03
22-feb-2022;615,11;166,30
21-feb-2022;621,37;166,32
18-feb-2022;624,08;166,09
17-feb-2022;623,99;165,78
16-feb-2022;623,39;165,85
15-feb-2022;621,02;165,49
14-feb-2022;622,07;166,59
11-feb-2022;622,52;164,49
10-feb-2022;623,15;164,38
09-feb-2022;629,29;164,79
08-feb-2022;629,25;165,38
07-feb-2022;630;165,31
04-feb-2022;626,52;165,10
03-feb-2022;625,36;165,02
02-feb-2022;625,53;165,59
01-feb-2022;620,33;165,48
31-ian-2022;618,53;166,69
28-ian-2022;614,44;166,20
27-ian-2022;611,71;166,62
26-ian-2022;610,9;166,44
25-ian-2022;613,72;165,77
24-ian-2022;609,94;166,23
21-ian-2022;627,18;167,25
20-ian-2022;634,56;168,15
19-ian-2022;631,58;167,53
18-ian-2022;639,36;167,95
17-ian-2022;646,14;168,02
14-ian-2022;643,66;167,33
13-ian-2022;648,19;164,73
12-ian-2022;647,06;161,80
11-ian-2022;650,71;162,13
10-ian-2022;648,57;161,73
07-ian-2022;647,18;161,01
06-ian-2022;646,97;161,67
05-ian-2022;643,67;161,78
04-ian-2022;634,82;161,55
30-dec-2021;635,68;163,98
29-dec-2021;641,24;165,04
23-dec-2021;633,31;164,36
22-dec-2021;631,27;163,79
21-dec-2021;635,57;163,79
20-dec-2021;631,87;163,61
17-dec-2021;619,55;162,79
16-dec-2021;622,32;162,67
15-dec-2021;608,28;162,54
14-dec-2021;607,97;163,49
13-dec-2021;609,48;164,01
10-dec-2021;613,34;164,30
09-dec-2021;620,39;164,30
08-dec-2021;621,73;164,30
07-dec-2021;627,19;164,63
06-dec-2021;624,64;164,34
03-dec-2021;624,54;164,93
02-dec-2021;619,87;165,37
01-dec-2021;616,8;165,04
30-nov-2021;622,72;165,81
29-nov-2021;622,22;165,81
26-nov-2021;618,47;165,81
25-nov-2021;627,19;165,99
24-nov-2021;621,07;165,90
23-nov-2021;623,78;166,20
22-nov-2021;621,35;165,70
19-nov-2021;612,08;164,69
18-nov-2021;604,52;166,14
17-nov-2021;608,61;166,11
16-nov-2021;611,23;166,53
15-nov-2021;606,08;166,41
12-nov-2021;608,55;165,47
11-nov-2021;602,87;165,02
10-nov-2021;603,7;164,68
09-nov-2021;598,77;164,91
08-nov-2021;601,44;164,61
05-nov-2021;603,84;164,71
04-nov-2021;599,69;164,26
03-nov-2021;598,86;163,68
02-nov-2021;590,22;163,06
01-nov-2021;583,28;163,23
29-oct-2021;583,95;163,11
28-oct-2021;577,36;160,50
27-oct-2021;575,61;160,44
26-oct-2021;571,9;160,37
25-oct-2021;571,66;158,40
22-oct-2021;574,78;158,40
21-oct-2021;576,1;158,59
20-oct-2021;572,66;160,57
19-oct-2021;581,18;160,57
18-oct-2021;578,72;160,70
15-oct-2021;574,94;160,45
14-oct-2021;572,99;161,64
13-oct-2021;572,57;161,39
12-oct-2021;569,25;161,39
11-oct-2021;570,64;160,52
08-oct-2021;571,93;160,23
07-oct-2021;566,84;159,94
06-oct-2021;573,06;160,38
05-oct-2021;573,55;160,90
04-oct-2021;570,68;161,76
01-oct-2021;581,79;161,54
30-sept-2021;585,36;162,20
29-sept-2021;580,76;161,70
28-sept-2021;570,1;160,76
27-sept-2021;571,8;160,65
24-sept-2021;564,03;161,58
23-sept-2021;561,58;161,69
21-sept-2021;560,72;162,26
20-sept-2021;553,69;161,62
17-sept-2021;556,43;161,11
16-sept-2021;561,86;162,18
15-sept-2021;566,9;163,71
14-sept-2021;566,07;163,33
13-sept-2021;565,83;163,43
10-sept-2021;563,08;163,48
09-sept-2021;566,12;163,42
08-sept-2021;565,43;163,13
07-sept-2021;565,4;163,13
03-sept-2021;560,71;161,39
02-sept-2021;562,77;163,73
01-sept-2021;565,11;163,55
31-aug-2021;566,1;164,37
30-aug-2021;572,52;164,88
27-aug-2021;569,8;164,75
26-aug-2021;571,59;164,53
25-aug-2021;570,68;164,55
24-aug-2021;573,39;164,11
23-aug-2021;565,93;164,21
20-aug-2021;572,43;164,61
19-aug-2021;575,55;164,64
18-aug-2021;579,67;165,49
17-aug-2021;571,9;165,02
16-aug-2021;583,37;165,02
13-aug-2021;582,59;165,33
12-aug-2021;583,64;164,98
11-aug-2021;579,5;164,82
10-aug-2021;579,99;164,48
09-aug-2021;580,86;164,35
06-aug-2021;580,27;164,22
05-aug-2021;578,38;163,84
04-aug-2021;573,39;164,22
03-aug-2021;575,63;163,72
02-aug-2021;572,65;162,74
30-iul-2021;570,44;162,35
29-iul-2021;570,87;161,24
28-iul-2021;572,22;160,81
27-iul-2021;563,76;159,24
26-iul-2021;568,39;158,93
23-iul-2021;564,77;157,52
22-iul-2021;559,95;156,88
21-iul-2021;563,18;157,51
20-iul-2021;563,86;157,42
19-iul-2021;563,26;157,59
16-iul-2021;566,04;157,90
15-iul-2021;564,18;157,65
14-iul-2021;563,4;157,59
13-iul-2021;565,86;157,08
12-iul-2021;563,91;156,29
09-iul-2021;561,27;155,65
08-iul-2021;555,09;155,30
07-iul-2021;553,86;155,47
06-iul-2021;548,43;154,87
05-iul-2021;552,02;155,55
02-iul-2021;550,76;155,60
01-iul-2021;555,62;154,26
30-iun-2021;557,69;154,04
29-iun-2021;550,36;153,08
28-iun-2021;556,14;154,60
25-iun-2021;556,03;154,22
24-iun-2021;554,54;153,33
23-iun-2021;550,18;153,82
22-iun-2021;550,21;154,27
21-iun-2021;557,84;153,76
18-iun-2021;551,89;153,48
17-iun-2021;550,74;153,33
16-iun-2021;548;153,05
15-iun-2021;547,41;152,88
14-iun-2021;544,7;152,57
11-iun-2021;542,48;152,88
10-iun-2021;541,56;151,72
09-iun-2021;538,12;152,01
08-iun-2021;535,17;151,72
07-iun-2021;536,2;151,64
04-iun-2021;540,64;151,50
03-iun-2021;541,27;151,37
02-iun-2021;534,77;151,72
01-iun-2021;529,62;151,57
31-mai-2021;527,61;151,21
28-mai-2021;528,59;151,72
27-mai-2021;531,57;152,19
26-mai-2021;531,89;151,46
25-mai-2021;532,52;151,18
21-mai-2021;534,08;151,60
20-mai-2021;524,43;151,97
19-mai-2021;524,5;151,88
18-mai-2021;519,93;150,83
17-mai-2021;520,95;150,78
14-mai-2021;522,39;151,32
13-mai-2021;519,91;150,01
12-mai-2021;517,68;149,46
11-mai-2021;515,34;147,24
10-mai-2021;519,87;147,53
07-mai-2021;518,05;146,88
05-mai-2021;522,74;146,95
29-apr-2021;522,39;146,81
28-apr-2021;523,94;146,80
27-apr-2021;522,41;146,64
26-apr-2021;519,88;145,35
23-apr-2021;519,93;145,67
22-apr-2021;519,18;145,70
21-apr-2021;521,7;145,23
20-apr-2021;521,54;145,53
19-apr-2021;520,57;144,92
16-apr-2021;513,66;144,92
15-apr-2021;514,3;144,43
14-apr-2021;506,32;143,95
13-apr-2021;506,5;143,81
12-apr-2021;507,86;143,86
09-apr-2021;504,28;143,73
08-apr-2021;508,66;143,46
07-apr-2021;503,78;145,28
06-apr-2021;501,51;145,56
01-apr-2021;499,98;146,54
31-mar-2021;502,28;147,43
30-mar-2021;500,02;147,73
29-mar-2021;500,24;147,04
26-mar-2021;499,91;146,48
25-mar-2021;495,55;145,44
24-mar-2021;494,29;145,74
23-mar-2021;492,68;145,42
22-mar-2021;490,36;144,50
19-mar-2021;491,03;144,53
18-mar-2021;493,48;144,68
17-mar-2021;493,84;144,68
16-mar-2021;491,55;145,16
15-mar-2021;488,47;144,85
12-mar-2021;491,26;145,16
11-mar-2021;492,44;145,32
10-mar-2021;487,49;145,01
09-mar-2021;488,05;145,68
08-mar-2021;494,08;145,01
05-mar-2021;493,78;145,67
04-mar-2021;495,18;145,34
02-mar-2021;498,53;145,67
01-mar-2021;502,34;145,59
26-feb-2021;495,58;143,15
25-feb-2021;497,92;144,23
24-feb-2021;498,02;144,39
23-feb-2021;497,65;143,92
22-feb-2021;498,45;144,23
19-feb-2021;501,36;144,23
18-feb-2021;500,53;143,70
17-feb-2021;499,76;144,01
16-feb-2021;499,09;143,85
15-feb-2021;494,79;144,01
12-feb-2021;496,75;143,87
11-feb-2021;491,21;144,18
10-feb-2021;494,34;142,42
09-feb-2021;496,3;143,56
08-feb-2021;494,39;143,56
05-feb-2021;494,51;143,87
04-feb-2021;498,34;143,72
03-feb-2021;502,5;143,57
02-feb-2021;500,3;143,74
01-feb-2021;497,38;143,08
29-ian-2021;499,38;143,08
28-ian-2021;498,9;141,95
27-ian-2021;506,98;144,05
26-ian-2021;504,69;143,72
25-ian-2021;503,37;144,06
22-ian-2021;502,3;142,44
21-ian-2021;499,85;141,32
20-ian-2021;488,73;140,34
19-ian-2021;476,94;140,19
18-ian-2021;470,35;139,72
15-ian-2021;465,71;139,57
14-ian-2021;457,4;138,78
13-ian-2021;454,77;138,31
12-ian-2021;452,5;137,53
11-ian-2021;453,92;137,67
08-ian-2021;451,31;137,84
07-ian-2021;449,88;137,52
06-ian-2021;447,45;137,04
05-ian-2021;449,47;137,22
04-ian-2021;446,94;137,22
30-dec-2020;447,53;137,69
29-dec-2020;446,79;136,99
23-dec-2020;444,67;136,99
22-dec-2020;443,12;136,83
21-dec-2020;441,78;136,46
18-dec-2020;442,3;136,14
17-dec-2020;439,59;136,14
16-dec-2020;439,89;136,14
15-dec-2020;437,68;135,97
14-dec-2020;438,26;135,80
11-dec-2020;438,45;135,65
10-dec-2020;436,78;135,97
09-dec-2020;437,44;135,63
08-dec-2020;435,29;135,63
07-dec-2020;433,18;135,65
04-dec-2020;429,25;135,16
03-dec-2020;426,91;135,17
02-dec-2020;427,28;134,86
01-dec-2020;427,87;135,19
30-nov-2020;423,33;135,19
27-nov-2020;425,7;134,34
26-nov-2020;424,62;131,35
25-nov-2020;422,39;130,77
24-nov-2020;424,87;131,76
23-nov-2020;424,42;131,77
20-nov-2020;426,4;131,48
19-nov-2020;422,86;131,94
18-nov-2020;425,66;131,12
17-nov-2020;425,65;130,83
16-nov-2020;422,84;130,83
13-nov-2020;425,62;132,15
12-nov-2020;428,07;133,10
11-nov-2020;428,63;134,57
10-nov-2020;428,62;134,23
09-nov-2020;425,96;133,62
06-nov-2020;424,94;132,56
05-nov-2020;425,91;133,20
04-nov-2020;427,69;135,54
03-nov-2020;427,36;134,90
02-nov-2020;429,38;134,86
30-oct-2020;427,94;134,86
29-oct-2020;424,09;135,06
28-oct-2020;423,69;134,77
27-oct-2020;426,4;135,75
26-oct-2020;429,72;136,05
23-oct-2020;427,07;136,00
22-oct-2020;429,66;136,15
21-oct-2020;428;136,32
20-oct-2020;428,07;136,35
19-oct-2020;428,97;136,83
16-oct-2020;429,83;136,34
15-oct-2020;425,35;136,52
14-oct-2020;425,96;135,50
13-oct-2020;424,46;135,04
12-oct-2020;425,93;135,90
09-oct-2020;423,27;136,05
08-oct-2020;421,65;135,30
07-oct-2020;422;135,15
06-oct-2020;422,19;135,30
05-oct-2020;421,91;135,30
02-oct-2020;420,33;135,15
01-oct-2020;425,63;135,15
30-sept-2020;427,55;135,30
29-sept-2020;426,9;134,84
28-sept-2020;426,43;134,84
25-sept-2020;422,58;134,37
24-sept-2020;425,21;134,37
23-sept-2020;425,11;134,34
21-sept-2020;423,59;133,53
18-sept-2020;424,97;133,84
17-sept-2020;429,6;134,13
16-sept-2020;429,81;134,13
15-sept-2020;430,66;133,36
14-sept-2020;430,91;133,23
11-sept-2020;431,95;133,11
10-sept-2020;430,51;132,66
09-sept-2020;435,07;133,40
08-sept-2020;434,26;132,37
04-sept-2020;435,11;133,26
03-sept-2020;434,77;133,26
02-sept-2020;431,75;133,54
01-sept-2020;430,87;133,83
31-aug-2020;434,21;134,43
28-aug-2020;432,51;135,65
27-aug-2020;430,86;135,04
26-aug-2020;437,61;135,47
25-aug-2020;433,71;135,33
24-aug-2020;435,17;135,41
21-aug-2020;435,14;135,69
20-aug-2020;435,81;135,83
19-aug-2020;434,46;135,15
18-aug-2020;433,44;133,42
17-aug-2020;433,61;132,97
14-aug-2020;433,21;133,00
13-aug-2020;435,61;131,69
12-aug-2020;435,59;131,40
11-aug-2020;435,62;131,26
10-aug-2020;431,99;130,66
07-aug-2020;430,87;130,81
06-aug-2020;433,08;130,09
05-aug-2020;434,56;130,81
04-aug-2020;436,91;130,80
03-aug-2020;436,59;130,80
31-iul-2020;436,45;130,66
30-iul-2020;439,6;131,09
29-iul-2020;438,16;131,67
28-iul-2020;438,22;131,30
27-iul-2020;439,88;131,16
24-iul-2020;440,18;131,44
23-iul-2020;440,63;131,30
22-iul-2020;439,71;131,30
21-iul-2020;441,46;131,30
20-iul-2020;442,02;131,44
17-iul-2020;442,27;131,30
16-iul-2020;444,77;131,30
15-iul-2020;442,17;130,89
14-iul-2020;441,32;131,13
13-iul-2020;443,73;131,13
10-iul-2020;444,23;130,99
09-iul-2020;445,52;131,13
08-iul-2020;448,19;131,27
07-iul-2020;446,22;131,27
06-iul-2020;447,12;131,63
03-iul-2020;449,82;132,67
02-iul-2020;452,52;132,81
01-iul-2020;453,03;132,95
30-iun-2020;453,26;132,53
29-iun-2020;453,92;133,53
26-iun-2020;455,15;133,82
25-iun-2020;456,02;133,38
24-iun-2020;455,24;132,94
23-iun-2020;455,12;132,52
22-iun-2020;457,22;132,52
19-iun-2020;459,87;133,48
18-iun-2020;459,09;133,48
17-iun-2020;459,46;133,86
16-iun-2020;457,53;133,29
15-iun-2020;458,81;132,97
12-iun-2020;456,39;132,51
11-iun-2020;452,47;133,57
10-iun-2020;462,28;133,73
09-iun-2020;465,68;133,57
08-iun-2020;465,84;134,00
05-iun-2020;467,21;134,02
04-iun-2020;462,1;133,56
03-iun-2020;458,87;133,57
02-iun-2020;461,03;134,20
01-iun-2020;461,06;134,28
29-mai-2020;452,71;133,45
28-mai-2020;453,76;133,14
27-mai-2020;452,92;133,28
26-mai-2020;451,56;133,43
22-mai-2020;450,22;133,43
21-mai-2020;449,56;133,28
20-mai-2020;449,45;133,87
19-mai-2020;451,33;133,43
18-mai-2020;449,75;133,29
15-mai-2020;450,13;133,27
14-mai-2020;449,51;133,27
13-mai-2020;452,98;133,71
12-mai-2020;451,78;133,71
11-mai-2020;449,77;133,54
08-mai-2020;448,82;134,00
07-mai-2020;446,95;133,42
05-mai-2020;448,37;133,57
04-mai-2020;447,74;133,40
30-apr-2020;447,45;132,94
29-apr-2020;449,39;132,65
28-apr-2020;447,7;131,36
27-apr-2020;445,33;131,20
24-apr-2020;448,61;129,13
23-apr-2020;442,63;128,99
22-apr-2020;435,38;128,99
21-apr-2020;429,12;128,36
16-apr-2020;447,27;128,67
15-apr-2020;453,2;129,12
14-apr-2020;459,55;130,14
09-apr-2020;445,43;129,06
08-apr-2020;435,55;127,16
07-apr-2020;433,39;126,87
06-apr-2020;427,78;126,16
03-apr-2020;423,34;125,54
02-apr-2020;421,69;125,68
01-apr-2020;417,64;125,22
31-mar-2020;419,35;125,07
30-mar-2020;420,07;125,60
27-mar-2020;421,68;125,15
26-mar-2020;423,07;125,23
25-mar-2020;426,13;126,27
24-mar-2020;418,88;125,99
23-mar-2020;406,9;124,30
20-mar-2020;413,03;125,41
19-mar-2020;405,8;126,26
18-mar-2020;416,39;126,80
17-mar-2020;422,4;127,38
16-mar-2020;423,96;125,71
13-mar-2020;447,95;129,50
12-mar-2020;457,61;128,90
11-mar-2020;495,12;130,83
10-mar-2020;494,81;131,50
09-mar-2020;475,63;133,25
06-mar-2020;529,93;136,17
05-mar-2020;536,4;136,25
04-mar-2020;543,21;136,25
02-mar-2020;546,75;136,63
28-feb-2020;550,25;136,39
27-feb-2020;548,71;134,79
26-feb-2020;546,39;134,22
25-feb-2020;545,01;133,79
24-feb-2020;550,44;133,42
21-feb-2020;552,24;134,37
20-feb-2020;548,03;133,66
19-feb-2020;548,91;133,50
18-feb-2020;550,97;133,14
17-feb-2020;560,47;134,14
14-feb-2020;558,7;133,59
13-feb-2020;563,46;133,87
12-feb-2020;568,67;133,94
11-feb-2020;570,67;133,42
10-feb-2020;570,42;134,20
07-feb-2020;569,62;134,19
06-feb-2020;570,05;134,36
05-feb-2020;570,36;134,40
04-feb-2020;575,15;134,40
03-feb-2020;573,96;134,07
31-ian-2020;575,87;133,73
30-ian-2020;574,27;134,03
29-ian-2020;576,51;134,85
28-ian-2020;578,05;134,62
27-ian-2020;579,49;134,14
24-ian-2020;582,81;135,10
23-ian-2020;583,41;134,52
22-ian-2020;584,9;135,10
21-ian-2020;585,28;134,83
20-ian-2020;585,73;134,54
17-ian-2020;580,1;134,45
16-ian-2020;581,81;133,78
15-ian-2020;581,34;133,50
14-ian-2020;580,1;132,94
13-ian-2020;578,16;133,47
10-ian-2020;579,24;132,94
09-ian-2020;577,72;132,56
08-ian-2020;575,75;132,37
07-ian-2020;566,17;131,27
06-ian-2020;570,65;131,20
03-ian-2020;568,6;131,20
02-ian-2020;568,25;131,08
30-dec-2019;568,14;130,03
27-dec-2019;561,73;130,32
23-dec-2019;562,96;130,51
20-dec-2019;548,24;130,44
19-dec-2019;555,23;130,32
18-dec-2019;548,04;129,53
17-dec-2019;541,34;129,19
16-dec-2019;545,85;130,13
13-dec-2019;543,92;130,26
12-dec-2019;543,5;130,14
11-dec-2019;542,96;130,14
10-dec-2019;546,07;130,73
09-dec-2019;547,84;130,85
06-dec-2019;546,61;130,77
05-dec-2019;544,03;130,82
04-dec-2019;543,56;130,79
03-dec-2019;544,24;128,78
02-dec-2019;547,82;129,54
29-nov-2019;546,57;128,71
28-nov-2019;543,36;128,83
27-nov-2019;543,98;128,48
26-nov-2019;545,79;128,22
25-nov-2019;548,62;128,56
22-nov-2019;551,22;129,06
21-nov-2019;550;129,06
20-nov-2019;550,98;129,50
19-nov-2019;554,4;129,68
18-nov-2019;555,77;130,47
15-nov-2019;553,88;129,88
14-nov-2019;558,8;129,56
13-nov-2019;558,73;129,84
12-nov-2019;558,24;130,04
11-nov-2019;557,77;129,17
08-nov-2019;560,59;129,31
07-nov-2019;558,87;129,31
06-nov-2019;557,83;129,38
05-nov-2019;553,06;129,25
04-nov-2019;554,9;129,09
01-nov-2019;554,64;129,66
31-oct-2019;556,84;130,42
30-oct-2019;555,86;126,55
29-oct-2019;556,28;127,67
28-oct-2019;560,16;127,61
25-oct-2019;561,41;127,98
24-oct-2019;561;127,66
23-oct-2019;559,56;127,98
22-oct-2019;564,22;127,77
21-oct-2019;565,19;127,79
18-oct-2019;564,83;127,84
17-oct-2019;563,67;127,90
16-oct-2019;560,07;127,65
15-oct-2019;561,47;127,97
14-oct-2019;561,77;127,67
11-oct-2019;562,11;127,87
10-oct-2019;557,44;127,55
09-oct-2019;559,26;127,29
08-oct-2019;561,05;127,42
07-oct-2019;563,12;127,17
04-oct-2019;563,02;127,11
03-oct-2019;565,9;126,98
02-oct-2019;568,53;127,83
01-oct-2019;569,32;128,08
30-sept-2019;570,58;128,08
27-sept-2019;574,6;127,75
26-sept-2019;573,68;126,74
25-sept-2019;573,64;126,55
24-sept-2019;572,2;126,74
20-sept-2019;572,86;126,61
19-sept-2019;578,99;126,94
18-sept-2019;580,65;126,61
17-sept-2019;578,97;126,35
16-sept-2019;580,02;126,61
13-sept-2019;578,65;126,77
12-sept-2019;578,01;126,77
11-sept-2019;578,22;126,64
10-sept-2019;576,29;126,64
09-sept-2019;573,7;126,77
05-sept-2019;574,17;126,77
04-sept-2019;573,23;126,64
03-sept-2019;571,8;126,77
02-sept-2019;569,92;126,51
30-aug-2019;567,45;126,38
29-aug-2019;570,53;127,16
28-aug-2019;566,45;126,70
27-aug-2019;572,87;126,96
26-aug-2019;574,66;127,22
23-aug-2019;576,43;127,16
22-aug-2019;574,7;127,22
21-aug-2019;579,56;127,22
20-aug-2019;575,65;126,63
19-aug-2019;575,28;126,50
16-aug-2019;575,1;126,50
15-aug-2019;578,64;126,63
14-aug-2019;582,55;126,63
13-aug-2019;582,16;126,70
12-aug-2019;581,9;126,80
09-aug-2019;583,63;126,42
08-aug-2019;583,82;126,61
07-aug-2019;579,12;126,65
06-aug-2019;579,95;126,91
05-aug-2019;581,39;127,17
02-aug-2019;580,08;126,85
01-aug-2019;581,48;126,59
31-iul-2019;580,68;126,85
30-iul-2019;581,48;126,98
29-iul-2019;583,5;126,91
26-iul-2019;584,03;126,53
25-iul-2019;580,6;126,47
24-iul-2019;580,99;126,66
23-iul-2019;579,15;126,79
22-iul-2019;579,47;126,40
19-iul-2019;582,56;126,53
18-iul-2019;577;126,40
17-iul-2019;577,28;126,66
16-iul-2019;578,55;126,79
15-iul-2019;579,84;126,86
12-iul-2019;583,78;127,04
11-iul-2019;583,45;126,91
10-iul-2019;580,64;127,22
09-iul-2019;578,63;126,97
08-iul-2019;582,98;127,27
05-iul-2019;580,7;126,83
04-iul-2019;582,29;126,60
03-iul-2019;581,48;126,28
02-iul-2019;581,74;126,28
01-iul-2019;582,79;126,15
28-iun-2019;587,81;125,83
27-iun-2019;581,94;123,85
26-iun-2019;577,64;123,59
25-iun-2019;575,34;123,34
24-iun-2019;580,11;123,75
21-iun-2019;578,86;123,50
20-iun-2019;577,7;123,05
19-iun-2019;579,98;124,01
18-iun-2019;578,05;123,16
17-iun-2019;577,21;123,16
14-iun-2019;578;122,90
13-iun-2019;578,71;123,47
12-iun-2019;578,63;123,47
11-iun-2019;580,34;123,41
10-iun-2019;581,37;123,12
07-iun-2019;576,48;122,49
06-iun-2019;579,9;122,73
05-iun-2019;577,63;122,49
04-iun-2019;580,11;122,23
03-iun-2019;580,39;121,60
31-mai-2019;582,48;121,54
30-mai-2019;582,14;121,28
29-mai-2019;572,56;121,16
28-mai-2019;571,8;121,34
27-mai-2019;572,37;121,34
23-mai-2019;573,51;121,41
22-mai-2019;572,95;120,78
21-mai-2019;568,83;121,09
20-mai-2019;569,37;120,71
17-mai-2019;568,87;121,79
16-mai-2019;569,12;120,79
15-mai-2019;566,36;120,21
14-mai-2019;563,42;119,59
13-mai-2019;567,25;120,15
10-mai-2019;571,54;120,15
09-mai-2019;568,88;119,71
08-mai-2019;566,97;120,15
07-mai-2019;567,7;119,90
03-mai-2019;571,3;120,51
02-mai-2019;572,12;120,70
30-apr-2019;575,06;120,76
25-apr-2019;573,77;120,29
24-apr-2019;569,65;120,03
23-apr-2019;570,6;120,22
18-apr-2019;575,29;120,76
17-apr-2019;575,51;120,76
16-apr-2019;575,65;120,82
15-apr-2019;575,43;120,82
12-apr-2019;575,13;120,76
11-apr-2019;579,03;120,76
10-apr-2019;583,32;121,26
09-apr-2019;576,58;117,46
08-apr-2019;583,3;118,09
05-apr-2019;580,19;118,09
04-apr-2019;581,07;120,26
03-apr-2019;581,9;120,51
02-apr-2019;579,75;120,82
01-apr-2019;580,9;120,38
29-mar-2019;583,87;120,64
28-mar-2019;574,39;120,20
27-mar-2019;578,77;120,14
26-mar-2019;578,37;120,14
25-mar-2019;582,8;120,14
22-mar-2019;582,34;120,27
21-mar-2019;585,98;120,14
20-mar-2019;588,88;120,12
19-mar-2019;600,4;120,30
18-mar-2019;586,02;120,24
15-mar-2019;583,8;120,39
14-mar-2019;579,5;120,39
13-mar-2019;578,77;120,39
12-mar-2019;578,46;120,51
11-mar-2019;583,73;121,07
08-mar-2019;582,51;121,26
07-mar-2019;584,09;120,89
06-mar-2019;583;120,71
05-mar-2019;582,98;120,53
01-mar-2019;585,06;120,71
28-feb-2019;585,37;120,89
27-feb-2019;588,41;120,72
26-feb-2019;591,07;120,84
25-feb-2019;593,05;121,15
22-feb-2019;582,49;120,90
21-feb-2019;577,94;120,65
20-feb-2019;576,5;121,15
19-feb-2019;578,1;121,21
18-feb-2019;578,33;121,08
15-feb-2019;577,24;120,90
14-feb-2019;580,93;121,02
13-feb-2019;573,94;120,83
12-feb-2019;573,32;120,78
11-feb-2019;573,4;120,71
08-feb-2019;575,17;120,64
07-feb-2019;570,97;120,34
06-feb-2019;574,25;120,58
05-feb-2019;579,06;120,40
04-feb-2019;578,4;120,52
01-feb-2019;583,98;120,65
31-ian-2019;585,76;120,77
30-ian-2019;575,27;120,35
29-ian-2019;573,66;120,34
28-ian-2019;573,51;120,51
25-ian-2019;573,33;120,51
24-ian-2019;573,57;120,21
23-ian-2019;562,86;120,45
22-ian-2019;567,11;119,96
21-ian-2019;567,51;120,33
18-ian-2019;567,05;120,21
17-ian-2019;566,77;119,96
16-ian-2019;563,49;119,84
15-ian-2019;565,56;119,96
14-ian-2019;568,05;120,33
11-ian-2019;567,46;120,46
10-ian-2019;571,18;120,33
09-ian-2019;572,13;120,76
08-ian-2019;577,33;120,95
07-ian-2019;577,15;120,95
04-ian-2019;579,83;120,83
03-ian-2019;585,33;120,94
02-ian-2019;586,12;121,07
28-dec-2018;594,46;121,07
27-dec-2018;589,09;119,50
21-dec-2018;594,85;119,50
20-dec-2018;588,81;118,29
19-dec-2018;589,65;118,34
18-dec-2018;592,12;118,40
17-dec-2018;591,24;119,34
14-dec-2018;589,6;118,03
13-dec-2018;590,47;118,03
12-dec-2018;593,06;117,85
11-dec-2018;593,21;117,91
10-dec-2018;593,16;117,68
07-dec-2018;595,32;117,80
06-dec-2018;592,45;117,80
05-dec-2018;597,25;117,47
04-dec-2018;601,34;117,58
03-dec-2018;599,1;117,69
30-nov-2018;592,12;117,46
29-nov-2018;591,74;116,89
28-nov-2018;584,72;116,60
27-nov-2018;583,19;116,48
26-nov-2018;584,9;117,17
23-nov-2018;588,93;117,35
22-nov-2018;587,87;117,35
21-nov-2018;589,47;117,11
20-nov-2018;586,98;116,75
19-nov-2018;592,68;117,17
16-nov-2018;595,31;117,23
15-nov-2018;595,74;117,35
14-nov-2018;594,78;116,99
13-nov-2018;593,86;117,05
12-nov-2018;596,08;117,23
09-nov-2018;597,76;117,47
08-nov-2018;595;117,47
07-nov-2018;592,62;117,47
06-nov-2018;594,29;117,23
05-nov-2018;596,67;117,11
02-nov-2018;596,8;116,99
01-nov-2018;596,58;117,18
31-oct-2018;596,81;117,23
30-oct-2018;597,44;117,03
29-oct-2018;602,38;117,26
26-oct-2018;599,65;116,45
25-oct-2018;598,78;116,39
24-oct-2018;600,14;116,45
23-oct-2018;597,06;116,45
22-oct-2018;606,95;117,03
19-oct-2018;608,18;117,15
18-oct-2018;608,16;116,80
17-oct-2018;610,26;117,16
16-oct-2018;609,51;117,36
15-oct-2018;610,75;116,94
12-oct-2018;610,4;117,18
11-oct-2018;609,09;117,30
10-oct-2018;617,42;117,88
09-oct-2018;617,13;117,65
08-oct-2018;618,55;117,65
05-oct-2018;623,41;117,61
04-oct-2018;622,52;117,72
03-oct-2018;622,17;117,26
02-oct-2018;628,49;117,90
01-oct-2018;625,74;118,15
28-sept-2018;624,39;117,79
27-sept-2018;623,63;117,16
26-sept-2018;623,1;117,27
25-sept-2018;623,52;117,39
24-sept-2018;623,48;117,04
21-sept-2018;623,48;117,04
20-sept-2018;627,08;117,04
19-sept-2018;627,6;117,15
18-sept-2018;629,86;117,37
17-sept-2018;627,84;116,66
14-sept-2018;629,37;116,88
13-sept-2018;630,02;117,13
12-sept-2018;631,44;117,13
11-sept-2018;632,02;117,06
10-sept-2018;628,8;117,08
07-sept-2018;626,99;117,19
05-sept-2018;628,11;116,86
04-sept-2018;632,77;117,20
03-sept-2018;630,07;117,08
31-aug-2018;631,83;117,08
30-aug-2018;633,96;116,88
29-aug-2018;630,41;116,77
28-aug-2018;630,52;116,78
27-aug-2018;634,77;116,83
24-aug-2018;636,32;116,47
23-aug-2018;634,33;116,50
22-aug-2018;629,47;116,03
21-aug-2018;634,05;116,47
20-aug-2018;634,14;116,72
17-aug-2018;633,62;116,47
16-aug-2018;633,62;115,87
15-aug-2018;631,17;115,63
14-aug-2018;632,5;115,51
13-aug-2018;635,11;115,51
10-aug-2018;639,34;115,63
09-aug-2018;641,76;115,74
08-aug-2018;640,46;115,96
07-aug-2018;640,21;115,96
06-aug-2018;639,4;115,96
03-aug-2018;640,21;116,08
02-aug-2018;639,31;115,96
01-aug-2018;634,68;115,85
31-iul-2018;634,03;115,86
30-iul-2018;627,71;115,86
27-iul-2018;632,31;116,44
26-iul-2018;635,43;116,44
25-iul-2018;636,02;116,44
24-iul-2018;637,18;116,44
23-iul-2018;633,41;115,97
20-iul-2018;632,01;116,54
19-iul-2018;630,55;116,54
18-iul-2018;628,47;116,36
17-iul-2018;624,47;116,49
16-iul-2018;623,85;116,17
13-iul-2018;627,07;116,17
12-iul-2018;627,5;116,06
11-iul-2018;624,94;115,65
10-iul-2018;629,05;115,97
09-iul-2018;628,36;115,99
06-iul-2018;633,69;116,11
05-iul-2018;629,51;115,86
04-iul-2018;630,37;116,21
03-iul-2018;626,53;116,40
02-iul-2018;626,8;115,88
29-iun-2018;634,26;116,21
28-iun-2018;633,13;115,48
27-iun-2018;633,54;115,16
26-iun-2018;631,87;114,87
25-iun-2018;632,4;115,40
22-iun-2018;630,81;115,16
21-iun-2018;631,43;114,65
20-iun-2018;632,27;114,53
19-iun-2018;630,96;114,29
18-iun-2018;630,77;114,16
15-iun-2018;627,9;114,51
14-iun-2018;637,33;114,51
13-iun-2018;634,71;114,51
12-iun-2018;632,33;114,63
11-iun-2018;629,59;114,74
08-iun-2018;631,83;114,74
07-iun-2018;631,71;115,25
06-iun-2018;634,18;115,48
05-iun-2018;633,77;115,59
04-iun-2018;638,33;115,25
01-iun-2018;637,89;115,37
31-mai-2018;636,55;115,47
30-mai-2018;634,25;115,75
29-mai-2018;637,11;115,15
28-mai-2018;639,3;115,49
25-mai-2018;642,09;114,77
23-mai-2018;642,9;114,88
22-mai-2018;644,44;114,77
21-mai-2018;646,24;115,44
18-mai-2018;647,84;115,44
17-mai-2018;649,98;115,11
16-mai-2018;642,57;114,88
15-mai-2018;643,17;115,21
14-mai-2018;644,24;114,87
11-mai-2018;645,51;115,40
10-mai-2018;649,29;115,53
09-mai-2018;652,18;115,40
08-mai-2018;653,01;115,19
04-mai-2018;652,88;114,73
03-mai-2018;658,81;115,41
02-mai-2018;654,28;115,63
30-apr-2018;658,11;115,52
27-apr-2018;658,2;115,53
26-apr-2018;660,38;115,80
25-apr-2018;663,11;115,68
24-apr-2018;659,1;115,52
23-apr-2018;659,1;115,75
20-apr-2018;658,44;114,99
19-apr-2018;662,79;115,80
18-apr-2018;660,45;114,99
17-apr-2018;661,25;115,19
16-apr-2018;662,99;115,21
13-apr-2018;663,22;114,26
12-apr-2018;661,06;114,83
11-apr-2018;660,64;115,15
10-apr-2018;664,75;115,49
05-apr-2018;659,03;116,06
04-apr-2018;654,44;114,92
03-apr-2018;653,14;115,02
29-mar-2018;649,17;114,93
28-mar-2018;654,09;115,38
27-mar-2018;655,25;115,61
26-mar-2018;653,82;115,80
23-mar-2018;661,77;115,92
22-mar-2018;667,67;116,70
21-mar-2018;669,62;116,37
20-mar-2018;660,72;116,00
19-mar-2018;671,8;116,41
16-mar-2018;679,98;116,69
15-mar-2018;679,21;116,69
14-mar-2018;679,68;116,69
13-mar-2018;679,82;116,32
12-mar-2018;681,36;116,73
09-mar-2018;685,86;116,32
08-mar-2018;682,94;116,21
07-mar-2018;687,42;116,52
06-mar-2018;681,67;115,90
05-mar-2018;683,12;115,69
02-mar-2018;683,12;115,69
01-mar-2018;684,74;116,00
28-feb-2018;686,43;116,52
27-feb-2018;687,57;116,36
26-feb-2018;686,16;114,90
23-feb-2018;687,26;114,65
22-feb-2018;687,83;114,86
21-feb-2018;691,71;115,59
20-feb-2018;694,36;114,98
19-feb-2018;692,02;115,71
16-feb-2018;696,4;115,60
15-feb-2018;693,64;115,09
14-feb-2018;697,24;115,20
13-feb-2018;698,05;114,97
12-feb-2018;696,71;114,02
09-feb-2018;693,87;114,19
08-feb-2018;698,71;114,40
07-feb-2018;701,4;114,50
06-feb-2018;690,59;114,50
05-feb-2018;716,12;115,23
02-feb-2018;719,71;115,20
01-feb-2018;711,82;114,58
31-ian-2018;712,73;115,41
30-ian-2018;710,8;116,09
29-ian-2018;709,45;116,20
26-ian-2018;709,62;116,09
25-ian-2018;708,17;116,09
24-ian-2018;706,89;116,20
23-ian-2018;709,28;116,20
22-ian-2018;708,02;116,72
19-ian-2018;711,69;116,95
18-ian-2018;711,2;116,95
17-ian-2018;709,86;116,95
16-ian-2018;715,4;117,16
15-ian-2018;714,31;117,01
12-ian-2018;710,02;116,36
11-ian-2018;702,78;117,19
10-ian-2018;697,93;116,88
09-ian-2018;688,11;116,67
08-ian-2018;688,88;116,67
05-ian-2018;692,24;116,57
04-ian-2018;691,01;116,69
03-ian-2018;685,09;116,27
02-ian-2018;684,71;116,48
29-dec-2017;677,45;116,10
28-dec-2017;675,57;114,96
22-dec-2017;671,84;114,50
21-dec-2017;665,76;114,26
20-dec-2017;663,79;114,32
19-dec-2017;662,8;114,47
18-dec-2017;662,19;114,64
15-dec-2017;664,67;114,49
14-dec-2017;663,57;114,37
13-dec-2017;666,74;114,65
12-dec-2017;666,99;114,76
11-dec-2017;665,47;114,52
08-dec-2017;665,29;114,17
07-dec-2017;665,37;114,30
06-dec-2017;666,31;113,99
05-dec-2017;668,19;113,98
04-dec-2017;669,53;114,10
01-dec-2017;667,02;114,07
30-nov-2017;665,03;113,99
29-nov-2017;667,27;113,76
28-nov-2017;667,39;113,72
27-nov-2017;666,01;113,68
24-nov-2017;667,37;113,62
23-nov-2017;667,91;113,56
22-nov-2017;669,38;113,86
21-nov-2017;669,97;113,80
20-nov-2017;669,14;113,82
17-nov-2017;668,87;113,62
16-nov-2017;668,91;114,05
15-nov-2017;669,04;114,80
14-nov-2017;670,66;115,11
13-nov-2017;669,22;114,49
10-nov-2017;671,78;114,78
09-nov-2017;671,73;115,15
08-nov-2017;672,49;115,10
07-nov-2017;674,34;115,11
06-nov-2017;672,79;115,33
03-nov-2017;675,28;115,45
02-nov-2017;670,13;115,39
01-nov-2017;670,9;115,57
31-oct-2017;671,41;115,88
30-oct-2017;669,99;113,50
27-oct-2017;665,73;113,69
26-oct-2017;655,9;113,64
25-oct-2017;654,37;113,29
24-oct-2017;652,55;113,59
23-oct-2017;667,48;114,49
20-oct-2017;667,82;114,35
19-oct-2017;668,18;114,30
18-oct-2017;670,55;114,77
17-oct-2017;671,11;114,98
16-oct-2017;670,28;115,13
13-oct-2017;669,17;114,99
12-oct-2017;668,31;115,23
11-oct-2017;672,8;115,33
10-oct-2017;676,26;115,66
09-oct-2017;679,41;115,66
06-oct-2017;679,5;115,85
05-oct-2017;672,93;114,60
04-oct-2017;677,35;114,63
03-oct-2017;680,67;114,85
02-oct-2017;687,75;115,34
29-sept-2017;688,11;114,88
28-sept-2017;689,37;115,38
27-sept-2017;684,12;115,39
26-sept-2017;683,35;114,38
25-sept-2017;680,87;114,52
21-sept-2017;678,65;114,34
20-sept-2017;677,65;114,06
19-sept-2017;670,33;113,79
18-sept-2017;669,32;114,31
15-sept-2017;680,83;114,63
14-sept-2017;683,53;114,87
13-sept-2017;689,74;115,19
12-sept-2017;694,58;115,66
11-sept-2017;700,46;115,56
08-sept-2017;705,51;115,71
07-sept-2017;705,87;115,60
05-sept-2017;705,93;116,45
04-sept-2017;705,7;116,16
01-sept-2017;710,31;115,45
31-aug-2017;705,44;115,33
30-aug-2017;706,54;116,26
29-aug-2017;711,13;116,32
28-aug-2017;713,94;117,30
25-aug-2017;714,03;117,35
24-aug-2017;718,44;117,23
23-aug-2017;723,02;117,22
22-aug-2017;719,67;117,67
21-aug-2017;720,71;117,27
18-aug-2017;722,69;117,38
17-aug-2017;729,19;117,69
16-aug-2017;730,9;117,51
15-aug-2017;729,28;117,05
14-aug-2017;727,61;117,97
11-aug-2017;725,48;118,15
10-aug-2017;729,22;118,52
09-aug-2017;727,06;117,66
08-aug-2017;725,79;117,24
07-aug-2017;724,21;117,12
04-aug-2017;720,06;115,99
03-aug-2017;720,14;116,44
02-aug-2017;715,14;114,21
01-aug-2017;713,3;115,12
31-iul-2017;715,21;115,01
28-iul-2017;710,98;115,33
27-iul-2017;711,64;114,49
26-iul-2017;714,59;114,39
25-iul-2017;711,77;114,24
24-iul-2017;712,83;114,30
21-iul-2017;711,93;114,18
20-iul-2017;712,97;114,25
19-iul-2017;710,78;113,97
18-iul-2017;707,1;114,96
17-iul-2017;710,93;115,22
14-iul-2017;713,1;114,21
13-iul-2017;709,48;113,72
12-iul-2017;711,17;113,76
11-iul-2017;708,77;113,89
10-iul-2017;709,26;113,90
07-iul-2017;707,96;114,01
06-iul-2017;711,12;114,17
05-iul-2017;711,42;114,16
04-iul-2017;711,44;114,13
03-iul-2017;705,16;113,15
30-iun-2017;703,46;113,78
29-iun-2017;702,49;113,71
28-iun-2017;702,21;112,31
27-iun-2017;697,12;111,62
26-iun-2017;691,48;111,66
23-iun-2017;687,67;110,93
22-iun-2017;683,59;111,19
21-iun-2017;686,25;111,67
20-iun-2017;687,32;111,13
19-iun-2017;685,96;110,76
16-iun-2017;685,12;110,80
15-iun-2017;683,66;111,33
14-iun-2017;681,81;111,40
13-iun-2017;681,05;111,46
12-iun-2017;681,39;111,21
09-iun-2017;675,83;111,35
08-iun-2017;677,39;109,75
07-iun-2017;681,1;110,15
06-iun-2017;675,82;110,14
05-iun-2017;673,8;110,55
02-iun-2017;670,48;110,42
01-iun-2017;664,08;110,61
31-mai-2017;661,23;111,12
30-mai-2017;659,35;110,91
29-mai-2017;655,51;110,92
26-mai-2017;659,5;110,83
25-mai-2017;658,5;110,97
23-mai-2017;660,74;110,86
22-mai-2017;655;110,46
19-mai-2017;658,8;110,93
18-mai-2017;659,51;110,66
17-mai-2017;661,97;110,04
16-mai-2017;660,87;110,24
15-mai-2017;655,77;110,14
12-mai-2017;654,97;110,36
11-mai-2017;654,25;109,89
10-mai-2017;658,06;109,90
09-mai-2017;659,89;109,98
05-mai-2017;660,81;109,66
04-mai-2017;663,54;109,66
03-mai-2017;664,71;109,23
02-mai-2017;660,53;108,43
28-apr-2017;657,29;108,39
27-apr-2017;649,47;108,09
26-apr-2017;650,75;108,03
25-apr-2017;653,76;108,72
24-apr-2017;657,93;108,75
21-apr-2017;657,97;108,83
20-apr-2017;653,62;109,01
19-apr-2017;658,61;109,27
18-apr-2017;652,89;109,12
13-apr-2017;657,79;108,99
12-apr-2017;656,59;109,11
11-apr-2017;656,45;108,96
10-apr-2017;654,24;108,89
07-apr-2017;658,23;108,84
06-apr-2017;643,93;108,76
05-apr-2017;641,77;108,96
04-apr-2017;636,03;108,73
03-apr-2017;633,13;108,69
31-mar-2017;633,99;108,59
30-mar-2017;633,04;108,78
29-mar-2017;633,34;108,35
28-mar-2017;636,29;108,76
27-mar-2017;638,34;108,82
24-mar-2017;639,63;108,11
23-mar-2017;639,35;108,12
22-mar-2017;639,72;108,19
21-mar-2017;639,32;108,18
20-mar-2017;636,59;108,31
17-mar-2017;634,98;108,56
16-mar-2017;624,31;108,31
15-mar-2017;623,28;108,38
14-mar-2017;619,37;108,40
13-mar-2017;619,46;108,63
10-mar-2017;624,91;108,54
09-mar-2017;621,08;108,57
08-mar-2017;622,47;108,61
07-mar-2017;621,96;107,85
06-mar-2017;615,12;107,86
02-mar-2017;613,07;107,68
01-mar-2017;612,21;107,68
28-feb-2017;611,12;107,83
27-feb-2017;612,48;107,54
24-feb-2017;607,38;107,47
23-feb-2017;606,57;107,72
22-feb-2017;610,35;108,32
21-feb-2017;610,51;108,20
20-feb-2017;608,28;108,31
17-feb-2017;597,01;107,87
16-feb-2017;594,18;107,60
15-feb-2017;593,56;106,80
14-feb-2017;600,74;107,52
13-feb-2017;606,14;107,55
10-feb-2017;604,47;107,55
09-feb-2017;603,14;107,90
08-feb-2017;603,65;107,62
07-feb-2017;604,2;107,44
06-feb-2017;606,45;107,63
03-feb-2017;603,62;107,36
02-feb-2017;598;107,45
01-feb-2017;593,8;107,35
31-ian-2017;602,28;107,34
30-ian-2017;609,65;107,44
27-ian-2017;610,1;107,61
26-ian-2017;611,6;107,59
25-ian-2017;611,33;107,66
24-ian-2017;605,32;107,68
23-ian-2017;605,22;107,58
20-ian-2017;605,2;107,84
19-ian-2017;605,09;108,22
18-ian-2017;606,42;107,81
17-ian-2017;606,46;107,56
16-ian-2017;607,36;107,72
13-ian-2017;602,14;107,49
12-ian-2017;607,33;107,90
11-ian-2017;610,99;107,32
10-ian-2017;609,06;107,07
09-ian-2017;595,74;107,11
06-ian-2017;592;107,28
05-ian-2017;589,61;106,99
04-ian-2017;588,99;107,70
03-ian-2017;587,1;106,93
30-dec-2016;586,43;108,11
29-dec-2016;586,51;106,36
28-dec-2016;585,56;106,38
27-dec-2016;583,31;105,92
23-dec-2016;580,31;106,43
22-dec-2016;576,44;105,70
21-dec-2016;574,92;105,41
20-dec-2016;573,46;105,10
19-dec-2016;575,45;105,06
16-dec-2016;578,45;104,86
15-dec-2016;577,9;104,78
14-dec-2016;582,97;104,88
13-dec-2016;580,85;105,18
12-dec-2016;582,7;105,45
09-dec-2016;581,48;105,25
08-dec-2016;579,97;104,70
07-dec-2016;577,02;105,17
06-dec-2016;567,64;104,19
05-dec-2016;561,37;103,88
02-dec-2016;563,82;103,62
01-dec-2016;563,41;103,56
30-nov-2016;562,82;103,48
29-nov-2016;559,94;104,15
28-nov-2016;556,33;103,96
25-nov-2016;555,32;104,02
24-nov-2016;552,33;104,03
23-nov-2016;546,75;104,43
22-nov-2016;545,95;104,16
21-nov-2016;539,61;104,32
18-nov-2016;530,91;104,11
17-nov-2016;533,51;103,47
16-nov-2016;534,48;103,27
15-nov-2016;538,51;103,61
14-nov-2016;534,62;103,27
11-nov-2016;539,13;103,75
10-nov-2016;541,45;104,83
09-nov-2016;532,67;103,93
08-nov-2016;558,16;105,26
07-nov-2016;551,27;105,87
04-nov-2016;530,21;104,20
03-nov-2016;526,37;103,98
02-nov-2016;533,51;104,27
01-nov-2016;537,03;104,61
31-oct-2016;531,82;104,61
28-oct-2016;526,28;104,20
27-oct-2016;517,52;103,87
26-oct-2016;518,04;103,61
25-oct-2016;517,58;103,48
24-oct-2016;512,18;103,68
21-oct-2016;507,67;103,41
20-oct-2016;505,72;103,23
19-oct-2016;506,31;103,33
18-oct-2016;504,89;103,39
17-oct-2016;506,28;103,38
14-oct-2016;508,69;103,52
13-oct-2016;510,34;103,55
12-oct-2016;509,24;103,40
11-oct-2016;509,59;103,52
10-oct-2016;507,66;103,37
07-oct-2016;507,51;103,38
06-oct-2016;509,29;103,42
05-oct-2016;508,89;103,50
04-oct-2016;509,49;103,15
03-oct-2016;507,07;103,46
30-sept-2016;504,58;103,27
29-sept-2016;510,16;103,40
28-sept-2016;509,92;102,63
27-sept-2016;493,26;102,35
26-sept-2016;487,63;102,57
21-sept-2016;484,93;102,64
20-sept-2016;479,59;102,11
19-sept-2016;476,81;102,86
16-sept-2016;475,62;99,86
15-sept-2016;474,12;103,10
14-sept-2016;472,62;103,07
13-sept-2016;474,59;103,31
12-sept-2016;470,95;102,90
09-sept-2016;471,91;102,77
08-sept-2016;468,71;102,81
07-sept-2016;469,25;102,74
02-sept-2016;471,87;102,81
01-sept-2016;469,49;103,37
31-aug-2016;464,66;102,48
30-aug-2016;468,49;102,74
29-aug-2016;471,34;103,07
26-aug-2016;473,77;103,49
25-aug-2016;473,86;102,77
24-aug-2016;472,2;102,66
23-aug-2016;470,03;102,44
22-aug-2016;470,56;102,56
19-aug-2016;466,6;102,41
18-aug-2016;468,67;101,99
17-aug-2016;467,91;101,90
16-aug-2016;463,69;101,67
15-aug-2016;461,81;101,68
12-aug-2016;459,04;101,06
11-aug-2016;455,53;101,00
10-aug-2016;458,58;100,96
09-aug-2016;456,93;100,95
08-aug-2016;456,32;100,78
05-aug-2016;458,76;100,96
04-aug-2016;458,13;100,97
03-aug-2016;455,92;100,66
02-aug-2016;458,37;100,66
01-aug-2016;457,88;100,50
29-iul-2016;458,18;100,91
28-iul-2016;457,78;101,95
27-iul-2016;456,98;101,52
26-iul-2016;457,45;101,62
25-iul-2016;455,75;102,04
22-iul-2016;454,25;101,82
21-iul-2016;457,62;99,82
20-iul-2016;452,05;100,06
19-iul-2016;450,73;99,84
18-iul-2016;450,64;101,91
15-iul-2016;450,1;101,73
14-iul-2016;451,47;101,80
13-iul-2016;453,47;101,87
12-iul-2016;453,06;101,91
11-iul-2016;451,08;101,80
08-iul-2016;450,98;102,36
07-iul-2016;454,06;102,43
06-iul-2016;452,59;101,19
05-iul-2016;451,03;100,64
04-iul-2016;450,63;102,13
01-iul-2016;454,45;102,23
30-iun-2016;455,55;102,24
29-iun-2016;451,47;100,35
28-iun-2016;453,94;100,32
27-iun-2016;453,99;100,45
24-iun-2016;456,37;100,03
23-iun-2016;461,6;100,65
22-iun-2016;460,83;100,69
21-iun-2016;458,8;101,01
20-iun-2016;458,22;100,88
17-iun-2016;456,73;101,41
16-iun-2016;456,49;100,80
15-iun-2016;454,02;100,74
14-iun-2016;445,92;100,59
13-iun-2016;448,25;101,10
10-iun-2016;445,27;100,96
09-iun-2016;449,71;101,18
08-iun-2016;446,62;101,23
07-iun-2016;446,79;100,81
06-iun-2016;444,08;100,77
03-iun-2016;442,7;100,94
02-iun-2016;445,95;101,03
01-iun-2016;443,11;101,32
31-mai-2016;441,34;101,37
30-mai-2016;441,06;101,01
27-mai-2016;439,19;100,90
26-mai-2016;439,74;100,82
25-mai-2016;439,76;100,87
20-mai-2016;439,18;99,84
19-mai-2016;438,64;99,68
18-mai-2016;437,72;100,97
17-mai-2016;440,38;100,80
16-mai-2016;440,4;100,24
13-mai-2016;440,86;100,43
12-mai-2016;440,18;100,14
11-mai-2016;441,96;100,41
10-mai-2016;440,47;100,88
09-mai-2016;444,24;100,88
05-mai-2016;444,51;101,39
04-mai-2016;441,87;100,60
03-mai-2016;441,29;100,60
28-apr-2016;442,59;100,25
27-apr-2016;438,71;99,81
26-apr-2016;435,12;99,92
25-apr-2016;433,88;99,48
22-apr-2016;436,03;99,76
21-apr-2016;434,26;99,54
20-apr-2016;433,24;99,99
19-apr-2016;435,18;100,35
18-apr-2016;435,1;100,44
15-apr-2016;436,7;100,78
14-apr-2016;435,6;100,61
13-apr-2016;437,94;99,65
12-apr-2016;440,12;100,32
11-apr-2016;441,62;100,38
08-apr-2016;441,05;100,08
07-apr-2016;441,24;99,95
06-apr-2016;443,24;99,81
05-apr-2016;443,45;100,65
04-apr-2016;446,84;100,55
01-apr-2016;446,25;100,02
31-mar-2016;446,35;100,00
30-mar-2016;444,06;99,26
29-mar-2016;445,22;99,17
24-mar-2016;444,3;98,86
23-mar-2016;445,82;99,08
22-mar-2016;446,88;98,89
21-mar-2016;447,22;98,99
18-mar-2016;448,16;99,06
17-mar-2016;445,9;98,99
16-mar-2016;448,11;99,20
15-mar-2016;446,92;99,48
14-mar-2016;448,41;99,59
11-mar-2016;445,51;99,53
10-mar-2016;444,1;100,46
09-mar-2016;442,23;100,46
08-mar-2016;443,65;100,46
07-mar-2016;446,39;100,46
02-mar-2016;446,76;100,46
01-mar-2016;449,92;100,46
29-feb-2016;447,42;100,46
26-feb-2016;446,1;100,00
25-feb-2016;444,12;100,28
24-feb-2016;445,9;100,00
23-feb-2016;446,89;99,67
22-feb-2016;446,57;99,71
19-feb-2016;443,67;99,49
18-feb-2016;445,17;99,50
17-feb-2016;447,59;99,03
16-feb-2016;448,5;99,14
15-feb-2016;444,31;99,27
12-feb-2016;443,84;98,85
11-feb-2016;444,49;98,59
10-feb-2016;447,71;98,78
09-feb-2016;445,96;98,79
08-feb-2016;447,85;98,70
05-feb-2016;450,07;99,00
04-feb-2016;448,24;99,56
03-feb-2016;448,76;99,60
02-feb-2016;450,15;99,60
01-feb-2016;453,54;99,02
29-ian-2016;448,44;98,30
28-ian-2016;443,8;96,77
27-ian-2016;443,7;96,71
26-ian-2016;444,43;96,81
25-ian-2016;443,91;96,21
22-ian-2016;444,46;96,22
21-ian-2016;441,77;96,40
20-ian-2016;443,16;96,80
19-ian-2016;445,8;97,08
18-ian-2016;446,11;97,80
15-ian-2016;450,26;97,16
14-ian-2016;451,44;97,30
13-ian-2016;451,14;97,20
12-ian-2016;454,33;96,61
11-ian-2016;454,27;96,24
08-ian-2016;457;96,68
07-ian-2016;452,4;96,50
06-ian-2016;457,7;96,55
05-ian-2016;457,36;95,91
04-ian-2016;457,21;96,21
30-dec-2015;460,9;97,03
29-dec-2015;460,79;96,54
28-dec-2015;450,44;96,18
23-dec-2015;448,08;96,19
22-dec-2015;443,05;96,27
21-dec-2015;442,23;96,28
18-dec-2015;440,61;95,23
17-dec-2015;440,78;95,58
16-dec-2015;437,97;95,72
15-dec-2015;436,16;95,43
14-dec-2015;434,95;94,78
11-dec-2015;436,58;94,52
10-dec-2015;432,63;94,54
09-dec-2015;433,47;94,25
08-dec-2015;434,67;93,06
07-dec-2015;435,26;94,84
04-dec-2015;435,36;94,47
03-dec-2015;435,42;94,85
02-dec-2015;436,23;94,34
01-dec-2015;436,87;94,67
30-nov-2015;435,56;94,92
27-nov-2015;437,79;94,25
26-nov-2015;435,3;94,98
25-nov-2015;434,38;94,99
24-nov-2015;440,11;95,20
23-nov-2015;443,6;95,59
20-nov-2015;440,04;95,61
19-nov-2015;442,55;95,50
18-nov-2015;442,36;95,49
17-nov-2015;443,59;94,27
16-nov-2015;439,44;94,29
13-nov-2015;441,52;94,50
12-nov-2015;443,95;95,58
11-nov-2015;444,49;95,15
10-nov-2015;449,5;95,76
09-nov-2015;450,4;95,78
06-nov-2015;448,55;96,32
05-nov-2015;442,64;96,41
04-nov-2015;445,33;95,99
03-nov-2015;445,93;95,78
02-nov-2015;445,97;95,84
30-oct-2015;446,91;95,57
29-oct-2015;446,75;95,40
28-oct-2015;444,07;95,40
27-oct-2015;446;95,60
26-oct-2015;447,42;95,91
23-oct-2015;446,74;95,30
22-oct-2015;443,49;94,76
21-oct-2015;443,75;94,37
20-oct-2015;443,48;94,17
19-oct-2015;441,71;94,53
16-oct-2015;439,65;95,07
15-oct-2015;439,94;94,87
14-oct-2015;439,84;94,18
13-oct-2015;438,26;94,07
12-oct-2015;442,86;94,61
09-oct-2015;444,83;94,77
08-oct-2015;445;94,63
07-oct-2015;441,89;94,85
06-oct-2015;439,48;94,54
05-oct-2015;443,67;94,65
02-oct-2015;443,77;94,70
01-oct-2015;443,66;94,66
30-sept-2015;442,34;95,12
29-sept-2015;442,7;95,16
28-sept-2015;444,76;95,26
25-sept-2015;442,67;95,09
24-sept-2015;445,28;95,14
23-sept-2015;441,97;95,24
21-sept-2015;444,44;95,44
18-sept-2015;444,44;95,44
17-sept-2015;445,41;95,32
16-sept-2015;447,04;95,40
15-sept-2015;449,87;95,39
14-sept-2015;452,46;95,67
11-sept-2015;451,87;96,08
10-sept-2015;450,72;95,68
09-sept-2015;451,47;95,71
08-sept-2015;454,43;95,96
07-sept-2015;454,37;95,97
04-sept-2015;456,39;96,22
03-sept-2015;453,79;96,06
02-sept-2015;455,25;96,10
01-sept-2015;459,98;96,27
31-aug-2015;459,44;96,27
28-aug-2015;454,12;93,52
27-aug-2015;457,41;93,61
26-aug-2015;459,64;93,53
25-aug-2015;458,28;95,41
24-aug-2015;453,47;95,12
21-aug-2015;467,79;95,62
20-aug-2015;467,93;95,64
19-aug-2015;469,29;95,64
18-aug-2015;468,81;95,60
17-aug-2015;469,32;95,67
14-aug-2015;471,06;95,72
13-aug-2015;472,45;95,92
12-aug-2015;471,32;96,00
11-aug-2015;472,44;95,65
10-aug-2015;472,26;95,72
07-aug-2015;476,14;95,83
06-aug-2015;472,49;95,73
05-aug-2015;472,87;95,55
04-aug-2015;473,51;95,76
03-aug-2015;473,89;95,83
31-iul-2015;473,64;95,74
30-iul-2015;476,98;96,51
29-iul-2015;475,89;95,66
28-iul-2015;481,77;96,05
27-iul-2015;473,79;96,26
24-iul-2015;476,44;96,36
23-iul-2015;479,35;96,32
22-iul-2015;481,99;96,20
21-iul-2015;480,63;96,42
20-iul-2015;477,03;96,25
17-iul-2015;474,12;95,73
16-iul-2015;473,9;95,73
15-iul-2015;472,78;94,77
14-iul-2015;470,58;94,77
13-iul-2015;470,76;95,53
10-iul-2015;472,22;95,59
09-iul-2015;474,73;95,19
08-iul-2015;472,97;93,08
07-iul-2015;479,99;94,03
06-iul-2015;479,61;93,84
03-iul-2015;480,83;93,71
02-iul-2015;481,76;93,56
01-iul-2015;483,82;94,08
30-iun-2015;485,25;94,25
29-iun-2015;482,89;92,89
26-iun-2015;482,55;93,41
25-iun-2015;481,89;93,13
24-iun-2015;482,35;93,22
23-iun-2015;482,17;93,35
22-iun-2015;482,18;93,74
19-iun-2015;482,75;93,92
18-iun-2015;483,88;94,05
17-iun-2015;482,63;94,07
16-iun-2015;478,99;93,53
15-iun-2015;488,35;94,40
12-iun-2015;488,82;94,26
11-iun-2015;491,56;94,06
10-iun-2015;490,88;94,14
09-iun-2015;489,47;94,11
08-iun-2015;488,48;93,49
05-iun-2015;490,3;93,20
04-iun-2015;488,07;92,60
03-iun-2015;490,45;92,85
02-iun-2015;489,17;92,43
01-iun-2015;486,04;93,29
29-mai-2015;482,92;93,49
28-mai-2015;479,83;93,62
27-mai-2015;480,44;92,18
26-mai-2015;481,84;92,75
25-mai-2015;481,56;93,00
22-mai-2015;484,41;93,19
21-mai-2015;484,25;93,01
20-mai-2015;488,05;93,32
19-mai-2015;487,32;92,87
18-mai-2015;490,06;93,19
15-mai-2015;485,52;93,66
14-mai-2015;484,15;93,27
13-mai-2015;484,79;93,46
12-mai-2015;487,45;93,48
11-mai-2015;490,54;93,52
08-mai-2015;500,02;94,00
07-mai-2015;500,31;93,82
05-mai-2015;502,15;96,55
04-mai-2015;504,84;96,60
30-apr-2015;502,7;95,84
29-apr-2015;497,65;94,49
28-apr-2015;496,52;94,62
27-apr-2015;494,42;94,67
24-apr-2015;494,87;96,19
23-apr-2015;499,12;96,08
22-apr-2015;499,18;95,50
21-apr-2015;497,58;95,57
20-apr-2015;502,25;95,09
17-apr-2015;506,11;95,12
16-apr-2015;506,27;95,72
15-apr-2015;507,22;95,91
14-apr-2015;506,52;95,68
09-apr-2015;513,21;96,74
08-apr-2015;512,76;96,45
07-apr-2015;515,03;95,52
06-apr-2015;516,51;95,92
03-apr-2015;516,51;95,92
02-apr-2015;516,51;95,92
01-apr-2015;517,3;95,94
31-mar-2015;514,09;95,39
30-mar-2015;510,95;95,73
27-mar-2015;512,09;94,65
26-mar-2015;508,69;93,83
25-mar-2015;507,66;94,50
24-mar-2015;505,77;93,94
23-mar-2015;502,38;93,42
20-mar-2015;504,22;94,14
19-mar-2015;500,08;93,18
18-mar-2015;498,66;93,24
17-mar-2015;498,63;93,31
16-mar-2015;501,5;93,13
13-mar-2015;497,3;92,52
12-mar-2015;485,01;92,97
11-mar-2015;479,42;92,70
10-mar-2015;479,49;92,74
09-mar-2015;477,05;91,74
06-mar-2015;476,39;92,63
05-mar-2015;477,48;93,47
04-mar-2015;484,02;89,49
02-mar-2015;487,79;94,77
27-feb-2015;487,79;94,77
26-feb-2015;486,02;95,36
25-feb-2015;482,91;94,46
24-feb-2015;482,47;94,17
23-feb-2015;484,72;92,65
20-feb-2015;487,82;93,57
19-feb-2015;483,29;93,86
18-feb-2015;486,61;94,38
17-feb-2015;493,69;92,82
16-feb-2015;493,92;95,47
13-feb-2015;496,97;96,86
12-feb-2015;494,32;96,59
11-feb-2015;503,56;98,03
10-feb-2015;500,98;97,89
09-feb-2015;499,32;97,52
06-feb-2015;500,36;97,36
05-feb-2015;503,25;97,73
04-feb-2015;502,05;97,75
03-feb-2015;501,35;96,88
02-feb-2015;499,7;95,81
30-ian-2015;500,49;96,18
29-ian-2015;498,42;96,36
28-ian-2015;501,65;97,01
27-ian-2015;499,63;96,74
26-ian-2015;498,61;96,44
23-ian-2015;497,33;96,55
22-ian-2015;496,17;96,40
21-ian-2015;495,64;96,47
20-ian-2015;493,97;96,47
19-ian-2015;499,97;98,25
16-ian-2015;502,51;98,84
15-ian-2015;497,12;98,56
14-ian-2015;494,49;98,07
13-ian-2015;501,54;99,05
12-ian-2015;505,36;99,45
09-ian-2015;500,98;98,07
08-ian-2015;507,67;98,15
07-ian-2015;509,97;98,07
06-ian-2015;517,1;98,88
05-ian-2015;519,83;99,16
30-dec-2014;522,1;98,75
29-dec-2014;528,14;98,37
23-dec-2014;523,84;99,05
22-dec-2014;521,03;97,07
19-dec-2014;516,7;96,95
18-dec-2014;519,91;96,50
17-dec-2014;529,89;96,67
16-dec-2014;527,59;97,13
15-dec-2014;539,02;98,58
12-dec-2014;544,07;96,34
11-dec-2014;543,56;99,05
10-dec-2014;538,75;98,73
09-dec-2014;545,15;98,86
08-dec-2014;547;99,33
05-dec-2014;535,48;97,42
04-dec-2014;524,02;98,02
03-dec-2014;521,77;96,20
02-dec-2014;516,06;97,58
01-dec-2014;514,88;97,42
28-nov-2014;514,42;97,34
27-nov-2014;519,7;96,02
26-nov-2014;520,49;95,69
25-nov-2014;521,54;95,24
24-nov-2014;517,46;95,65
21-nov-2014;515,24;95,56
20-nov-2014;519,82;95,86
19-nov-2014;519,36;96,45
18-nov-2014;521,23;96,71
17-nov-2014;517,19;96,18
14-nov-2014;524,91;96,68
13-nov-2014;525,42;96,87
12-nov-2014;527,28;96,63
11-nov-2014;529,76;96,24
10-nov-2014;532,15;96,32
07-nov-2014;536,62;96,45
06-nov-2014;527,27;96,51
05-nov-2014;518,78;96,66
04-nov-2014;517,62;96,52
03-nov-2014;519,53;96,93
31-oct-2014;520,31;96,78
30-oct-2014;518,32;98,51
29-oct-2014;512,29;100,03
28-oct-2014;508,02;99,54
27-oct-2014;510,14;98,75
24-oct-2014;511,42;98,19
23-oct-2014;509,76;98,31
22-oct-2014;513,57;97,62
21-oct-2014;513,93;97,86
20-oct-2014;516,5;97,72
17-oct-2014;518,29;97,25
16-oct-2014;516,16;97,16
15-oct-2014;525,95;97,37
14-oct-2014;529,56;97,83
13-oct-2014;532,69;98,36
10-oct-2014;532,04;98,18
09-oct-2014;531,87;98,37
08-oct-2014;529,83;98,21
07-oct-2014;533,49;98,43
06-oct-2014;530,18;98,98
03-oct-2014;536,27;99,44
02-oct-2014;538,3;99,03
01-oct-2014;538;98,23
30-sept-2014;539,96;98,34
29-sept-2014;543,59;98,82
26-sept-2014;544,71;99,24
25-sept-2014;543,48;99,04
24-sept-2014;544,46;98,85
23-sept-2014;544,25;99,34
19-sept-2014;547,28;99,28
18-sept-2014;546,26;98,03
17-sept-2014;550,72;98,72
16-sept-2014;552,93;98,42
15-sept-2014;555,45;98,49
12-sept-2014;551,94;98,42
11-sept-2014;555,18;98,42
10-sept-2014;551,43;98,22
09-sept-2014;549,02;98,15
08-sept-2014;555,34;98,71
05-sept-2014;556,69;98,52
04-sept-2014;559,96;98,77
03-sept-2014;560;99,06
02-sept-2014;553,62;98,85
01-sept-2014;546,8;97,63
29-aug-2014;549,39;97,52
28-aug-2014;554,01;97,50
27-aug-2014;556,84;97,37
26-aug-2014;552,36;98,05
25-aug-2014;550,63;97,45
22-aug-2014;553,79;96,57
21-aug-2014;542,76;96,31
20-aug-2014;546,63;97,56
19-aug-2014;545,42;96,63
18-aug-2014;542,5;96,40
15-aug-2014;540,62;97,18
14-aug-2014;538,35;97,21
13-aug-2014;538,22;97,17
12-aug-2014;540,31;97,55
11-aug-2014;539,55;97,43
08-aug-2014;542,55;97,83
07-aug-2014;540,11;97,91
06-aug-2014;539,86;99,46
05-aug-2014;542,14;99,96
04-aug-2014;543,22;100,02
01-aug-2014;544,19;99,54
31-iul-2014;540,73;99,71
30-iul-2014;540,16;99,33
29-iul-2014;545,61;99,56
28-iul-2014;547,87;99,28
25-iul-2014;544,99;98,80
24-iul-2014;540,12;98,31
23-iul-2014;539,07;97,90
22-iul-2014;536,86;97,94
21-iul-2014;534,57;97,56
18-iul-2014;539,54;97,85
17-iul-2014;531,06;97,03
16-iul-2014;530,84;96,96
15-iul-2014;523,99;95,65
14-iul-2014;524,33;96,53
11-iul-2014;539,64;96,13
10-iul-2014;546,33;96,57
09-iul-2014;546,79;96,63
08-iul-2014;550,97;96,65
07-iul-2014;551,08;94,61
04-iul-2014;564,67;94,26
03-iul-2014;561,64;94,02
02-iul-2014;561,52;93,67
01-iul-2014;564,38;93,40
30-iun-2014;551,41;94,25
27-iun-2014;521,18;93,36
26-iun-2014;525,03;91,85
25-iun-2014;550,5;93,96
24-iun-2014;552,42;93,59
23-iun-2014;554,31;92,40
20-iun-2014;538,9;93,14
19-iun-2014;559,74;94,58
18-iun-2014;557,36;93,70
17-iun-2014;564,71;94,80
16-iun-2014;568,24;94,59
13-iun-2014;571,82;95,29
12-iun-2014;574,93;94,84
11-iun-2014;577,08;95,16
10-iun-2014;581,48;95,70
09-iun-2014;583,56;95,13
06-iun-2014;584,74;96,04
05-iun-2014;589,27;97,38
04-iun-2014;594,65;97,13
03-iun-2014;596,7;98,17
02-iun-2014;602,56;98,17
30-mai-2014;605,22;97,83
29-mai-2014;596,78;98,00
28-mai-2014;593,82;98,23
27-mai-2014;595,62;97,81
26-mai-2014;593,03;96,92
23-mai-2014;590,99;97,00
22-mai-2014;594,43;97,11
21-mai-2014;594,61;96,97
20-mai-2014;592,52;96,29
19-mai-2014;592,94;96,25
16-mai-2014;590,86;96,20
15-mai-2014;591,58;96,16
14-mai-2014;594,31;96,71
13-mai-2014;599,76;97,37
12-mai-2014;599,76;97,19
09-mai-2014;604,11;97,26
08-mai-2014;600,62;97,14
07-mai-2014;603;97,52
30-apr-2014;601,98;97,16
29-apr-2014;602,91;97,31
28-apr-2014;602,46;96,86
25-apr-2014;603,74;96,65
24-apr-2014;605,56;96,30
23-apr-2014;600,68;96,79
22-apr-2014;602,47;95,97
17-apr-2014;600,01;98,98
16-apr-2014;599,27;96,78
15-apr-2014;595,21;96,67
14-apr-2014;598,18;95,45
11-apr-2014;600,37;97,71
10-apr-2014;604,23;98,25
09-apr-2014;600,75;98,59
08-apr-2014;608,73;98,73
07-apr-2014;616,01;98,91
04-apr-2014;617,61;99,64
03-apr-2014;622,85;98,93
02-apr-2014;617,48;99,10
01-apr-2014;601,09;97,77
31-mar-2014;600,32;97,12
28-mar-2014;600;97,66
27-mar-2014;599,94;97,76
26-mar-2014;601,16;97,82
25-mar-2014;599;97,71
24-mar-2014;596,24;98,05
21-mar-2014;592,2;98,10
20-mar-2014;584,19;96,10
19-mar-2014;593,1;97,11
18-mar-2014;605,38;97,98
17-mar-2014;607,84;97,72
14-mar-2014;601,62;97,75
13-mar-2014;617,95;100,72
12-mar-2014;615,44;99,63
11-mar-2014;617,77;99,82
10-mar-2014;606,97;97,41
07-mar-2014;608,65;97,85
06-mar-2014;605,94;95,27
05-mar-2014;597,06;92,58
04-mar-2014;590,1;93,08
28-feb-2014;594,42;93,18
27-feb-2014;596,2;91,33
26-feb-2014;594,3;90,91
25-feb-2014;594,1;90,79
24-feb-2014;588,14;91,06
21-feb-2014;585,92;90,36
20-feb-2014;580,6;90,40
19-feb-2014;574,54;89,65
18-feb-2014;574,57;89,46
17-feb-2014;576,67;89,76
14-feb-2014;576,58;89,73
13-feb-2014;574,02;89,52
12-feb-2014;578,67;90,06
11-feb-2014;578,83;89,99
10-feb-2014;575,8;90,32
07-feb-2014;561,01;90,14
06-feb-2014;560,77;89,98
05-feb-2014;558,52;90,21
04-feb-2014;556,77;89,82
03-feb-2014;549,67;89,50
31-ian-2014;546,83;89,11
30-ian-2014;544,69;88,63
29-ian-2014;550,9;89,54
28-ian-2014;549,16;89,33
27-ian-2014;546,67;90,00
24-ian-2014;543,42;89,90
23-ian-2014;538,73;88,48
22-ian-2014;531,12;87,31
21-ian-2014;532,11;87,34
20-ian-2014;534,69;87,35
17-ian-2014;536,53;87,05
16-ian-2014;537,79;87,16
15-ian-2014;529,68;88,76
14-ian-2014;525,69;89,05
13-ian-2014;525,73;89,22
10-ian-2014;523,87;88,81
09-ian-2014;522,87;89,01
08-ian-2014;520,38;87,44
07-ian-2014;510,31;87,20
06-ian-2014;498,51;87,74
03-ian-2014;493,55;88,49
02-ian-2014;493,68;88,11
30-dec-2013;491,52;88,66
27-dec-2013;491,39;88,35
20-dec-2013;485,5;86,54
19-dec-2013;483,93;86,54
18-dec-2013;475,76;86,09
17-dec-2013;477,48;85,84
16-dec-2013;475,47;85,84
13-dec-2013;481,09;85,97
12-dec-2013;478,96;85,71
11-dec-2013;480,26;86,93
10-dec-2013;474,37;87,24
09-dec-2013;474,53;88,35
06-dec-2013;473,62;87,51
05-dec-2013;472,91;87,29
04-dec-2013;471,81;86,83
03-dec-2013;467,79;87,01
02-dec-2013;466,68;87,19
29-nov-2013;468,47;87,86
28-nov-2013;463,37;87,79
27-nov-2013;462,63;86,86
26-nov-2013;463,53;87,71
25-nov-2013;464,14;88,02
22-nov-2013;464,22;87,44
21-nov-2013;460,89;88,37
20-nov-2013;461,31;88,40
19-nov-2013;460,98;87,39
18-nov-2013;461,34;87,07
15-nov-2013;462,89;87,35
14-nov-2013;463,19;88,39
13-nov-2013;463;88,47
12-nov-2013;462,93;87,62
11-nov-2013;464,77;87,51
08-nov-2013;463,5;87,49
07-nov-2013;463,9;87,52
06-nov-2013;460;87,04
05-nov-2013;457,11;87,64
04-nov-2013;457,44;87,03
01-nov-2013;454,06;87,04
31-oct-2013;455,86;87,82
30-oct-2013;460,2;88,14
29-oct-2013;455,95;88,07
28-oct-2013;457,59;88,02
25-oct-2013;458,94;88,18
24-oct-2013;456,05;88,31
23-oct-2013;456,95;88,30
22-oct-2013;458,77;88,26
21-oct-2013;451,02;87,03
18-oct-2013;454,98;87,28
17-oct-2013;453,47;87,11
16-oct-2013;451,64;86,58
15-oct-2013;451,9;87,02
14-oct-2013;453,43;88,05
11-oct-2013;454,47;87,64
10-oct-2013;454,45;87,64
09-oct-2013;449,56;87,60
08-oct-2013;452,27;87,64
07-oct-2013;456,23;87,42
04-oct-2013;454,57;86,32
03-oct-2013;456,9;86,52
02-oct-2013;455,05;86,65
01-oct-2013;455,09;86,62
30-sept-2013;456,2;87,16
27-sept-2013;459,31;87,23
26-sept-2013;458,83;87,23
25-sept-2013;461,06;87,20
24-sept-2013;462,03;87,30
23-sept-2013;462,37;87,99
20-sept-2013;464,31;88,02
19-sept-2013;460,54;87,17
18-sept-2013;457,45;87,37
17-sept-2013;459,35;88,17
16-sept-2013;454,31;88,45
13-sept-2013;449,87;88,34
12-sept-2013;451,72;88,44
11-sept-2013;450,38;88,98
10-sept-2013;450;89,13
09-sept-2013;450,8;88,11
05-sept-2013;450,51;88,03
04-sept-2013;448,92;87,86
03-sept-2013;443,78;88,85
02-sept-2013;445,06;89,35
30-aug-2013;444,17;89,07
29-aug-2013;445,27;87,81
28-aug-2013;443,11;87,81
27-aug-2013;447,08;88,06
26-aug-2013;449,22;87,99
23-aug-2013;450,73;88,08
22-aug-2013;450,93;88,14
21-aug-2013;448,01;88,23
20-aug-2013;449,85;88,07
19-aug-2013;450,85;88,11
16-aug-2013;448,59;88,13
15-aug-2013;449,03;88,34
14-aug-2013;446,23;88,38
13-aug-2013;445,22;87,90
12-aug-2013;443,88;87,87
09-aug-2013;445,61;87,99
08-aug-2013;446,26;88,25
07-aug-2013;448,31;88,09
06-aug-2013;453,32;88,37
05-aug-2013;452,24;87,81
02-aug-2013;456,41;87,94
01-aug-2013;459,85;87,94
31-iul-2013;462,04;87,90
30-iul-2013;457,16;89,68
29-iul-2013;450,54;89,54
26-iul-2013;450,7;88,63
25-iul-2013;456,18;88,94
24-iul-2013;452,34;88,96
23-iul-2013;451,14;88,66
22-iul-2013;449,18;88,46
19-iul-2013;444,2;88,67
18-iul-2013;443,83;88,52
17-iul-2013;442,68;88,57
16-iul-2013;440,97;88,76
15-iul-2013;440,44;88,69
12-iul-2013;440,22;88,67
11-iul-2013;438,97;88,56
10-iul-2013;438,69;88,47
09-iul-2013;436,82;88,23
08-iul-2013;441,31;88,63
05-iul-2013;440,25;88,75
04-iul-2013;440,08;88,15
03-iul-2013;437,4;88,07
02-iul-2013;437,7;88,63
01-iul-2013;441,99;88,53
28-iun-2013;443,77;89,36
27-iun-2013;443,1;89,02
26-iun-2013;443,29;89,34
25-iun-2013;439,17;89,19
24-iun-2013;440,4;89,60
21-iun-2013;438,6;89,54
20-iun-2013;436,66;88,42
19-iun-2013;441,14;88,81
18-iun-2013;435,08;88,60
17-iun-2013;438,76;88,54
14-iun-2013;441,85;89,11
13-iun-2013;443,52;89,79
12-iun-2013;444,46;90,03
11-iun-2013;448,23;90,05
10-iun-2013;443,96;90,25
07-iun-2013;442,14;89,29
06-iun-2013;436,24;89,03
05-iun-2013;436,47;88,67
04-iun-2013;430,1;88,57
03-iun-2013;426,32;87,71
31-mai-2013;430,15;87,90
30-mai-2013;429,85;88,67
29-mai-2013;421,95;86,98
28-mai-2013;418,68;85,34
27-mai-2013;417,64;83,77
23-mai-2013;415,42;87,06
22-mai-2013;414,48;86,17
21-mai-2013;412,31;85,48
20-mai-2013;413,57;85,87
17-mai-2013;407,9;85,97
16-mai-2013;412,72;86,41
15-mai-2013;412,07;86,29
14-mai-2013;406,47;86,30
13-mai-2013;407,21;86,38
10-mai-2013;408,55;86,70
09-mai-2013;409,54;85,54
08-mai-2013;408,29;85,20
07-mai-2013;406,91;85,73
30-apr-2013;400,19;85,27
29-apr-2013;398,41;86,14
26-apr-2013;396,71;85,68
25-apr-2013;397,25;85,33
24-apr-2013;395,46;85,68
23-apr-2013;387,01;84,47
22-apr-2013;386,63;84,73
19-apr-2013;385,18;85,92
18-apr-2013;383,78;85,82
17-apr-2013;383,2;85,95
16-apr-2013;385,92;86,32
15-apr-2013;384,09;86,41
12-apr-2013;383,85;86,39
11-apr-2013;386,68;86,52
10-apr-2013;387,89;86,58
09-apr-2013;382,87;87,28
08-apr-2013;384,25;87,79
05-apr-2013;381,12;88,05
04-apr-2013;382,77;87,72
03-apr-2013;382,13;87,97
02-apr-2013;383,48;87,83
28-mar-2013;384,29;87,13
27-mar-2013;381,31;84,65
26-mar-2013;381,67;85,65
25-mar-2013;381,53;86,11
22-mar-2013;380,91;86,44
21-mar-2013;379,41;86,48
20-mar-2013;377,15;85,09
19-mar-2013;375,15;84,70
18-mar-2013;375,18;84,16
15-mar-2013;379,54;84,25
14-mar-2013;377,96;84,29
13-mar-2013;382,44;83,72
12-mar-2013;388,18;84,42
11-mar-2013;382,16;84,29
08-mar-2013;389,87;83,79
07-mar-2013;386;83,91
06-mar-2013;384,65;84,02
05-mar-2013;382,69;83,78
04-mar-2013;378,94;83,30
01-mar-2013;382,84;82,99
28-feb-2013;382,04;83,32
27-feb-2013;373,37;81,13
26-feb-2013;366,52;80,87
25-feb-2013;383,38;81,24
22-feb-2013;387,67;81,82
21-feb-2013;387,17;82,27
20-feb-2013;382,7;81,68
19-feb-2013;393,29;81,91
18-feb-2013;401,77;83,07
15-feb-2013;408,42;83,15
14-feb-2013;410,25;83,88
13-feb-2013;412,63;83,81
12-feb-2013;411,96;84,73
11-feb-2013;401,56;84,91
08-feb-2013;398,72;84,41
07-feb-2013;397,01;84,13
06-feb-2013;390,43;84,09
05-feb-2013;388,67;84,06
04-feb-2013;388,34;83,64
01-feb-2013;397,16;83,87
31-ian-2013;399,59;84,01
30-ian-2013;397,12;83,84
29-ian-2013;388,57;83,05
28-ian-2013;391,82;83,16
25-ian-2013;384,61;83,05
24-ian-2013;378,32;81,93
23-ian-2013;370,11;82,03
22-ian-2013;368,13;80,30
21-ian-2013;362,8;79,95
18-ian-2013;363,23;80,01
17-ian-2013;363,16;80,15
16-ian-2013;360,88;81,26
15-ian-2013;360,38;80,79
14-ian-2013;364,8;79,86
11-ian-2013;365,26;79,95
10-ian-2013;361,65;80,44
09-ian-2013;360,27;80,51
08-ian-2013;354,13;80,91
07-ian-2013;352,54;81,49
04-ian-2013;350,47;80,51
03-ian-2013;347,21;79,55
02-ian-2013;343,72;79,40
28-dec-2012;345,46;79,62
27-dec-2012;341,28;80,29
21-dec-2012;331,6;78,78
20-dec-2012;330,99;79,09
19-dec-2012;327,37;79,88
18-dec-2012;326,34;78,96
17-dec-2012;327,44;79,06
14-dec-2012;327,44;79,05
13-dec-2012;331,06;79,48
12-dec-2012;331,03;79,58
11-dec-2012;331,28;78,78
10-dec-2012;329,85;78,98
07-dec-2012;329,74;80,02
06-dec-2012;330,99;80,26
05-dec-2012;331,04;79,07
04-dec-2012;328,92;79,39
03-dec-2012;329,13;79,67
30-nov-2012;327,57;79,59
29-nov-2012;326,78;80,39
28-nov-2012;324,28;79,47
27-nov-2012;326,86;79,76
26-nov-2012;324,36;80,31
23-nov-2012;325,92;79,99
22-nov-2012;326,91;80,52
21-nov-2012;323,81;79,38
20-nov-2012;323,08;79,51
19-nov-2012;325,91;79,51
16-nov-2012;330,1;80,31
15-nov-2012;329,51;79,94
14-nov-2012;328,01;79,02
13-nov-2012;327,7;79,24
12-nov-2012;329,47;80,01
09-nov-2012;331,48;79,98
08-nov-2012;333,28;80,71
07-nov-2012;332,43;80,75
06-nov-2012;334,32;80,67
05-nov-2012;332,41;80,81
02-nov-2012;330,8;80,16
01-nov-2012;329,23;80,68
31-oct-2012;329,7;79,13
30-oct-2012;320,33;79,08
29-oct-2012;330,41;78,74
26-oct-2012;327,65;78,92
25-oct-2012;321,48;78,77
24-oct-2012;324,34;79,14
23-oct-2012;319,68;80,45
22-oct-2012;321,23;80,84
19-oct-2012;324,55;79,99
18-oct-2012;326,69;80,63
17-oct-2012;326,48;80,99
16-oct-2012;326,45;80,61
15-oct-2012;326,46;80,72
12-oct-2012;324,16;80,14
11-oct-2012;322,05;80,13
10-oct-2012;318,51;79,52
09-oct-2012;319,93;78,26
08-oct-2012;318,54;77,56
05-oct-2012;319,04;78,30
04-oct-2012;318,44;77,41
03-oct-2012;323,96;77,53
02-oct-2012;329,41;78,45
01-oct-2012;325,77;79,03
28-sept-2012;323,97;79,11
27-sept-2012;321,27;78,78
26-sept-2012;318,38;79,06
25-sept-2012;318,45;79,60
24-sept-2012;316,98;79,45
21-sept-2012;320,15;79,56
20-sept-2012;317,4;79,36
19-sept-2012;320,45;80,66
18-sept-2012;320,61;80,37
17-sept-2012;318,93;78,94
14-sept-2012;318,68;79,02
13-sept-2012;320,59;78,29
12-sept-2012;321,15;78,92
11-sept-2012;320,67;79,81
10-sept-2012;320,04;78,51
05-sept-2012;319,51;80,55
04-sept-2012;321,01;79,44
03-sept-2012;319,83;79,77
31-aug-2012;322,38;81,98
30-aug-2012;321,05;81,06
29-aug-2012;323,16;80,02
28-aug-2012;323,3;78,10
27-aug-2012;323,06;77,72
24-aug-2012;324,89;77,68
23-aug-2012;323,22;77,48
22-aug-2012;322,65;77,81
21-aug-2012;321,85;77,95
20-aug-2012;321,48;77,19
17-aug-2012;320,94;78,79
16-aug-2012;319,09;77,19
15-aug-2012;318,39;76,14
14-aug-2012;316,35;76,83
13-aug-2012;314,39;76,04
10-aug-2012;313,44;75,94
09-aug-2012;313,94;76,34
08-aug-2012;315,31;76,45
07-aug-2012;315,02;76,34
06-aug-2012;314,09;76,03
03-aug-2012;312,9;76,15
02-aug-2012;314,48;76,13
01-aug-2012;313,02;75,38
31-iul-2012;313,58;74,78
30-iul-2012;309,76;74,35
27-iul-2012;308,62;74,01
26-iul-2012;308,08;74,25
25-iul-2012;303,49;73,15
24-iul-2012;302,21;73,95
23-iul-2012;299,26;73,57
20-iul-2012;301,31;73,78
19-iul-2012;301,2;71,87
18-iul-2012;299,43;71,21
17-iul-2012;297,31;69,54
16-iul-2012;296,2;68,90
13-iul-2012;291,62;68,76
12-iul-2012;295,19;68,92
11-iul-2012;293,55;68,34
10-iul-2012;290,95;68,29
09-iul-2012;291,17;69,81
06-iul-2012;289,02;69,47
05-iul-2012;290,16;69,36
04-iul-2012;293,81;69,86
03-iul-2012;295,74;70,95
02-iul-2012;296,59;71,01
29-iun-2012;292,99;70,63
28-iun-2012;291,91;69,73
27-iun-2012;292,19;70,13
26-iun-2012;292,53;70,13
25-iun-2012;292,25;69,70
22-iun-2012;291,37;69,61
21-iun-2012;289,59;69,63
20-iun-2012;287,65;69,17
19-iun-2012;290,36;67,90
18-iun-2012;290,83;68,42
15-iun-2012;288,5;67,79
14-iun-2012;289,71;68,26
13-iun-2012;289,87;67,31
12-iun-2012;290,78;68,06
11-iun-2012;293,25;67,79
08-iun-2012;291,73;68,06
07-iun-2012;291,67;68,00
06-iun-2012;297,13;68,62
05-iun-2012;294,43;68,17
04-iun-2012;294,94;69,30
01-iun-2012;288,2;67,56
31-mai-2012;293,96;67,58
30-mai-2012;299,17;68,49
29-mai-2012;298,86;69,16
28-mai-2012;299,65;70,20
23-mai-2012;301,34;69,89
22-mai-2012;301,92;70,49
21-mai-2012;305,03;71,60
18-mai-2012;303,25;71,31
17-mai-2012;304,54;71,03
16-mai-2012;305,38;70,13
15-mai-2012;307,23;70,45
14-mai-2012;306,89;70,22
11-mai-2012;306,31;69,75
10-mai-2012;303,62;68,98
09-mai-2012;300,27;65,01
08-mai-2012;299,06;64,06
07-mai-2012;301,24;64,40
04-mai-2012;302,69;64,21
03-mai-2012;303,32;64,71
02-mai-2012;301,7;63,07
27-apr-2012;301,76;63,00
26-apr-2012;300,06;62,87
25-apr-2012;302,11;63,17
24-apr-2012;301,38;63,27
23-apr-2012;302,46;63,25
20-apr-2012;303,16;63,19
19-apr-2012;304,59;62,93
18-apr-2012;303,43;62,86
17-apr-2012;303,44;62,10
12-apr-2012;303,59;62,63
11-apr-2012;301,51;62,22
10-apr-2012;302,02;61,62
05-apr-2012;306,15;61,71
04-apr-2012;308,63;62,67
03-apr-2012;309,37;62,37
02-apr-2012;311,36;62,18
30-mar-2012;308,91;62,43
29-mar-2012;309,49;63,09
28-mar-2012;308,75;62,83
27-mar-2012;308,97;63,02
26-mar-2012;310,65;62,30
23-mar-2012;309,82;62,23
22-mar-2012;307,89;62,08
21-mar-2012;309,83;61,85
20-mar-2012;308,95;61,92
19-mar-2012;308,79;61,85
16-mar-2012;311,27;61,90
15-mar-2012;314,11;59,94
14-mar-2012;311;60,00
13-mar-2012;309,83;59,65
12-mar-2012;310,17;59,31
09-mar-2012;309,27;59,18
08-mar-2012;311,15;59,40
07-mar-2012;312,09;59,35
06-mar-2012;312,01;58,81
05-mar-2012;312,99;59,35
02-mar-2012;313,38;59,56
01-mar-2012;313,53;59,12
29-feb-2012;313,48;58,74
28-feb-2012;308,94;58,83
27-feb-2012;305,98;58,60
24-feb-2012;305,81;58,31
23-feb-2012;306,25;57,92
22-feb-2012;306,41;57,32
21-feb-2012;309,26;57,34
20-feb-2012;310,59;56,74
17-feb-2012;309,33;56,72
16-feb-2012;307,22;56,17
15-feb-2012;310,18;56,54
14-feb-2012;305,23;55,63
13-feb-2012;308,82;56,29
10-feb-2012;308,49;56,48
09-feb-2012;308,52;56,74
08-feb-2012;312,76;56,62
07-feb-2012;312,59;56,50
06-feb-2012;318,28;57,26
03-feb-2012;317,73;56,92
02-feb-2012;317,1;56,44
01-feb-2012;321,49;57,08
31-ian-2012;322,88;56,54
30-ian-2012;318,57;56,28
27-ian-2012;320,65;56,19
26-ian-2012;318,28;55,53
25-ian-2012;315,86;54,47
24-ian-2012;313,47;53,65
23-ian-2012;316,11;53,58
20-ian-2012;313,01;52,56
19-ian-2012;314,88;52,07
18-ian-2012;316,57;52,13
17-ian-2012;314,81;52,10
16-ian-2012;313,17;51,51
13-ian-2012;314,52;51,70
12-ian-2012;313,79;51,41
11-ian-2012;314,75;50,75
10-ian-2012;314,85;50,32
09-ian-2012;313,65;49,90
06-ian-2012;314,38;49,75
05-ian-2012;315,33;50,91
04-ian-2012;320,62;51,88
03-ian-2012;318,03;51,45
30-dec-2011;322,11;51,25
29-dec-2011;320,46;51,13
28-dec-2011;324,84;50,36
27-dec-2011;322,35;49,98
23-dec-2011;317,51;49,00
22-dec-2011;314,75;48,50
21-dec-2011;306,72;47,62
20-dec-2011;301,88;46,95
19-dec-2011;301,89;47,77
16-dec-2011;301,42;48,19
15-dec-2011;302,64;47,59
14-dec-2011;302,06;47,17
13-dec-2011;301,01;47,66
12-dec-2011;302,82;48,39
09-dec-2011;302,91;48,43
08-dec-2011;302,72;48,01
07-dec-2011;302,59;47,33
06-dec-2011;305,44;46,54
05-dec-2011;306,7;47,74
02-dec-2011;310,85;48,71
01-dec-2011;311,05;47,92
30-nov-2011;308,85;47,99
29-nov-2011;309,68;47,56
28-nov-2011;310,42;47,85
25-nov-2011;313,1;48,00
24-nov-2011;317,86;48,69
23-nov-2011;319,88;47,10
22-nov-2011;322,19;47,35
21-nov-2011;322,16;47,60
18-nov-2011;322,8;47,77
17-nov-2011;327,34;47,10
16-nov-2011;332,68;47,63
15-nov-2011;334,04;47,57
14-nov-2011;332,7;47,58
11-nov-2011;333,86;48,20
10-nov-2011;334,47;48,27
09-nov-2011;336,4;48,32
08-nov-2011;338,04;48,71
07-nov-2011;338,06;49,17
04-nov-2011;339,86;49,51
03-nov-2011;338,28;49,54
02-nov-2011;336,91;49,29
01-nov-2011;340,23;48,92
31-oct-2011;341,63;49,29
28-oct-2011;343,68;49,15
27-oct-2011;343,68;49,56
26-oct-2011;342,59;49,18
25-oct-2011;344,12;48,87
24-oct-2011;344,37;48,41
21-oct-2011;343,52;48,97
20-oct-2011;341,94;47,48
19-oct-2011;344,27;47,33
18-oct-2011;339,49;47,22
17-oct-2011;342,12;47,05
14-oct-2011;337,82;47,18
13-oct-2011;336,68;47,22
12-oct-2011;336,79;46,98
11-oct-2011;336,93;47,29
10-oct-2011;337,1;47,22
07-oct-2011;336,08;46,90
06-oct-2011;333,11;46,72
05-oct-2011;333,1;47,08
04-oct-2011;330,82;45,62
03-oct-2011;339,79;46,61
30-sept-2011;347,01;47,35
29-sept-2011;353,77;47,46
28-sept-2011;350,98;47,37
27-sept-2011;348,36;46,85
26-sept-2011;348,05;47,03
21-sept-2011;354,31;47,63
20-sept-2011;360,12;48,93
19-sept-2011;359,16;48,19
16-sept-2011;362,97;48,65
15-sept-2011;365,46;48,02
14-sept-2011;365,5;48,30
13-sept-2011;363,04;47,55
12-sept-2011;366,23;48,08
09-sept-2011;370,73;48,02
08-sept-2011;371,66;47,83
07-sept-2011;370,67;47,99
02-sept-2011;376,12;48,18
01-sept-2011;377,55;48,07
31-aug-2011;378,15;48,85
30-aug-2011;376,41;48,28
29-aug-2011;372,83;48,07
26-aug-2011;373,45;47,53
25-aug-2011;374,6;47,92
24-aug-2011;371,29;47,78
23-aug-2011;371,65;47,38
22-aug-2011;367,06;47,53
19-aug-2011;367,71;47,48
18-aug-2011;375,01;47,48
17-aug-2011;376,19;47,50
16-aug-2011;379,35;47,49
15-aug-2011;384,11;47,58
12-aug-2011;383,79;47,36
11-aug-2011;377,53;47,45
10-aug-2011;388,2;48,48
09-aug-2011;378,89;48,06
08-aug-2011;390,07;47,87
05-aug-2011;399,33;48,27
04-aug-2011;408,24;48,74
03-aug-2011;409,27;49,27
02-aug-2011;414,61;49,77
01-aug-2011;420,54;50,33
29-iul-2011;416,76;48,99
28-iul-2011;417,21;48,98
27-iul-2011;418,91;49,42
26-iul-2011;415,84;49,43
25-iul-2011;419,99;49,75
22-iul-2011;421,02;49,97
21-iul-2011;420,66;49,78
20-iul-2011;420,99;50,01
19-iul-2011;421,16;49,68
18-iul-2011;417,91;50,07
15-iul-2011;419,03;49,37
14-iul-2011;417,21;49,07
13-iul-2011;412,79;48,94
12-iul-2011;413,86;48,94
11-iul-2011;417,28;50,17
08-iul-2011;418,41;50,13
07-iul-2011;411,54;50,73
06-iul-2011;409,95;51,22
05-iul-2011;412,75;51,15
04-iul-2011;412,21;51,59
01-iul-2011;411,36;52,49
30-iun-2011;413,77;52,54
29-iun-2011;415,84;50,92
28-iun-2011;408,89;48,57
27-iun-2011;407,35;48,41
24-iun-2011;408,99;48,66
23-iun-2011;407,89;48,67
22-iun-2011;408,8;48,15
21-iun-2011;410,16;48,17
20-iun-2011;408,28;47,71
17-iun-2011;411,67;47,76
16-iun-2011;412,62;47,87
15-iun-2011;412,77;47,16
14-iun-2011;414,47;48,29
13-iun-2011;412,32;48,00
10-iun-2011;412,51;48,01
09-iun-2011;412,65;48,14
08-iun-2011;414,91;48,10
07-iun-2011;412,96;48,24
06-iun-2011;408,91;47,14
03-iun-2011;419,03;48,20
02-iun-2011;426,01;48,40
01-iun-2011;425,76;48,21
31-mai-2011;431,15;49,20
30-mai-2011;426,16;49,52
27-mai-2011;432,38;49,21
26-mai-2011;434,35;49,34
25-mai-2011;432,94;49,53
20-mai-2011;436,73;49,87
19-mai-2011;437,19;49,73
18-mai-2011;439,04;50,64
17-mai-2011;439,24;50,65
16-mai-2011;441,61;50,61
13-mai-2011;442,39;50,18
12-mai-2011;442,73;50,20
11-mai-2011;443,29;50,69
10-mai-2011;441,97;50,82
09-mai-2011;440,67;50,82
05-mai-2011;441,23;51,25
04-mai-2011;442,49;51,27
03-mai-2011;441,28;51,88
02-mai-2011;442,21;50,98
29-apr-2011;441,29;51,30
28-apr-2011;441,18;51,68
27-apr-2011;441,33;51,32
26-apr-2011;440,42;51,03
21-apr-2011;441,59;50,69
20-apr-2011;441,82;50,40
19-apr-2011;441,76;51,33
18-apr-2011;441,59;51,13
15-apr-2011;442,79;51,82
14-apr-2011;443,45;51,51
13-apr-2011;439,8;51,22
12-apr-2011;442,62;51,49
11-apr-2011;445,34;51,68
08-apr-2011;443,86;51,78
07-apr-2011;446,42;52,10
06-apr-2011;445,4;51,67
05-apr-2011;445,41;51,17
04-apr-2011;446,51;50,93
01-apr-2011;445,77;50,35
31-mar-2011;445,43;51,40
30-mar-2011;443,53;49,97
29-mar-2011;442,81;50,44
28-mar-2011;440,71;50,06
25-mar-2011;439,6;49,99
24-mar-2011;438,22;49,82
23-mar-2011;436,79;49,39
22-mar-2011;437,24;49,89
21-mar-2011;436,49;49,86
19-mar-2011;432,39;49,83
18-mar-2011;432,39;49,83
17-mar-2011;435,12;50,33
16-mar-2011;434,24;50,34
15-mar-2011;424,69;49,51
14-mar-2011;433,8;50,24
11-mar-2011;436,78;50,57
10-mar-2011;445,78;50,55
09-mar-2011;446,86;50,94
08-mar-2011;444,09;50,44
07-mar-2011;441,79;50,40
02-mar-2011;440,72;50,54
01-mar-2011;443,81;50,06
28-feb-2011;449,9;50,44
25-feb-2011;442,6;49,42
24-feb-2011;426,77;48,04
23-feb-2011;434,77;48,36
22-feb-2011;447,08;48,87
21-feb-2011;450,25;49,67
18-feb-2011;451,53;48,97
17-feb-2011;448,9;49,13
16-feb-2011;451,56;48,67
15-feb-2011;448,18;48,65
14-feb-2011;436,05;48,53
11-feb-2011;428,73;48,10
10-feb-2011;426,6;47,46
09-feb-2011;421,85;47,70
08-feb-2011;417,13;47,37
07-feb-2011;407,46;46,78
04-feb-2011;424,4;47,42
03-feb-2011;433,74;47,25
02-feb-2011;419,24;47,86
01-feb-2011;406,25;46,32
31-ian-2011;398,15;46,12
28-ian-2011;403,35;46,31
27-ian-2011;399,95;46,95
26-ian-2011;396,6;46,83
25-ian-2011;391,83;46,12
24-ian-2011;387,31;46,52
21-ian-2011;381,83;45,80
20-ian-2011;379,6;46,11
19-ian-2011;380,39;45,97
18-ian-2011;383,18;45,88
17-ian-2011;377,44;45,88
14-ian-2011;371,88;46,05
13-ian-2011;367,65;45,04
12-ian-2011;364,68;45,47
11-ian-2011;364,65;44,37
10-ian-2011;361,73;43,82
07-ian-2011;364,98;43,14
06-ian-2011;364,58;43,15
05-ian-2011;364,36;43,09
04-ian-2011;367,03;42,91
03-ian-2011;362,66;43,09
30-dec-2010;362,35;43,35
29-dec-2010;370,73;43,84
28-dec-2010;369,31;43,23
27-dec-2010;370,21;43,29
23-dec-2010;370,92;42,55
22-dec-2010;369,7;42,95
21-dec-2010;363,03;42,53
20-dec-2010;361,54;42,43
17-dec-2010;360,6;42,38
16-dec-2010;360,12;42,57
15-dec-2010;362,06;42,99
14-dec-2010;361,72;42,91
13-dec-2010;359,9;42,38
10-dec-2010;359,73;41,89
09-dec-2010;358,56;41,27
08-dec-2010;356,41;42,05
07-dec-2010;355,59;42,05
06-dec-2010;354,39;41,32
03-dec-2010;352,77;40,55
02-dec-2010;352,36;41,16
01-dec-2010;357,15;41,58
30-nov-2010;356,19;41,50
29-nov-2010;358,67;40,23
26-nov-2010;361,02;40,54
25-nov-2010;360,13;40,62
24-nov-2010;356,35;40,29
23-nov-2010;353,79;40,51
22-nov-2010;351,56;40,55
19-nov-2010;348,75;39,62
18-nov-2010;348,1;39,33
17-nov-2010;346,2;39,10
16-nov-2010;344,36;39,27
15-nov-2010;344,2;39,40
12-nov-2010;344,58;39,04
11-nov-2010;345,92;39,26
10-nov-2010;348,71;39,65
09-nov-2010;347,39;39,73
08-nov-2010;342,98;39,71
05-nov-2010;341,04;39,48
04-nov-2010;342,3;38,94
03-nov-2010;343,97;38,95
02-nov-2010;353;39,73
01-nov-2010;361,21;42,10
29-oct-2010;354,57;41,99
28-oct-2010;359,39;42,04
27-oct-2010;345,96;41,29
26-oct-2010;345,23;41,23
25-oct-2010;342,71;41,28
22-oct-2010;344,01;40,80
21-oct-2010;346,39;40,79
20-oct-2010;354,45;41,51
19-oct-2010;361,74;41,88
18-oct-2010;363,07;41,84
15-oct-2010;365,09;41,51
14-oct-2010;367,23;41,41
13-oct-2010;372,28;41,72
12-oct-2010;369,36;41,48
11-oct-2010;369,83;41,52
08-oct-2010;369,68;41,41
07-oct-2010;373,64;41,39
06-oct-2010;376,46;42,02
05-oct-2010;372,59;41,76
04-oct-2010;381,41;41,87
01-oct-2010;384,95;41,89
30-sept-2010;387,12;41,84
29-sept-2010;387,98;40,30
28-sept-2010;388,1;40,59
27-sept-2010;387,68;40,63
24-sept-2010;383,74;41,40
23-sept-2010;387,52;41,31
21-sept-2010;391,75;41,19
20-sept-2010;392,76;41,18
17-sept-2010;392,06;41,15
16-sept-2010;398,78;41,68
15-sept-2010;397,74;41,12
14-sept-2010;396,54;40,84
13-sept-2010;393,53;41,14
10-sept-2010;391,59;40,88
09-sept-2010;392,24;41,03
08-sept-2010;392,16;40,77
07-sept-2010;391,55;40,91
03-sept-2010;392,81;41,16
02-sept-2010;391,52;40,99
01-sept-2010;391,72;40,65
31-aug-2010;388,95;40,70
30-aug-2010;387,23;40,91
27-aug-2010;387,13;40,99
26-aug-2010;387,18;40,99
25-aug-2010;383,48;40,65
24-aug-2010;385,11;40,65
23-aug-2010;385,82;40,59
20-aug-2010;389,11;40,59
19-aug-2010;392,38;40,63
18-aug-2010;395,28;40,39
17-aug-2010;391,77;40,88
16-aug-2010;393,44;41,08
13-aug-2010;397,2;40,56
12-aug-2010;394,67;40,12
11-aug-2010;394,47;40,34
10-aug-2010;393,04;40,13
09-aug-2010;392,39;40,41
06-aug-2010;392,45;41,15
05-aug-2010;386,49;41,04
04-aug-2010;380,11;39,51
03-aug-2010;374,72;39,73
02-aug-2010;371,37;39,78
30-iul-2010;370,01;39,79
29-iul-2010;365,49;39,58
28-iul-2010;362,65;38,34
27-iul-2010;358,83;38,65
26-iul-2010;358,7;38,98
23-iul-2010;361,48;38,99
22-iul-2010;359;38,84
21-iul-2010;359,99;38,77
20-iul-2010;359,06;38,95
19-iul-2010;360;39,05
16-iul-2010;361,72;38,89
15-iul-2010;364,9;38,89
14-iul-2010;364,82;38,48
13-iul-2010;361,59;38,57
12-iul-2010;361,44;38,55
09-iul-2010;363,09;38,51
08-iul-2010;362,52;38,51
07-iul-2010;360,41;38,52
06-iul-2010;365,24;38,16
05-iul-2010;366,45;38,38
02-iul-2010;370,7;38,40
01-iul-2010;371,46;38,65
30-iun-2010;373,02;38,53
29-iun-2010;371,22;38,60
28-iun-2010;371,61;38,93
25-iun-2010;373,03;38,21
24-iun-2010;372,61;38,61
23-iun-2010;373,47;38,63
22-iun-2010;372,38;38,58
21-iun-2010;374,01;38,83
18-iun-2010;373,44;38,52
17-iun-2010;373,35;39,18
16-iun-2010;376,27;39,17
15-iun-2010;375,06;38,59
14-iun-2010;373,69;38,25
11-iun-2010;373,41;38,52
10-iun-2010;371,99;38,73
09-iun-2010;371,64;38,39
08-iun-2010;371,28;38,54
07-iun-2010;371,25;39,14
04-iun-2010;375,87;38,90
03-iun-2010;377,67;39,01
02-iun-2010;373,54;39,17
01-iun-2010;374,19;39,74
31-mai-2010;381,68;39,68
28-mai-2010;382,31;39,71
27-mai-2010;378,13;39,54
26-mai-2010;372,72;39,18
25-mai-2010;365,21;38,34
21-mai-2010;377,01;38,40
20-mai-2010;379,28;38,78
19-mai-2010;390,39;39,26
18-mai-2010;392,76;39,56
17-mai-2010;393,25;40,38
14-mai-2010;401,55;40,46
13-mai-2010;405,58;41,19
12-mai-2010;407,5;41,60
11-mai-2010;407,99;41,10
10-mai-2010;408,81;41,08
05-mai-2010;410,5;41,26
04-mai-2010;414,06;41,79
03-mai-2010;413,1;41,73
30-apr-2010;416,96;42,41
29-apr-2010;417,04;42,01
28-apr-2010;417,75;41,86
27-apr-2010;419,2;42,24
26-apr-2010;421,06;42,03
23-apr-2010;423,51;41,73
22-apr-2010;421,95;42,10
21-apr-2010;419,09;42,32
20-apr-2010;422,25;42,38
19-apr-2010;420,42;42,52
16-apr-2010;423,63;42,43
15-apr-2010;426,58;42,47
14-apr-2010;425,57;42,48
13-apr-2010;425,49;42,66
12-apr-2010;425,53;42,79
09-apr-2010;423,36;42,62
08-apr-2010;422,97;42,91
07-apr-2010;424,38;43,06
06-apr-2010;423,01;43,23
01-apr-2010;420,44;43,22
31-mar-2010;421,44;43,24
30-mar-2010;418,58;43,34
29-mar-2010;418,8;42,09
26-mar-2010;418,79;42,70
25-mar-2010;418,04;42,54
24-mar-2010;418,64;42,70
23-mar-2010;421,94;43,44
22-mar-2010;419,77;43,58
19-mar-2010;423,21;43,45
18-mar-2010;420,65;43,20
17-mar-2010;421,49;43,28
16-mar-2010;419,51;43,67
15-mar-2010;420,16;43,59
12-mar-2010;419,39;43,62
11-mar-2010;419,2;43,86
10-mar-2010;421,99;43,68
09-mar-2010;421,79;43,77
08-mar-2010;424,53;44,05
05-mar-2010;425,84;44,09
04-mar-2010;424,94;44,08
02-mar-2010;422,88;44,09
01-mar-2010;425,3;44,36
26-feb-2010;423,78;44,63
25-feb-2010;426,21;44,76
24-feb-2010;425,48;44,60
23-feb-2010;424,36;44,62
22-feb-2010;428,68;45,38
19-feb-2010;430,51;45,49
18-feb-2010;429,48;45,43
17-feb-2010;428,73;45,54
16-feb-2010;436,8;45,53
15-feb-2010;436,4;45,49
12-feb-2010;440,58;45,62
11-feb-2010;439,55;45,63
10-feb-2010;439,86;45,61
09-feb-2010;436,68;45,07
08-feb-2010;437,64;45,39
05-feb-2010;436,53;45,67
04-feb-2010;441,37;46,18
03-feb-2010;444,87;46,03
02-feb-2010;440,44;46,12
01-feb-2010;436,79;46,31
29-ian-2010;435,5;46,39
28-ian-2010;434,03;46,43
27-ian-2010;432,29;46,66
26-ian-2010;429,42;46,58
25-ian-2010;429,1;46,46
22-ian-2010;432,95;46,73
21-ian-2010;435,28;46,49
20-ian-2010;436,5;47,01
19-ian-2010;433,52;46,82
18-ian-2010;433,7;47,17
15-ian-2010;435,84;47,28
14-ian-2010;436,42;47,51
13-ian-2010;433,34;47,58
12-ian-2010;433,13;47,59
11-ian-2010;437,99;47,52
08-ian-2010;430,85;48,03
07-ian-2010;428,65;47,66
06-ian-2010;423,6;47,66
05-ian-2010;425,13;47,65
04-ian-2010;426,95;48,12
